attendance,reporting_status,venue_name,venue_type,venue_capacity,continent,country,city,show_nights,artist_name,gender,generation,members,company,years_since_debut,artist_age_bucket,artist_country
7493.0,parcial,Jamsil Indoor Stadium,arena,11069.0,Asia,South Korea,Seoul,2,aespa,female,4,4,"SM,KAKAO",2,rookie,aespa_South Korea
,unreported,Osaka-jō Hall,arena,16000.0,Asia,Japan,Osaka,4,aespa,female,4,4,"SM,KAKAO",2,rookie,aespa_Japan
,unreported,Yoyogi National Gymnasium,arena,12898.0,Asia,Japan,Tokyo,2,aespa,female,4,4,"SM,KAKAO",2,rookie,aespa_Japan
,unreported,Saitama Super Arena,arena,22500.0,Asia,Japan,Saitama,2,aespa,female,4,4,"SM,KAKAO",2,rookie,aespa_Japan
,unreported,Nippon Gaishi Hall,arena,10000.0,Asia,Japan,Nagoya,2,aespa,female,4,4,"SM,KAKAO",2,rookie,aespa_Japan
,unreported,ICE BSD,concert hall,,Asia,Indonesia,Tangerang,1,aespa,female,4,4,"SM,KAKAO",2,rookie,aespa_Indonesia
,unreported,IMPACT Thunder Dome,concert hall,3500.0,Asia,Thailand,Bangkok,2,aespa,female,4,4,"SM,KAKAO",2,rookie,aespa_Thailand
,unreported,Tokyo Dome,stadium,55000.0,Asia,Japan,Tokyo,2,aespa,female,4,4,"SM,KAKAO",2,rookie,aespa_Japan
9452.0,reported,Crypto.com Arena,stadium,20000.0,North America,United States,Los Angeles,1,aespa,female,4,4,"SM,KAKAO",2,rookie,aespa_United States
,unreported,Toyota Music Factory,theater,4000.0,North America,United States,Irving,1,aespa,female,4,4,"SM,KAKAO",2,rookie,aespa_United States
,unreported,James L. Knight Center,theater,4605.0,North America,United States,Miami,1,aespa,female,4,4,"SM,KAKAO",2,rookie,aespa_United States
3593.0,reported,Fox Theatre,theater,4665.0,North America,United States,Atlanta,1,aespa,female,4,4,"SM,KAKAO",2,rookie,aespa_United States
2900.0,reported,The Theater at MGM National Harbor,theater,,North America,United States,Oxon Hill,1,aespa,female,4,4,"SM,KAKAO",2,rookie,aespa_United States
3948.0,reported,Rosemont Theatre,theater,4400.0,North America,United States,Rosemont,1,aespa,female,4,4,"SM,KAKAO",2,rookie,aespa_United States
4061.0,reported,MGM Music Hall,concert hall,5007.0,North America,United States,Boston,1,aespa,female,4,4,"SM,KAKAO",2,rookie,aespa_United States
6654.0,reported,Barclays Center,arena,20000.0,North America,United States,New York,1,aespa,female,4,4,"SM,KAKAO",2,rookie,aespa_United States
8550.0,reported,Palacio de los Deportes,arena,26000.0,North America,Mexico,Mexico City,1,aespa,female,4,4,"SM,KAKAO",2,rookie,aespa_Mexico
,unreported,Espaço Unimed,concert hall,8000.0,South America,Brazil,São Paulo,1,aespa,female,4,4,"SM,KAKAO",2,rookie,aespa_Brazil
4151.0,reported,Teatro Caupolicán,theater,4500.0,South America,Chile,Santiago,1,aespa,female,4,4,"SM,KAKAO",2,rookie,aespa_Chile
,unreported,Columbiahalle,concert hall,4900.0,Europe,Germany,Berlin,1,aespa,female,4,4,"SM,KAKAO",2,rookie,aespa_Germany
,unreported,The O2 Arena,arena,20000.0,Europe,England,London,1,aespa,female,4,4,"SM,KAKAO",2,rookie,aespa_England
,unreported,Dôme,concert hall,4600.0,Europe,France,Paris,1,aespa,female,4,4,"SM,KAKAO",2,rookie,aespa_France
12600.0,reported,Jamsil Indoor Stadium,arena,11069.0,Asia,South Korea,Seoul,2,aespa,female,4,4,"SM,KAKAO",3,growing,aespa_South Korea
10293.0,reported,Marine Messe,arena,15000.0,Asia,Japan,Fukuoka,1,aespa,female,4,4,"SM,KAKAO",3,growing,aespa_Japan
15997.0,reported,Aichi Sky Expo,concert hall,10000.0,Asia,Japan,Nagoya,2,aespa,female,4,4,"SM,KAKAO",3,growing,aespa_Japan
38281.0,reported,Saitama Super Arena,arena,22500.0,Asia,Japan,Saitama,2,aespa,female,4,4,"SM,KAKAO",3,growing,aespa_Japan
,unreported,Singapore Indoor Stadium,arena,9000.0,Asia,Singapore,Singapore,1,aespa,female,4,4,"SM,KAKAO",3,growing,aespa_Singapore
25872.0,reported,Asue Arena,arena,16000.0,Asia,Japan,Osaka,2,aespa,female,4,4,"SM,KAKAO",3,growing,aespa_Japan
12155.0,reported,Marine Messe,arena,15000.0,Asia,Japan,Fukuoka,2,aespa,female,4,4,"SM,KAKAO",3,growing,aespa_Japan
,unreported,AsiaWorld–Expo,arena,14000.0,Asia,Hong Kong,Hong Kong,2,aespa,female,4,4,"SM,KAKAO",3,growing,aespa_Hong Kong
,unreported,NTSU Arena,arena,15000.0,Asia,Taiwan,Taoyuan,3,aespa,female,4,4,"SM,KAKAO",3,growing,aespa_Taiwan
93639.0,reported,Tokyo Dome,stadium,55000.0,Asia,Japan,Tokyo,2,aespa,female,4,4,"SM,KAKAO",3,growing,aespa_Japan
,unreported,Beach City International Stadium,arena,15000.0,Asia,Indonesia,Jakarta,1,aespa,female,4,4,"SM,KAKAO",3,growing,aespa_Indonesia
20053.0,reported,Qudos Bank Arena,arena,18000.0,Oceania,Australia,Sydney,2,aespa,female,4,4,"SM,KAKAO",3,growing,aespa_Australia
10783.0,reported,Rod Laver Arena,arena,14820.0,Oceania,Australia,Melbourne,1,aespa,female,4,4,"SM,KAKAO",3,growing,aespa_Australia
,unreported,Studio City,concert hall,,Asia,Macau,Macau,2,aespa,female,4,4,"SM,KAKAO",3,growing,aespa_Macau
,unreported,IMPACT Arena,arena,12000.0,Asia,Thailand,Bangkok,2,aespa,female,4,4,"SM,KAKAO",3,growing,aespa_Thailand
5134.0,reported,accesso ShoWare Center,arena,7141.0,North America,United States,Kent,1,aespa,female,4,4,"SM,KAKAO",4,growing,aespa_United States
11975.0,reported,Oakland Arena,arena,19596.0,North America,United States,Oakland,1,aespa,female,4,4,"SM,KAKAO",4,growing,aespa_United States
12170.0,reported,Kia Forum,arena,17500.0,North America,United States,Inglewood,1,aespa,female,4,4,"SM,KAKAO",4,growing,aespa_United States
10287.0,reported,Palacio de los Deportes,arena,26000.0,North America,Mexico,Mexico City,1,aespa,female,4,4,"SM,KAKAO",4,growing,aespa_Mexico
10784.0,reported,Kia Center,arena,17030.0,North America,United States,Orlando,1,aespa,female,4,4,"SM,KAKAO",4,growing,aespa_United States
11384.0,reported,Spectrum Center,arena,18504.0,North America,United States,Charlotte,1,aespa,female,4,4,"SM,KAKAO",4,growing,aespa_United States
11504.0,reported,Prudential Center,arena,17000.0,North America,United States,Newark,1,aespa,female,4,4,"SM,KAKAO",4,growing,aespa_United States
10755.0,reported,Scotiabank Arena,arena,19800.0,North America,Canada,Toronto,1,aespa,female,4,4,"SM,KAKAO",4,growing,aespa_Canada
13077.0,reported,United Center,arena,23500.0,North America,United States,Chicago,1,aespa,female,4,4,"SM,KAKAO",4,growing,aespa_United States
9192.0,reported,Wembley Arena,arena,12500.0,Europe,England,London,1,aespa,female,4,4,"SM,KAKAO",4,growing,aespa_England
,unreported,Zénith,arena,9000.0,Europe,France,Paris,1,aespa,female,4,4,"SM,KAKAO",4,growing,aespa_France
4000.0,reported,AFAS Live,concert hall,6000.0,Europe,Netherlands,Amsterdam,1,aespa,female,4,4,"SM,KAKAO",4,growing,aespa_Netherlands
3045.0,reported,Centennial Hall ,concert hall,4800.0,Europe,Germany,Frankfurt,1,aespa,female,4,4,"SM,KAKAO",4,growing,aespa_Germany
8100.0,reported,Movistar Arena,arena,15000.0,Europe,Spain,Madrid,1,aespa,female,4,4,"SM,KAKAO",4,growing,aespa_Spain
19855.0,parcial,KSPO Dome,arena,15000.0,Asia,South Korea,Seoul,2,aespa,female,4,4,"SM,KAKAO",4,growing,aespa_South Korea
29092.0,parcial,KSPO Dome,arena,15000.0,Asia,South Korea,Seoul,3,aespa,female,4,4,"SM,KAKAO",4,growing,aespa_South Korea
,unreported,Marine Messe,arena,15000.0,Asia,Japan,Fukuoka,2,aespa,female,4,4,"SM,KAKAO",4,growing,aespa_Japan
,unreported,Ariake Arena,arena,15000.0,Asia,Japan,Tokyo,3,aespa,female,4,4,"SM,KAKAO",4,growing,aespa_Japan
,unreported,Aichi International Arena,arena,17000.0,Asia,Japan,Nagoya,2,aespa,female,4,4,"SM,KAKAO",4,growing,aespa_Japan
,unreported,Yoyogi National Gymnasium,arena,12898.0,Asia,Japan,Tokyo,2,aespa,female,4,4,"SM,KAKAO",4,growing,aespa_Japan
,unreported,IMPACT Arena,arena,12000.0,Asia,Thailand,Bangkok,2,aespa,female,4,4,"SM,KAKAO",4,growing,aespa_Thailand
,unreported,Osaka-jō Hall,arena,16000.0,Asia,Japan,Osaka,2,aespa,female,4,4,"SM,KAKAO",5,growing,aespa_Japan
,unreported,AsiaWorld–Expo,arena,14000.0,Asia,Hong Kong,Hong Kong,2,aespa,female,4,4,"SM,KAKAO",5,growing,aespa_Hong Kong
,unreported,Galaxy Arena,arena,16000.0,Asia,Macau,Macau,2,aespa,female,4,4,"SM,KAKAO",5,growing,aespa_Macau
,unreported,ICE BSD,concert hall,,Asia,Indonesia,Tangerang,1,aespa,female,4,4,"SM,KAKAO",5,growing,aespa_Indonesia
,unreported,Kyocera Dome,stadium,55000.0,Asia,Japan,Osaka,2,aespa,female,4,4,"SM,KAKAO",5,growing,aespa_Japan
,unreported,Tokyo Dome,stadium,55000.0,Asia,Japan,Tokyo,2,aespa,female,4,4,"SM,KAKAO",5,growing,aespa_Japan
,unreported,Gocheok Sky Dome,stadium,16744.0,Asia,South Korea,Seoul,2,aespa,female,4,4,"SM,KAKAO",5,growing,aespa_South Korea
,unreported,Taipei Dome,stadium,59833.0,Asia,Taiwan,Taipei,1,aespa,female,4,4,"SM,KAKAO",5,growing,aespa_Taiwan
,unreported,Mercado Livre Arena Pacaembu,stadium,40000.0,South America,Brazil,São Paulo,1,aespa,female,4,4,"SM,KAKAO",5,growing,aespa_Brazil
,unreported,Movistar Arena,arena,15500.0,South America,Chile,Santiago,1,aespa,female,4,4,"SM,KAKAO",5,growing,aespa_Chile
,unreported,Costa 21,concert hall,30000.0,South America,Peru,Lima,1,aespa,female,4,4,"SM,KAKAO",5,growing,aespa_Peru
,unreported,Palacio de los Deportes,arena,26000.0,North America,Mexico,Mexico City,1,aespa,female,4,4,"SM,KAKAO",5,growing,aespa_Mexico
,unreported,TD Coliseum,arena,18000.0,North America,Canada,Hamilton,1,aespa,female,4,4,"SM,KAKAO",5,growing,aespa_Canada
5494.0,parcial,UBS Arena,arena,19000.0,North America,United States,New York,1,aespa,female,4,4,"SM,KAKAO",5,growing,aespa_United States
5060.0,parcial,Capital One Arena,arena,20356.0,North America,United States,Washington,1,aespa,female,4,4,"SM,KAKAO",5,growing,aespa_United States
5806.0,parcial,State Farm Arena,arena,18000.0,North America,United States,Atlanta,1,aespa,female,4,4,"SM,KAKAO",5,growing,aespa_United States
6767.0,parcial,Kaseya Center,arena,20000.0,North America,United States,Miami,1,aespa,female,4,4,"SM,KAKAO",5,growing,aespa_United States
7430.0,unreported,American Airlines Center,arena,21000.0,North America,United States,Dallas,1,aespa,female,4,4,"SM,KAKAO",5,growing,aespa_United States
9187.0,unreported,Intuit Dome,arena,18300.0,North America,United States,Inglewood,1,aespa,female,4,4,"SM,KAKAO",5,growing,aespa_United States
,unreported,Oakland Arena,arena,19596.0,North America,United States,Oakland,1,aespa,female,4,4,"SM,KAKAO",5,growing,aespa_United States
,unreported,Climate Pledge Arena,arena,17200.0,North America,United States,Seattle,1,aespa,female,4,4,"SM,KAKAO",5,growing,aespa_United States
,unreported,Rogers Arena,arena,19000.0,North America,Canada,Vancouver,1,aespa,female,4,4,"SM,KAKAO",5,growing,aespa_Canada
,unreported,AO Arena,arena,21000.0,Europe,England,Manchester,1,aespa,female,4,4,"SM,KAKAO",6,established,aespa_England
,unreported,The O2 Arena,arena,20000.0,Europe,England,London,1,aespa,female,4,4,"SM,KAKAO",6,established,aespa_England
,unreported,Ziggo Dome,arena,17000.0,Europe,Netherlands,Amsterdam,1,aespa,female,4,4,"SM,KAKAO",6,established,aespa_Netherlands
,unreported,Avicii Arena,arena,16000.0,Europe,Sweden,Stockholm,1,aespa,female,4,4,"SM,KAKAO",6,established,aespa_Sweden
,unreported,Royal Arena,arena,17000.0,Europe,Denmark,Copenhagen,1,aespa,female,4,4,"SM,KAKAO",6,established,aespa_Denmark
,unreported,Uber Arena,arena,17000.0,Europe,Germany,Berlin,1,aespa,female,4,4,"SM,KAKAO",6,established,aespa_Germany
,unreported,Unipol Dome,arena,16000.0,Europe,Italy,Milan,1,aespa,female,4,4,"SM,KAKAO",6,established,aespa_Italy
,unreported,Palau Sant Jordi,arena,17960.0,Europe,Spain,Barcelona,1,aespa,female,4,4,"SM,KAKAO",6,established,aespa_Spain
,unreported,Accor Arena,arena,20300.0,Europe,France,Paris,1,aespa,female,4,4,"SM,KAKAO",6,established,aespa_France
16706.0,parcial,KSPO Dome,arena,15000.0,Asia,South Korea,Seoul,2,BABYMONSTER,female,5,7,YG,0,rookie,BABYMONSTER_South Korea
,unreported,Prudential Center,arena,17000.0,North America,United States,Newark,1,BABYMONSTER,female,5,7,YG,0,rookie,BABYMONSTER_United States
,unreported,Kia Forum,arena,17500.0,North America,United States,Inglewood,1,BABYMONSTER,female,5,7,YG,0,rookie,BABYMONSTER_United States
24918.0,reported,Pia Arena MM,arena,12141.0,Asia,Japan,Yokohama,3,BABYMONSTER,female,5,7,YG,0,rookie,BABYMONSTER_Japan
,unreported,Portmesse Nagoya,concert hall,15000.0,Asia,Japan,Nagoya,2,BABYMONSTER,female,5,7,YG,0,rookie,BABYMONSTER_Japan
,unreported,Asue Arena,arena,16000.0,Asia,Japan,Osaka,2,BABYMONSTER,female,5,7,YG,1,rookie,BABYMONSTER_Japan
40936.0,reported,K-Arena Yokohama,arena,20000.0,Asia,Japan,Yokohama,3,BABYMONSTER,female,5,7,YG,1,rookie,BABYMONSTER_Japan
,unreported,Fukuoka Kokusai Center,arena,10000.0,Asia,Japan,Fukuoka,2,BABYMONSTER,female,5,7,YG,1,rookie,BABYMONSTER_Japan
,unreported,Singapore Indoor Stadium,arena,9000.0,Asia,Singapore,Singapore,1,BABYMONSTER,female,5,7,YG,1,rookie,BABYMONSTER_Singapore
,unreported,AsiaWorld–Expo,arena,14000.0,Asia,Hong Kong,Hong Kong,2,BABYMONSTER,female,5,7,YG,1,rookie,BABYMONSTER_Hong Kong
,unreported,Saigon Exhibition and Convention Center,concert hall,2000.0,Asia,Vietnam,Ho Chi Minh City,1,BABYMONSTER,female,5,7,YG,1,rookie,BABYMONSTER_Vietnam
,unreported,IMPACT Arena,arena,12000.0,Asia,Thailand,Bangkok,2,BABYMONSTER,female,5,7,YG,1,rookie,BABYMONSTER_Thailand
,unreported,ICE BSD,concert hall,,Asia,Indonesia,Tangerang,1,BABYMONSTER,female,5,7,YG,1,rookie,BABYMONSTER_Indonesia
,unreported,Unifi Arena,arena,11000.0,Asia,Malaysia,Kuala Lumpur,1,BABYMONSTER,female,5,7,YG,1,rookie,BABYMONSTER_Malaysia
,unreported,NTSU Arena,arena,15000.0,Asia,Taiwan,Taoyuan,2,BABYMONSTER,female,5,7,YG,1,rookie,BABYMONSTER_Taiwan
,unreported,Scotiabank Arena,arena,19800.0,North America,Canada,Toronto,1,BABYMONSTER,female,5,7,YG,1,rookie,BABYMONSTER_Canada
3636.0,reported,Allstate Arena,arena,22000.0,North America,United States,Rosemont,1,BABYMONSTER,female,5,7,YG,1,rookie,BABYMONSTER_United States
5083.0,reported,State Farm Arena,arena,18000.0,North America,United States,Atlanta,1,BABYMONSTER,female,5,7,YG,1,rookie,BABYMONSTER_United States
5886.0,reported,Dickies Arena,arena,14000.0,North America,United States,Fort Worth,1,BABYMONSTER,female,5,7,YG,1,rookie,BABYMONSTER_United States
6336.0,reported,Oakland Arena,arena,19596.0,North America,United States,Oakland,1,BABYMONSTER,female,5,7,YG,1,rookie,BABYMONSTER_United States
7085.0,reported,Climate Pledge Arena,arena,17200.0,North America,United States,Seattle,1,BABYMONSTER,female,5,7,YG,1,rookie,BABYMONSTER_United States
21125.0,reported,Seoul Olympic Stadium,stadium,65599.0,Asia,South Korea,Seoul,2,BLACKPINK,female,3,4,YG,2,rookie,BLACKPINK_South Korea
29241.0,reported,IMPACT Arena,arena,12000.0,Asia,Thailand,Bangkok,3,BLACKPINK,female,3,4,YG,2,rookie,BLACKPINK_Thailand
16260.0,reported,ICE BSD,concert hall,,Asia,Indonesia,Tangerang,2,BLACKPINK,female,3,4,YG,2,rookie,BLACKPINK_Indonesia
9690.0,reported,AsiaWorld–Expo,arena,14000.0,Asia,Hong Kong,Hong Kong,1,BLACKPINK,female,3,4,YG,2,rookie,BLACKPINK_Hong Kong
8469.0,reported,SM Mall of Asia Arena,arena,15000.0,Asia,Philippines,Pasay,1,BLACKPINK,female,3,4,YG,2,rookie,BLACKPINK_Philippines
8076.0,reported,Singapore Indoor Stadium,arena,9000.0,Asia,Singapore,Singapore,1,BLACKPINK,female,3,4,YG,2,rookie,BLACKPINK_Singapore
15504.0,reported,Malawati Indoor Stadium,arena,13000.0,Asia,Malaysia,Kuala Lumpur,2,BLACKPINK,female,3,4,YG,2,rookie,BLACKPINK_Malaysia
8774.0,reported,NTSU Arena,arena,15000.0,Asia,Taiwan,Taoyuan,1,BLACKPINK,female,3,4,YG,2,rookie,BLACKPINK_Taiwan
12245.0,reported,Kia Forum,arena,17500.0,North America,United States,Inglewood,1,BLACKPINK,female,3,4,YG,2,rookie,BLACKPINK_United States
11417.0,reported,Allstate Arena,arena,22000.0,North America,United States,Rosemont,1,BLACKPINK,female,3,4,YG,2,rookie,BLACKPINK_United States
10704.0,reported,TD Coliseum,arena,18000.0,North America,Canada,Hamilton,1,BLACKPINK,female,3,4,YG,2,rookie,BLACKPINK_Canada
22944.0,reported,Prudential Center,arena,17000.0,North America,United States,Newark,2,BLACKPINK,female,3,4,YG,2,rookie,BLACKPINK_United States
9180.0,reported,Gas South Arena,arena,13100.0,North America,United States,Duluth,1,BLACKPINK,female,3,4,YG,2,rookie,BLACKPINK_United States
9107.0,reported,Fort Worth Convention Center,arena,13500.0,North America,United States,Fort Worth,1,BLACKPINK,female,3,4,YG,2,rookie,BLACKPINK_United States
,unreported,Fort Worth Convention Center,arena,13500.0,North America,United States,Fort Worth,1,BLACKPINK,female,3,4,YG,2,rookie,BLACKPINK_United States
5272.0,reported,AFAS Live,concert hall,6000.0,Europe,Netherlands,Amsterdam,1,BLACKPINK,female,3,4,YG,2,rookie,BLACKPINK_Netherlands
5424.0,reported,AO Arena,arena,21000.0,Europe,England,Manchester,1,BLACKPINK,female,3,4,YG,2,rookie,BLACKPINK_England
9968.0,reported,Wembley Arena,arena,12500.0,Europe,England,London,1,BLACKPINK,female,3,4,YG,2,rookie,BLACKPINK_England
7722.0,reported,Max-Schemeling-Halle,arena,12000.0,Europe,Germany,Berlin,1,BLACKPINK,female,3,4,YG,2,rookie,BLACKPINK_Germany
6224.0,reported,Zénith,arena,9000.0,Europe,France,Paris,1,BLACKPINK,female,3,4,YG,2,rookie,BLACKPINK_France
8344.0,reported,Palau Sant Jordi,arena,17960.0,Europe,Spain,Barcelona,1,BLACKPINK,female,3,4,YG,2,rookie,BLACKPINK_Spain
10081.0,reported,Venetian Arena,arena,14000.0,Asia,Macau,Macau,1,BLACKPINK,female,3,4,YG,2,rookie,BLACKPINK_Macau
12173.0,reported,Rod Laver Arena,arena,14820.0,Oceania,Australia,Melbourne,1,BLACKPINK,female,3,4,YG,2,rookie,BLACKPINK_Australia
14317.0,reported,Qudos Bank Arena,arena,18000.0,Oceania,Australia,Sydney,1,BLACKPINK,female,3,4,YG,2,rookie,BLACKPINK_Australia
28776.0,reported,IMPACT Arena,arena,12000.0,Asia,Thailand,Bangkok,3,BLACKPINK,female,3,4,YG,2,rookie,BLACKPINK_Thailand
50369.0,reported,Tokyo Dome,stadium,55000.0,Asia,Japan,Tokyo,1,BLACKPINK,female,3,4,YG,3,growing,BLACKPINK_Japan
81931.0,reported,Kyocera Dome,stadium,55000.0,Asia,Japan,Osaka,2,BLACKPINK,female,3,4,YG,3,growing,BLACKPINK_Japan
38846.0,reported,PayPay Dome,stadium,47500.0,Asia,Japan,Fukuoka,1,BLACKPINK,female,3,4,YG,3,growing,BLACKPINK_Japan
20060.0,reported,KSPO Dome,arena,15000.0,Asia,South Korea,Seoul,2,BLACKPINK,female,3,4,YG,6,established,BLACKPINK_South Korea
23528.0,reported,American Airlines Center,arena,21000.0,North America,United States,Dallas,2,BLACKPINK,female,3,4,YG,6,established,BLACKPINK_United States
23480.0,reported,Toyota Center,arena,19000.0,North America,United States,Houston,2,BLACKPINK,female,3,4,YG,6,established,BLACKPINK_United States
23434.0,reported,State Farm Arena,arena,18000.0,North America,United States,Atlanta,2,BLACKPINK,female,3,4,YG,6,established,BLACKPINK_United States
23990.0,reported,TD Coliseum,arena,18000.0,North America,Canada,Hamilton,2,BLACKPINK,female,3,4,YG,6,established,BLACKPINK_Canada
25582.0,reported,United Center,arena,23500.0,North America,United States,Chicago,2,BLACKPINK,female,3,4,YG,6,established,BLACKPINK_United States
23928.0,reported,Prudential Center,arena,17000.0,North America,United States,Newark,2,BLACKPINK,female,3,4,YG,6,established,BLACKPINK_United States
46295.0,reported,BMO Stadium,stadium,22000.0,North America,United States,Los Angeles,2,BLACKPINK,female,3,4,YG,6,established,BLACKPINK_United States
35440.0,reported,The O2 Arena,arena,20000.0,Europe,England,London,2,BLACKPINK,female,3,4,YG,6,established,BLACKPINK_England
17208.0,reported,Palau Sant Jordi,arena,17960.0,Europe,Spain,Barcelona,1,BLACKPINK,female,3,4,YG,6,established,BLACKPINK_Spain
15899.0,reported,Lanxess Arena,arena,20000.0,Europe,Germany,Cologne,1,BLACKPINK,female,3,4,YG,6,established,BLACKPINK_Germany
30731.0,reported,Accor Arena,arena,20300.0,Europe,France,Paris,2,BLACKPINK,female,3,4,YG,6,established,BLACKPINK_France
15525.0,reported,Royal Arena,arena,17000.0,Europe,Denmark,Copenhagen,1,BLACKPINK,female,3,4,YG,6,established,BLACKPINK_Denmark
26638.0,reported,Uber Arena,arena,17000.0,Europe,Germany,Berlin,2,BLACKPINK,female,3,4,YG,6,established,BLACKPINK_Germany
14641.0,reported,Ziggo Dome,arena,17000.0,Europe,Netherlands,Amsterdam,1,BLACKPINK,female,3,4,YG,6,established,BLACKPINK_Netherlands
66211.0,reported,Suphachalasai Stadium,stadium,35000.0,Asia,Thailand,Bangkok,2,BLACKPINK,female,3,4,YG,6,established,BLACKPINK_Thailand
32312.0,reported,AsiaWorld–Expo,arena,14000.0,Asia,Hong Kong,Hong Kong,3,BLACKPINK,female,3,4,YG,6,established,BLACKPINK_Hong Kong
26578.0,reported,Boulevard City,concert hall,,Middle East,Saudi Arabia,Riyadh,1,BLACKPINK,female,3,4,YG,6,established,BLACKPINK_Saudi Arabia
22209.0,reported,Etihad Park,amphitheater,40000.0,Middle East,United Arab Emirates,Abu Dhabi,1,BLACKPINK,female,3,4,YG,6,established,BLACKPINK_United Arab Emirates
62642.0,reported,Bukit Jalil Stadium,stadium,90000.0,Asia,Malaysia,Kuala Lumpur,1,BLACKPINK,female,3,4,YG,6,established,BLACKPINK_Malaysia
113740.0,reported,Gelora Bung Karno Main Stadium,stadium,77193.0,Asia,Indonesia,Jakarta,2,BLACKPINK,female,3,4,YG,6,established,BLACKPINK_Indonesia
101096.0,reported,National Stadium,stadium,55000.0,Asia,Taiwan,Kaohsiung,2,BLACKPINK,female,3,4,YG,6,established,BLACKPINK_Taiwan
92720.0,reported,Philippine Arena,arena,55000.0,Asia,Philippines,Bulacan,2,BLACKPINK,female,3,4,YG,6,established,BLACKPINK_Philippines
100809.0,reported,Tokyo Dome,stadium,55000.0,Asia,Japan,Tokyo,2,BLACKPINK,female,3,4,YG,6,established,BLACKPINK_Japan
113498.0,reported,Estadio GNP Seguros,stadium,65000.0,North America,Mexico,Mexico City,2,BLACKPINK,female,3,4,YG,6,established,BLACKPINK_Mexico
97977.0,reported,Singapore National Stadium,stadium,55000.0,Asia,Singapore,Singapore,2,BLACKPINK,female,3,4,YG,6,established,BLACKPINK_Singapore
23267.0,reported,Galaxy Arena,arena,16000.0,Asia,Macau,Macau,2,BLACKPINK,female,3,4,YG,6,established,BLACKPINK_Macau
81108.0,reported,Rajamangala Stadium,stadium,51560.0,Asia,Thailand,Bangkok,2,BLACKPINK,female,3,4,YG,6,established,BLACKPINK_Thailand
81996.0,reported,Kyocera Dome,stadium,55000.0,Asia,Japan,Osaka,2,BLACKPINK,female,3,4,YG,6,established,BLACKPINK_Japan
23145.0,reported,Rod Laver Arena,arena,14820.0,Oceania,Australia,Melbourne,2,BLACKPINK,female,3,4,YG,6,established,BLACKPINK_Australia
25926.0,reported,Qudos Bank Arena,arena,18000.0,Oceania,Australia,Sydney,2,BLACKPINK,female,3,4,YG,6,established,BLACKPINK_Australia
,unreported,,,,Oceania,New Zealand,Auckland,1,BLACKPINK,female,3,4,YG,6,established,BLACKPINK_New Zealand
52781.0,reported,Stade de France,stadium,81338.0,Europe,France,Paris,1,BLACKPINK,female,3,4,YG,6,established,BLACKPINK_France
67443.0,reported,Mỹ Đình National Stadium,stadium,50000.0,Asia,Vietnam,Hanoi,2,BLACKPINK,female,3,4,YG,6,established,BLACKPINK_Vietnam
96570.0,reported,MetLife Stadium,stadium,82500.0,North America,United States,East Rutherford,2,BLACKPINK,female,3,4,YG,7,established,BLACKPINK_United States
44171.0,reported,Allegiant Stadium,stadium,65000.0,North America,United States,Las Vegas,1,BLACKPINK,female,3,4,YG,7,established,BLACKPINK_United States
38390.0,reported,Oracle Park,stadium,45000.0,North America,United States,San Francisco,1,BLACKPINK,female,3,4,YG,7,established,BLACKPINK_United States
48824.0,reported,Dodger Stadium,stadium,56000.0,North America,United States,Los Angeles,1,BLACKPINK,female,3,4,YG,7,established,BLACKPINK_United States
35391.0,reported,Gocheok Sky Dome,stadium,16744.0,Asia,South Korea,Seoul,2,BLACKPINK,female,3,4,YG,7,established,BLACKPINK_South Korea
75340.0,parcial,Goyang Stadium,stadium,41311.0,Asia,South Korea,Goyang,2,BLACKPINK,female,3,4,YG,8,established,BLACKPINK_South Korea
89981.0,parcial,SoFi Stadium,stadium,70240.0,North America,United States,Inglewood,2,BLACKPINK,female,3,4,YG,8,established,BLACKPINK_United States
48915.0,parcial,Soldier Field,stadium,62500.0,North America,United States,Chicago,1,BLACKPINK,female,3,4,YG,8,established,BLACKPINK_United States
,unreported,Rogers Stadium,stadium,50000.0,North America,Canada,Toronto,2,BLACKPINK,female,3,4,YG,8,established,BLACKPINK_Canada
73608.0,parcial,Citi Field,stadium,41922.0,North America,United States,New York,2,BLACKPINK,female,3,4,YG,8,established,BLACKPINK_United States
,unreported,Stade de France,stadium,81338.0,Europe,France,Paris,2,BLACKPINK,female,3,4,YG,8,established,BLACKPINK_France
,unreported,Ippodromo La Maura,stadium,80000.0,Europe,Italy,Milan,1,BLACKPINK,female,3,4,YG,8,established,BLACKPINK_Italy
,unreported,Estadi Olímpic Lluís Companys,stadium,55926.0,Europe,Spain,Barcelona,1,BLACKPINK,female,3,4,YG,9,established,BLACKPINK_Spain
,unreported,Wembley Stadium,stadium,90000.0,Europe,England,London,2,BLACKPINK,female,3,4,YG,9,established,BLACKPINK_England
,unreported,National Stadium,stadium,55000.0,Asia,Taiwan,Kaohsiung,2,BLACKPINK,female,3,4,YG,9,established,BLACKPINK_Taiwan
,unreported,Rajamangala Stadium,stadium,51560.0,Asia,Thailand,Bangkok,3,BLACKPINK,female,3,4,YG,9,established,BLACKPINK_Thailand
,unreported,Gelora Bung Karno Main Stadium,stadium,77193.0,Asia,Indonesia,Jakarta,2,BLACKPINK,female,3,4,YG,9,established,BLACKPINK_Indonesia
,unreported,Philippine Arena,arena,55000.0,Asia,Philippines,Bulacan,2,BLACKPINK,female,3,4,YG,9,established,BLACKPINK_Philippines
,unreported,Singapore National Stadium,stadium,55000.0,Asia,Singapore,Singapore,3,BLACKPINK,female,3,4,YG,9,established,BLACKPINK_Singapore
,unreported,Tokyo Dome,stadium,55000.0,Asia,Japan,Tokyo,3,BLACKPINK,female,3,4,YG,9,established,BLACKPINK_Japan
,unreported,Kai Tak Stadium,stadium,45995.0,Asia,Hong Kong,Hong Kong,3,BLACKPINK,female,3,4,YG,9,established,BLACKPINK_Hong Kong
9869.0,missing,Jamsil Indoor Stadium,arena,11069.0,Asia,South Korea,Seoul,2,i-dle,female,4,5,Cube,5,growing,i-dle_South Korea
,unreported,Taipei Arena,stadium,13000.0,Asia,Taiwan,Taipei,2,i-dle,female,4,5,Cube,5,growing,i-dle_Taiwan
,unreported,IMPACT Thunder Dome,concert hall,3500.0,Asia,Thailand,Bangkok,1,i-dle,female,4,5,Cube,5,growing,i-dle_Thailand
,unreported,AsiaWorld–Expo,arena,14000.0,Asia,Hong Kong,Hong Kong,2,i-dle,female,4,5,Cube,5,growing,i-dle_Hong Kong
5244.0,reported,Bill Graham Civic Auditorium,arena,8500.0,North America,United States,San Francisco,1,i-dle,female,4,5,Cube,5,growing,i-dle_United States
6360.0,reported,Peacock Theater,arena,7100.0,North America,United States,Los Angeles,1,i-dle,female,4,5,Cube,5,growing,i-dle_United States
,unreported,Texas Trust CU Theatre,concert hall,6350.0,North America,United States,Grand Prairie,1,i-dle,female,4,5,Cube,5,growing,i-dle_United States
5175.0,reported,The Theater,theater,5600.0,North America,United States,New York,1,i-dle,female,4,5,Cube,5,growing,i-dle_United States
2732.0,unreported,Fox Theatre,theater,4665.0,North America,United States,Atlanta,1,i-dle,female,4,5,Cube,5,growing,i-dle_United States
4292.0,reported,Rosemont Theatre,theater,4400.0,North America,United States,Rosemont,1,i-dle,female,4,5,Cube,5,growing,i-dle_United States
9438.0,unreported,Wembley Arena,arena,12500.0,Europe,England,London,1,i-dle,female,4,5,Cube,5,growing,i-dle_England
,unreported,AFAS Live,concert hall,6000.0,Europe,Netherlands,Amsterdam,1,i-dle,female,4,5,Cube,5,growing,i-dle_Netherlands
,unreported,Zénith,arena,9000.0,Europe,France,Paris,1,i-dle,female,4,5,Cube,5,growing,i-dle_France
8232.0,reported,Forest National,arena,8400.0,Europe,Belgium,Brussels,1,i-dle,female,4,5,Cube,5,growing,i-dle_Belgium
,unreported,Uber Eats Music Hall,concert hall,4500.0,Europe,Germany,Berlin,2,i-dle,female,4,5,Cube,5,growing,i-dle_Germany
,unreported,Tachikawa Stage Garden,concert hall,2448.0,Asia,Japan,Tokyo,2,i-dle,female,4,5,Cube,5,growing,i-dle_Japan
,unreported,Galaxy Arena,arena,16000.0,Asia,Macau,Macau,2,i-dle,female,4,5,Cube,5,growing,i-dle_Macau
,unreported,Singapore Indoor Stadium,arena,9000.0,Asia,Singapore,Singapore,1,i-dle,female,4,5,Cube,5,growing,i-dle_Singapore
15425.0,parcial,KSPO Dome,arena,15000.0,Asia,South Korea,Seoul,2,i-dle,female,4,5,Cube,6,established,i-dle_South Korea
,unreported,AsiaWorld–Expo,arena,14000.0,Asia,Hong Kong,Hong Kong,3,i-dle,female,4,5,Cube,6,established,i-dle_Hong Kong
5322.0,parcial,Tacoma Dome,arena,21000.0,North America,United States,Tacoma,1,i-dle,female,4,5,Cube,6,established,i-dle_United States
,unreported,Oakland Arena,arena,19596.0,North America,United States,Oakland,1,i-dle,female,4,5,Cube,6,established,i-dle_United States
7177.0,parcial,Honda Center,theater,10935.0,North America,United States,Anaheim,1,i-dle,female,4,5,Cube,6,established,i-dle_United States
,unreported,Toyota Center,arena,19000.0,North America,United States,Houston,1,i-dle,female,4,5,Cube,6,established,i-dle_United States
7027.0,parcial,Allstate Arena,arena,22000.0,North America,United States,Rosemont,1,i-dle,female,4,5,Cube,6,established,i-dle_United States
5475.0,parcial,UBS Arena,arena,19000.0,North America,United States,New York,1,i-dle,female,4,5,Cube,6,established,i-dle_United States
,unreported,Taipei Arena,stadium,13000.0,Asia,Taiwan,Taipei,3,i-dle,female,4,5,Cube,6,established,i-dle_Taiwan
,unreported,IMPACT Arena,arena,12000.0,Asia,Thailand,Bangkok,1,i-dle,female,4,5,Cube,6,established,i-dle_Thailand
,unreported,Galaxy Arena,arena,16000.0,Asia,Macau,Macau,3,i-dle,female,4,5,Cube,6,established,i-dle_Macau
,unreported,Rod Laver Arena,arena,14820.0,Oceania,Australia,Melbourne,1,i-dle,female,4,5,Cube,6,established,i-dle_Australia
,unreported,Qudos Bank Arena,arena,18000.0,Oceania,Australia,Sydney,1,i-dle,female,4,5,Cube,6,established,i-dle_Australia
,unreported,Ariake Arena,arena,15000.0,Asia,Japan,Tokyo,2,i-dle,female,4,5,Cube,8,established,i-dle_Japan
5266.0,parcial,Handball Gymnasium,arena,6500.0,Asia,South Korea,Seoul,2,ITZY,female,4,5,JYP,3,growing,ITZY_South Korea
,unreported,YouTube Theater,theater,6000.0,North America,United States,Inglewood,1,ITZY,female,4,5,JYP,3,growing,ITZY_United States
,unreported,Arizona Financial Theatre,theater,5000.0,North America,United States,Phoenix,1,ITZY,female,4,5,JYP,3,growing,ITZY_United States
,unreported,Toyota Music Factory,theater,4000.0,North America,United States,Irving,1,ITZY,female,4,5,JYP,3,growing,ITZY_United States
,unreported,Smart Financial Centre,concert hall,6400.0,North America,United States,Sugar Land,1,ITZY,female,4,5,JYP,3,growing,ITZY_United States
,unreported,Fox Theatre,theater,4665.0,North America,United States,Atlanta,1,ITZY,female,4,5,JYP,3,growing,ITZY_United States
,unreported,Rosemont Theatre,theater,4400.0,North America,United States,Rosemont,1,ITZY,female,4,5,JYP,3,growing,ITZY_United States
,unreported,MGM Music Hall,concert hall,5007.0,North America,United States,Boston,1,ITZY,female,4,5,JYP,3,growing,ITZY_United States
,unreported,The Theater,theater,5600.0,North America,United States,New York,1,ITZY,female,4,5,JYP,3,growing,ITZY_United States
,unreported,SM Mall of Asia Arena,arena,15000.0,Asia,Philippines,Pasay,2,ITZY,female,4,5,JYP,3,growing,ITZY_Philippines
,unreported,The Star Performing Arts Centre,concert hall,5000.0,Asia,Singapore,Singapore,1,ITZY,female,4,5,JYP,3,growing,ITZY_Singapore
,unreported,Gelora Bung Karno Tennis Indoor Stadium,arena,3750.0,Asia,Indonesia,Jakarta,1,ITZY,female,4,5,JYP,3,growing,ITZY_Indonesia
,unreported,Makuhari Messe,arena,,Asia,Japan,Chiba,2,ITZY,female,4,5,JYP,4,growing,ITZY_Japan
,unreported,NTSU Arena,arena,15000.0,Asia,Taiwan,Taoyuan,1,ITZY,female,4,5,JYP,4,growing,ITZY_Taiwan
,unreported,AsiaWorld–Expo,arena,14000.0,Asia,Hong Kong,Hong Kong,2,ITZY,female,4,5,JYP,4,growing,ITZY_Hong Kong
,unreported,IMPACT Thunder Dome,concert hall,3500.0,Asia,Thailand,Bangkok,1,ITZY,female,4,5,JYP,4,growing,ITZY_Thailand
7406.0,missing,Jamsil Indoor Stadium,arena,11069.0,Asia,South Korea,Seoul,2,ITZY,female,4,5,JYP,5,growing,ITZY_South Korea
,unreported,IMPACT Arena,arena,12000.0,Asia,Thailand,Bangkok,1,ITZY,female,4,5,JYP,5,growing,ITZY_Thailand
5108.0,reported,Spark Arena,arena,13280.0,Oceania,New Zealand,Auckland,1,ITZY,female,4,5,JYP,5,growing,ITZY_New Zealand
,unreported,ICC Sydney Theatre,concert hall,2500.0,Oceania,Australia,Sydney,1,ITZY,female,4,5,JYP,5,growing,ITZY_Australia
,unreported,Margaret Court Arena,arena,7500.0,Oceania,Australia,Melbourne,1,ITZY,female,4,5,JYP,5,growing,ITZY_Australia
,unreported,Singapore Indoor Stadium,arena,9000.0,Asia,Singapore,Singapore,1,ITZY,female,4,5,JYP,5,growing,ITZY_Singapore
5639.0,reported,Pepsi Center WTC,theater,7500.0,North America,Mexico,Mexico City,1,ITZY,female,4,5,JYP,5,growing,ITZY_Mexico
13101.0,reported,Movistar Arena,arena,15500.0,South America,Chile,Santiago,1,ITZY,female,4,5,JYP,5,growing,ITZY_Chile
,unreported,Wembley Arena,arena,12500.0,Europe,England,London,1,ITZY,female,4,5,JYP,5,growing,ITZY_England
,unreported,Zénith,arena,9000.0,Europe,France,Paris,1,ITZY,female,4,5,JYP,5,growing,ITZY_France
,unreported,Velodrom,arena,12000.0,Europe,Germany,Berlin,1,ITZY,female,4,5,JYP,5,growing,ITZY_Germany
,unreported,AFAS Live,concert hall,6000.0,Europe,Netherlands,Amsterdam,1,ITZY,female,4,5,JYP,5,growing,ITZY_Netherlands
,unreported,Palacio Vistalegre,arena,14000.0,Europe,Spain,Madrid,1,ITZY,female,4,5,JYP,5,growing,ITZY_Spain
,unreported,Yoyogi National Gymnasium,arena,12898.0,Asia,Japan,Tokyo,3,ITZY,female,4,5,JYP,5,growing,ITZY_Japan
,unreported,Osaka-jō Hall,arena,16000.0,Asia,Japan,Osaka,1,ITZY,female,4,5,JYP,5,growing,ITZY_Japan
,unreported,WaMu Theater,concert hall,7000.0,North America,United States,Seattle,1,ITZY,female,4,5,JYP,5,growing,ITZY_United States
,unreported,Oakland Arena,arena,19596.0,North America,United States,Oakland,1,ITZY,female,4,5,JYP,5,growing,ITZY_United States
,unreported,Kia Forum,arena,17500.0,North America,United States,Inglewood,1,ITZY,female,4,5,JYP,5,growing,ITZY_United States
,unreported,Smart Financial Centre,concert hall,6400.0,North America,United States,Sugar Land,1,ITZY,female,4,5,JYP,5,growing,ITZY_United States
,unreported,Toyota Music Factory,theater,4000.0,North America,United States,Irving,1,ITZY,female,4,5,JYP,5,growing,ITZY_United States
4098.0,reported,Fox Theatre,theater,4665.0,North America,United States,Atlanta,1,ITZY,female,4,5,JYP,5,growing,ITZY_United States
6688.0,reported,EagleBank Arena,arena,15000.0,North America,United States,Fairfax,1,ITZY,female,4,5,JYP,5,growing,ITZY_United States
8040.0,reported,Prudential Center,arena,17000.0,North America,United States,Newark,1,ITZY,female,4,5,JYP,5,growing,ITZY_United States
,unreported,Rosemont Theatre,theater,4400.0,North America,United States,Rosemont,1,ITZY,female,4,5,JYP,5,growing,ITZY_United States
,unreported,Great Canadian Casino Resort,concert hall,,North America,Canada,Toronto,2,ITZY,female,4,5,JYP,5,growing,ITZY_Canada
,unreported,Taipei Arena,stadium,13000.0,Asia,Taiwan,Taipei,1,ITZY,female,4,5,JYP,5,growing,ITZY_Taiwan
,unreported,SM Mall of Asia Arena,arena,15000.0,Asia,Philippines,Pasay,1,ITZY,female,4,5,JYP,5,growing,ITZY_Philippines
,unreported,AsiaWorld–Expo,arena,14000.0,Asia,Hong Kong,Hong Kong,1,ITZY,female,4,5,JYP,5,growing,ITZY_Hong Kong
12334.0,parcial,Jamsil Indoor Stadium,arena,11069.0,Asia,South Korea,Seoul,3,ITZY,female,4,5,JYP,7,established,ITZY_South Korea
,unreported,John Cain Arena,arena,10300.0,Oceania,Australia,Melbourne,1,ITZY,female,4,5,JYP,7,established,ITZY_Australia
,unreported,ICC Sydney Theatre,concert hall,2500.0,Oceania,Australia,Sydney,1,ITZY,female,4,5,JYP,7,established,ITZY_Australia
,unreported,Spark Arena,arena,13280.0,Oceania,New Zealand,Auckland,1,ITZY,female,4,5,JYP,7,established,ITZY_New Zealand
,unreported,Keio Arena Tokyo,arena,10000.0,Asia,Japan,Tokyo,2,ITZY,female,4,5,JYP,7,established,ITZY_Japan
,unreported,AsiaWorld–Expo,arena,14000.0,Asia,Hong Kong,Hong Kong,1,ITZY,female,4,5,JYP,7,established,ITZY_Hong Kong
,unreported,Kaohsiung Arena,arena,15000.0,Asia,Taiwan,Kaohsiung,1,ITZY,female,4,5,JYP,7,established,ITZY_Taiwan
,unreported,IMPACT Arena,arena,12000.0,Asia,Thailand,Bangkok,1,ITZY,female,4,5,JYP,7,established,ITZY_Thailand
,unreported,SM Mall of Asia Arena,arena,15000.0,Asia,Philippines,Pasay,1,ITZY,female,4,5,JYP,7,established,ITZY_Philippines
9989.0,reported,Jamsil Indoor Stadium,arena,11069.0,Asia,South Korea,Seoul,2,IVE,female,4,6,"Starship,KAKAO",1,rookie,IVE_South Korea
24387.0,reported,K-Arena Yokohama,arena,20000.0,Asia,Japan,Yokohama,2,IVE,female,4,6,"Starship,KAKAO",1,rookie,IVE_Japan
,unreported,IMPACT Arena,arena,12000.0,Asia,Thailand,Bangkok,1,IVE,female,4,6,"Starship,KAKAO",2,rookie,IVE_Thailand
18851.0,reported,Marine Messe,arena,15000.0,Asia,Japan,Fukuoka,2,IVE,female,4,6,"Starship,KAKAO",2,rookie,IVE_Japan
20748.0,reported,Osaka-jō Hall,arena,16000.0,Asia,Japan,Osaka,2,IVE,female,4,6,"Starship,KAKAO",2,rookie,IVE_Japan
,unreported,Unifi Arena,arena,11000.0,Asia,Malaysia,Kuala Lumpur,1,IVE,female,4,6,"Starship,KAKAO",2,rookie,IVE_Malaysia
,unreported,Singapore Indoor Stadium,arena,9000.0,Asia,Singapore,Singapore,1,IVE,female,4,6,"Starship,KAKAO",2,rookie,IVE_Singapore
,unreported,NTSU Arena,arena,15000.0,Asia,Taiwan,Taoyuan,2,IVE,female,4,6,"Starship,KAKAO",2,rookie,IVE_Taiwan
,unreported,Kia Forum,arena,17500.0,North America,United States,Inglewood,1,IVE,female,4,6,"Starship,KAKAO",2,rookie,IVE_United States
12063.0,reported,Oakland Arena,arena,19596.0,North America,United States,Oakland,1,IVE,female,4,6,"Starship,KAKAO",2,rookie,IVE_United States
7320.0,reported,Dickies Arena,arena,14000.0,North America,United States,Fort Worth,1,IVE,female,4,6,"Starship,KAKAO",2,rookie,IVE_United States
7154.0,reported,State Farm Arena,arena,18000.0,North America,United States,Atlanta,1,IVE,female,4,6,"Starship,KAKAO",2,rookie,IVE_United States
7438.0,reported,Allstate Arena,arena,22000.0,North America,United States,Rosemont,1,IVE,female,4,6,"Starship,KAKAO",2,rookie,IVE_United States
11617.0,reported,Prudential Center,arena,17000.0,North America,United States,Newark,1,IVE,female,4,6,"Starship,KAKAO",2,rookie,IVE_United States
,unreported,Accor Arena,arena,20300.0,Europe,France,Paris,1,IVE,female,4,6,"Starship,KAKAO",2,rookie,IVE_France
,unreported,Palau Sant Jordi,arena,17960.0,Europe,Spain,Barcelona,1,IVE,female,4,6,"Starship,KAKAO",2,rookie,IVE_Spain
,unreported,Uber Arena,arena,17000.0,Europe,Germany,Berlin,1,IVE,female,4,6,"Starship,KAKAO",2,rookie,IVE_Germany
,unreported,Ziggo Dome,arena,17000.0,Europe,Netherlands,Amsterdam,1,IVE,female,4,6,"Starship,KAKAO",2,rookie,IVE_Netherlands
,unreported,The O2 Arena,arena,20000.0,Europe,England,London,1,IVE,female,4,6,"Starship,KAKAO",2,rookie,IVE_England
,unreported,Palacio de los Deportes,arena,26000.0,North America,Mexico,Mexico City,1,IVE,female,4,6,"Starship,KAKAO",2,rookie,IVE_Mexico
,unreported,Espaço Unimed,concert hall,8000.0,South America,Brazil,São Paulo,1,IVE,female,4,6,"Starship,KAKAO",2,rookie,IVE_Brazil
6414.0,reported,Movistar Arena,arena,15500.0,South America,Chile,Santiago,1,IVE,female,4,6,"Starship,KAKAO",2,rookie,IVE_Chile
,unreported,AsiaWorld–Expo,arena,14000.0,Asia,Hong Kong,Hong Kong,2,IVE,female,4,6,"Starship,KAKAO",2,rookie,IVE_Hong Kong
,unreported,SM Mall of Asia Arena,arena,15000.0,Asia,Philippines,Pasay,1,IVE,female,4,6,"Starship,KAKAO",2,rookie,IVE_Philippines
,unreported,Rod Laver Arena,arena,14820.0,Oceania,Australia,Melbourne,1,IVE,female,4,6,"Starship,KAKAO",2,rookie,IVE_Australia
12181.0,reported,Qudos Bank Arena,arena,18000.0,Oceania,Australia,Sydney,1,IVE,female,4,6,"Starship,KAKAO",2,rookie,IVE_Australia
16776.0,parcial,KSPO Dome,arena,15000.0,Asia,South Korea,Seoul,2,IVE,female,4,6,"Starship,KAKAO",3,growing,IVE_South Korea
,unreported,ICE BSD,concert hall,,Asia,Indonesia,Tangerang,1,IVE,female,4,6,"Starship,KAKAO",3,growing,IVE_Indonesia
,unreported,Tokyo Dome,stadium,55000.0,Asia,Japan,Tokyo,2,IVE,female,4,6,"Starship,KAKAO",3,growing,IVE_Japan
28543.0,parcial,KSPO Dome,arena,15000.0,Asia,South Korea,Seoul,3,IVE,female,4,6,"Starship,KAKAO",3,growing,IVE_South Korea
,unreported,Unifi Arena,arena,11000.0,Asia,Malaysia,Kuala Lumpur,1,IVE,female,4,6,"Starship,KAKAO",4,growing,IVE_Malaysia
,unreported,Kyocera Dome,stadium,55000.0,Asia,Japan,Osaka,2,IVE,female,4,6,"Starship,KAKAO",4,growing,IVE_Japan
,unreported,SM Mall of Asia Arena,arena,15000.0,Asia,Philippines,Pasay,1,IVE,female,4,6,"Starship,KAKAO",4,growing,IVE_Philippines
,unreported,Singapore Indoor Stadium,arena,9000.0,Asia,Singapore,Singapore,1,IVE,female,4,6,"Starship,KAKAO",4,growing,IVE_Singapore
,unreported,Venetian Arena,arena,14000.0,Asia,Macau,Macau,2,IVE,female,4,6,"Starship,KAKAO",4,growing,IVE_Macau
,unreported,Qudos Bank Arena,arena,18000.0,Oceania,Australia,Sydney,1,IVE,female,4,6,"Starship,KAKAO",4,growing,IVE_Australia
,unreported,Rod Laver Arena,arena,14820.0,Oceania,Australia,Melbourne,1,IVE,female,4,6,"Starship,KAKAO",4,growing,IVE_Australia
,unreported,Spark Arena,arena,13280.0,Oceania,New Zealand,Auckland,1,IVE,female,4,6,"Starship,KAKAO",4,growing,IVE_New Zealand
,unreported,Tokyo Dome,stadium,55000.0,Asia,Japan,Tokyo,1,IVE,female,4,6,"Starship,KAKAO",4,growing,IVE_Japan
8237.0,parcial,Scotiabank Arena,arena,19800.0,North America,Canada,Toronto,1,IVE,female,4,6,"Starship,KAKAO",4,growing,IVE_Canada
9373.0,parcial,Bell Center,arena,15000.0,North America,Canada,Montreal,1,IVE,female,4,6,"Starship,KAKAO",4,growing,IVE_Canada
7348.0,parcial,Prudential Center,arena,17000.0,North America,United States,Newark,1,IVE,female,4,6,"Starship,KAKAO",4,growing,IVE_United States
4456.0,parcial,Moody Center,arena,16223.0,North America,United States,Austin,1,IVE,female,4,6,"Starship,KAKAO",4,growing,IVE_United States
7745.0,parcial,Kia Forum,arena,17500.0,North America,United States,Inglewood,1,IVE,female,4,6,"Starship,KAKAO",4,growing,IVE_United States
6645.0,parcial,Oakland Arena,arena,19596.0,North America,United States,Oakland,1,IVE,female,4,6,"Starship,KAKAO",4,growing,IVE_United States
8055.0,parcial,Climate Pledge Arena,arena,17200.0,North America,United States,Seattle,1,IVE,female,4,6,"Starship,KAKAO",4,growing,IVE_United States
8434.0,parcial,Rogers Arena,arena,19000.0,North America,Canada,Vancouver,1,IVE,female,4,6,"Starship,KAKAO",4,growing,IVE_Canada
,unreported,AsiaWorld–Expo,arena,14000.0,Asia,Hong Kong,Hong Kong,2,IVE,female,4,6,"Starship,KAKAO",4,growing,IVE_Hong Kong
,unreported,Taipei Arena,stadium,13000.0,Asia,Taiwan,Taipei,2,IVE,female,4,6,"Starship,KAKAO",4,growing,IVE_Taiwan
10503.0,reported,Jamsil Indoor Stadium,arena,11069.0,Asia,South Korea,Seoul,2,LE SSERAFIM,female,4,5,"Source Music,HYBE",1,rookie,LE SSERAFIM_South Korea
17009.0,reported,Nippon Gaishi Hall,arena,10000.0,Asia,Japan,Nagoya,2,LE SSERAFIM,female,4,5,"Source Music,HYBE",1,rookie,LE SSERAFIM_Japan
24348.0,reported,Yoyogi National Gymnasium,arena,12898.0,Asia,Japan,Tokyo,2,LE SSERAFIM,female,4,5,"Source Music,HYBE",1,rookie,LE SSERAFIM_Japan
20056.0,reported,Osaka-jō Hall,arena,16000.0,Asia,Japan,Osaka,2,LE SSERAFIM,female,4,5,"Source Music,HYBE",1,rookie,LE SSERAFIM_Japan
11200.0,reported,AsiaWorld–Expo,arena,14000.0,Asia,Hong Kong,Hong Kong,2,LE SSERAFIM,female,4,5,"Source Music,HYBE",1,rookie,LE SSERAFIM_Hong Kong
2625.0,reported,JIExpo Kemayoran,theater,2500.0,Asia,Indonesia,Jakarta,1,LE SSERAFIM,female,4,5,"Source Music,HYBE",1,rookie,LE SSERAFIM_Indonesia
,unreported,IMPACT Thunder Dome,concert hall,3500.0,Asia,Thailand,Bangkok,2,LE SSERAFIM,female,4,5,"Source Music,HYBE",1,rookie,LE SSERAFIM_Thailand
8507.0,reported,Inspire Arena,arena,15000.0,Asia,South Korea,Incheon,2,LE SSERAFIM,female,4,5,"Source Music,HYBE",2,rookie,LE SSERAFIM_South Korea
14161.0,reported,Portmesse Nagoya,concert hall,15000.0,Asia,Japan,Nagoya,2,LE SSERAFIM,female,4,5,"Source Music,HYBE",3,growing,LE SSERAFIM_Japan
16340.0,reported,Osaka-jō Hall,arena,16000.0,Asia,Japan,Osaka,2,LE SSERAFIM,female,4,5,"Source Music,HYBE",3,growing,LE SSERAFIM_Japan
16722.0,reported,West Japan General Exhibition Center Annex,concert hall,,Asia,Japan,Fukuoka,2,LE SSERAFIM,female,4,5,"Source Music,HYBE",3,growing,LE SSERAFIM_Japan
52947.0,reported,Saitama Super Arena,arena,22500.0,Asia,Japan,Saitama,3,LE SSERAFIM,female,4,5,"Source Music,HYBE",3,growing,LE SSERAFIM_Japan
18333.0,reported,NTSU Arena,arena,15000.0,Asia,Taiwan,Taoyuan,2,LE SSERAFIM,female,4,5,"Source Music,HYBE",3,growing,LE SSERAFIM_Taiwan
19584.0,reported,AsiaWorld–Expo,arena,14000.0,Asia,Hong Kong,Hong Kong,2,LE SSERAFIM,female,4,5,"Source Music,HYBE",3,growing,LE SSERAFIM_Hong Kong
9043.0,reported,SM Mall of Asia Arena,arena,15000.0,Asia,Philippines,Pasay,1,LE SSERAFIM,female,4,5,"Source Music,HYBE",3,growing,LE SSERAFIM_Philippines
8696.0,reported,IMPACT Thunder Dome,concert hall,3500.0,Asia,Thailand,Bangkok,2,LE SSERAFIM,female,4,5,"Source Music,HYBE",3,growing,LE SSERAFIM_Thailand
6717.0,reported,Singapore Indoor Stadium,arena,9000.0,Asia,Singapore,Singapore,1,LE SSERAFIM,female,4,5,"Source Music,HYBE",3,growing,LE SSERAFIM_Singapore
10178.0,reported,Prudential Center,arena,17000.0,North America,United States,Newark,1,LE SSERAFIM,female,4,5,"Source Music,HYBE",3,growing,LE SSERAFIM_United States
5798.0,reported,Wintrust Arena,arena,10387.0,North America,United States,Chicago,1,LE SSERAFIM,female,4,5,"Source Music,HYBE",3,growing,LE SSERAFIM_United States
3469.0,reported,Texas Trust CU Theatre,concert hall,6350.0,North America,United States,Grand Prairie,1,LE SSERAFIM,female,4,5,"Source Music,HYBE",3,growing,LE SSERAFIM_United States
11385.0,reported,Kia Forum,arena,17500.0,North America,United States,Inglewood,1,LE SSERAFIM,female,4,5,"Source Music,HYBE",3,growing,LE SSERAFIM_United States
4701.0,reported,Bill Graham Civic Auditorium,arena,8500.0,North America,United States,San Francisco,1,LE SSERAFIM,female,4,5,"Source Music,HYBE",3,growing,LE SSERAFIM_United States
12335.0,reported,Climate Pledge Arena,arena,17200.0,North America,United States,Seattle,1,LE SSERAFIM,female,4,5,"Source Music,HYBE",3,growing,LE SSERAFIM_United States
7540.0,reported,Michelob Ultra Arena,arena,12000.0,North America,United States,Las Vegas,1,LE SSERAFIM,female,4,5,"Source Music,HYBE",3,growing,LE SSERAFIM_United States
13189.0,reported,Arena CDMX,arena,22300.0,North America,Mexico,Mexico City,1,LE SSERAFIM,female,4,5,"Source Music,HYBE",3,growing,LE SSERAFIM_Mexico
73236.0,reported,Tokyo Dome,stadium,55000.0,Asia,Japan,Tokyo,2,LE SSERAFIM,female,4,5,"Source Music,HYBE",3,growing,LE SSERAFIM_Japan
10474.0,reported,Jamsil Indoor Stadium,arena,11069.0,Asia,South Korea,Seoul,2,LE SSERAFIM,female,4,5,"Source Music,HYBE",3,growing,LE SSERAFIM_South Korea
,unreported,Inspire Arena,arena,15000.0,Asia,South Korea,Incheon,2,LE SSERAFIM,female,4,5,"Source Music,HYBE",4,growing,LE SSERAFIM_South Korea
,unreported,Osaka-jo Hall,arena,16000.0,Asia,Japan,Osaka,2,LE SSERAFIM,female,4,5,"Source Music,HYBE",4,growing,LE SSERAFIM_Japan
,unreported,Yokohama Arena,arena,17000.0,Asia,Japan,Yokohama,3,LE SSERAFIM,female,4,5,"Source Music,HYBE",4,growing,LE SSERAFIM_Japan
,unreported,Ecopa Arena,arena,10000.0,Asia,Japan,Shizuoka,2,LE SSERAFIM,female,4,5,"Source Music,HYBE",4,growing,LE SSERAFIM_Japan
,unreported,Sekisui Heim Super Arena,arena,7063.0,Asia,Japan,Miyagi,2,LE SSERAFIM,female,4,5,"Source Music,HYBE",4,growing,LE SSERAFIM_Japan
,unreported,Marine Messe,arena,15000.0,Asia,Japan,Fukuoka,2,LE SSERAFIM,female,4,5,"Source Music,HYBE",4,growing,LE SSERAFIM_Japan
,unreported,Crypto.com Arena,stadium,20000.0,North America,United States,Los Angeles,1,LE SSERAFIM,female,4,5,"Source Music,HYBE",4,growing,LE SSERAFIM_United States
,unreported,Tacoma Dome,arena,21000.0,North America,United States,Tacoma,1,LE SSERAFIM,female,4,5,"Source Music,HYBE",4,growing,LE SSERAFIM_United States
,unreported,SAP Center,arena,19190.0,North America,United States,San Jose,1,LE SSERAFIM,female,4,5,"Source Music,HYBE",4,growing,LE SSERAFIM_United States
,unreported,Mortgage Matchup Center,arena,12565.0,North America,United States,Phoenix,1,LE SSERAFIM,female,4,5,"Source Music,HYBE",4,growing,LE SSERAFIM_United States
,unreported,Dickies Arena,arena,14000.0,North America,United States,Fort Worth,1,LE SSERAFIM,female,4,5,"Source Music,HYBE",4,growing,LE SSERAFIM_United States
,unreported,Kia Center,arena,17030.0,North America,United States,Orlando,1,LE SSERAFIM,female,4,5,"Source Music,HYBE",4,growing,LE SSERAFIM_United States
,unreported,United Center,arena,23500.0,North America,United States,Chicago,1,LE SSERAFIM,female,4,5,"Source Music,HYBE",4,growing,LE SSERAFIM_United States
,unreported,Capital One Arena,arena,20356.0,North America,United States,Washington,1,LE SSERAFIM,female,4,5,"Source Music,HYBE",4,growing,LE SSERAFIM_United States
,unreported,Prudential Center,arena,17000.0,North America,United States,Newark,1,LE SSERAFIM,female,4,5,"Source Music,HYBE",4,growing,LE SSERAFIM_United States
,unreported,O2 Arena,arena,20000.0,Europe,England,London,1,LE SSERAFIM,female,4,5,"Source Music,HYBE",4,growing,LE SSERAFIM_England
,unreported,Ziggo Dome,arena,17000.0,Europe,Netherlands,Amsterdam,1,LE SSERAFIM,female,4,5,"Source Music,HYBE",4,growing,LE SSERAFIM_Netherlands
,unreported,Accor Arena,arena,20300.0,Europe,France,Paris,1,LE SSERAFIM,female,4,5,"Source Music,HYBE",4,growing,LE SSERAFIM_France
,unreported,Royal Arena,arena,17000.0,Europe,Denmark,Copenhagen,1,LE SSERAFIM,female,4,5,"Source Music,HYBE",4,growing,LE SSERAFIM_Denmark
,unreported,Uber Arena,arena,17000.0,Europe,Germany,Berlin,1,LE SSERAFIM,female,4,5,"Source Music,HYBE",4,growing,LE SSERAFIM_Germany
,unreported,NTSU Arena,arena,15000.0,Asia,Taiwan,Taoyuan,2,LE SSERAFIM,female,4,5,"Source Music,HYBE",4,growing,LE SSERAFIM_Taiwan
,unreported,Singapore Indoor Stadium,arena,9000.0,Asia,Singapore,Singapore,1,LE SSERAFIM,female,4,5,"Source Music,HYBE",4,growing,LE SSERAFIM_Singapore
,unreported,MOA Arena,arena,15000.0,Asia,Philippines,Pasay,2,LE SSERAFIM,female,4,5,"Source Music,HYBE",4,growing,LE SSERAFIM_Philippines
67865.0,reported,Belluna Dome,stadium,31552.0,Asia,Japan,Saitama,2,MISMAO,female,3,3,JYP,1,rookie,MISMAO_Japan
79230.0,reported,Kyocera Dome,stadium,55000.0,Asia,Japan,Osaka,2,MISMAO,female,3,3,JYP,1,rookie,MISMAO_Japan
98449.0,reported,Tokyo Dome,stadium,55000.0,Asia,Japan,Tokyo,2,MISMAO,female,3,3,JYP,1,rookie,MISMAO_Japan
11574.0,parcial,Inspire Arena,arena,15000.0,Asia,South Korea,Incheon,2,NMIXX,female,4,6,JYP,3,growing,NMIXX_South Korea
,unreported,Palacio Vistalegre,arena,14000.0,Europe,Spain,Madrid,1,NMIXX,female,4,6,JYP,4,growing,NMIXX_Spain
,unreported,AFAS Live,concert hall,6000.0,Europe,Netherlands,Amsterdam,1,NMIXX,female,4,6,JYP,4,growing,NMIXX_Netherlands
,unreported,Salle Pleyel,concert hall,2000.0,Europe,France,Paris,1,NMIXX,female,4,6,JYP,4,growing,NMIXX_France
,unreported,Centennial Hall ,concert hall,4800.0,Europe,Germany,Frankfurt,1,NMIXX,female,4,6,JYP,4,growing,NMIXX_Germany
,unreported,Eventim Apollo,concert hall,5039.0,Europe,England,London,1,NMIXX,female,4,6,JYP,4,growing,NMIXX_England
,unreported,Great Canadian Toronto,concert hall,,North America,Canada,Toronto,1,NMIXX,female,4,6,JYP,4,growing,NMIXX_Canada
,unreported,Brooklyn Paramount,theater,2700.0,North America,United States,New York,1,NMIXX,female,4,6,JYP,4,growing,NMIXX_United States
2808.0,parcial,The Theater at MGM National Harbor,theater,,North America,United States,Oxon Hill,1,NMIXX,female,4,6,JYP,4,growing,NMIXX_United States
3738.0,parcial,Toyota Music Factory,theater,4000.0,North America,United States,Irving,1,NMIXX,female,4,6,JYP,4,growing,NMIXX_United States
3040.0,parcial,Paramount Theatre,concert hall,3040.0,North America,United States,Oakland,1,NMIXX,female,4,6,JYP,4,growing,NMIXX_United States
5428.0,parcial,YouTube Theater,theater,6000.0,North America,United States,Inglewood,1,NMIXX,female,4,6,JYP,4,growing,NMIXX_United States
,unreported,EmSphere,arena,6000.0,Asia,Thailand,Bangkok,1,NMIXX,female,4,6,JYP,4,growing,NMIXX_Thailand
,unreported,The Star Performing Arts Centre,concert hall,5000.0,Asia,Singapore,Singapore,1,NMIXX,female,4,6,JYP,4,growing,NMIXX_Singapore
,unreported,Kaohsiung Arena,arena,15000.0,Asia,Taiwan,Kaohsiung,1,NMIXX,female,4,6,JYP,4,growing,NMIXX_Taiwan
,unreported,AsiaWorld–Expo,arena,14000.0,Asia,Hong Kong,Hong Kong,1,NMIXX,female,4,6,JYP,4,growing,NMIXX_Hong Kong
,unreported,Keio Arena Tokyo,arena,10000.0,Asia,Japan,Tokyo,2,NMIXX,female,4,6,JYP,4,growing,NMIXX_Japan
23622.0,reported,KSPO Dome,arena,15000.0,Asia,South Korea,Seoul,2,TWICE,female,3,9,JYP,3,growing,TWICE_South Korea
8044.0,reported,IMPACT Arena,arena,12000.0,Asia,Thailand,Bangkok,1,TWICE,female,3,9,JYP,3,growing,TWICE_Thailand
8594.0,reported,SM Mall of Asia Arena,arena,15000.0,Asia,Philippines,Pasay,1,TWICE,female,3,9,JYP,3,growing,TWICE_Philippines
8514.0,reported,Singapore Indoor Stadium,arena,9000.0,Asia,Singapore,Singapore,1,TWICE,female,3,9,JYP,3,growing,TWICE_Singapore
11827.0,reported,Kia Forum,arena,17500.0,North America,United States,Inglewood,1,TWICE,female,3,9,JYP,3,growing,TWICE_United States
7942.0,reported,Palacio de los Deportes,arena,26000.0,North America,Mexico,Mexico City,1,TWICE,female,3,9,JYP,3,growing,TWICE_Mexico
10297.0,reported,Prudential Center,arena,17000.0,North America,United States,Newark,1,TWICE,female,3,9,JYP,3,growing,TWICE_United States
5911.0,reported,Wintrust Arena,arena,10387.0,North America,United States,Chicago,1,TWICE,female,3,9,JYP,3,growing,TWICE_United States
8113.0,reported,Unifi Arena,arena,11000.0,Asia,Malaysia,Kuala Lumpur,1,TWICE,female,3,9,JYP,3,growing,TWICE_Malaysia
8753.0,reported,Makomanai Ice Arena,arena,10024.0,Asia,Japan,Sapporo,1,TWICE,female,3,9,JYP,4,growing,TWICE_Japan
42158.0,reported,Makuhari Messe,arena,,Asia,Japan,Chiba,3,TWICE,female,3,9,JYP,4,growing,TWICE_Japan
23860.0,reported,Osaka-jō Hall,arena,16000.0,Asia,Japan,Osaka,2,TWICE,female,3,9,JYP,4,growing,TWICE_Japan
12866.0,reported,Sekisui Heim Super Arena,arena,7063.0,Asia,Japan,Miyagi,2,TWICE,female,3,9,JYP,4,growing,TWICE_Japan
18000.0,reported,Portmesse Nagoya,concert hall,15000.0,Asia,Japan,Nagoya,3,TWICE,female,3,9,JYP,4,growing,TWICE_Japan
23646.0,reported,Marine Messe,arena,15000.0,Asia,Japan,Fukuoka,2,TWICE,female,3,9,JYP,4,growing,TWICE_Japan
20000.0,reported,Ecopa Arena,arena,10000.0,Asia,Japan,Shizuoka,2,TWICE,female,3,9,JYP,4,growing,TWICE_Japan
,unreported,Tokyo Dome,stadium,55000.0,Asia,Japan,Tokyo,2,TWICE,female,3,9,JYP,4,growing,TWICE_Japan
,unreported,Kyocera Dome,stadium,55000.0,Asia,Japan,Osaka,2,TWICE,female,3,9,JYP,4,growing,TWICE_Japan
,unreported,KSPO Dome,arena,15000.0,Asia,South Korea,Seoul,1,TWICE,female,3,9,JYP,6,established,TWICE_South Korea
8874.0,reported,KSPO Dome,arena,15000.0,Asia,South Korea,Seoul,2,TWICE,female,3,9,JYP,6,established,TWICE_South Korea
25507.0,reported,Kia Forum,arena,17500.0,North America,United States,Inglewood,2,TWICE,female,3,9,JYP,6,established,TWICE_United States
12891.0,reported,Oakland Arena,arena,19596.0,North America,United States,Oakland,1,TWICE,female,3,9,JYP,6,established,TWICE_United States
10357.0,reported,Dickies Arena,arena,14000.0,North America,United States,Fort Worth,1,TWICE,female,3,9,JYP,6,established,TWICE_United States
11596.0,reported,State Farm Arena,arena,18000.0,North America,United States,Atlanta,1,TWICE,female,3,9,JYP,6,established,TWICE_United States
26768.0,reported,UBS Arena,arena,19000.0,North America,United States,New York,2,TWICE,female,3,9,JYP,6,established,TWICE_United States
146961.0,reported,Tokyo Dome,stadium,55000.0,Asia,Japan,Tokyo,3,TWICE,female,3,9,JYP,6,established,TWICE_Japan
46710.0,reported,BMO Stadium,stadium,22000.0,North America,United States,Los Angeles,2,TWICE,female,3,9,JYP,6,established,TWICE_United States
24178.0,reported,Yoyogi National Gymnasium,arena,12898.0,Asia,Japan,Tokyo,2,TWICE,female,3,9,JYP,6,established,TWICE_Japan
34704.0,reported,Osaka-jō Hall,arena,16000.0,Asia,Japan,Osaka,3,TWICE,female,3,9,JYP,6,established,TWICE_Japan
16329.0,reported,KSPO Dome,arena,15000.0,Asia,South Korea,Seoul,2,TWICE,female,3,9,JYP,7,established,TWICE_South Korea
22919.0,reported,Qudos Bank Arena,arena,18000.0,Oceania,Australia,Sydney,2,TWICE,female,3,9,JYP,7,established,TWICE_Australia
22581.0,reported,Rod Laver Arena,arena,14820.0,Oceania,Australia,Melbourne,2,TWICE,female,3,9,JYP,7,established,TWICE_Australia
102239.0,reported,Nagai Stadium,stadium,47853.0,Asia,Japan,Osaka,2,TWICE,female,3,9,JYP,7,established,TWICE_Japan
108131.0,reported,Ajinomoto Stadium,stadium,49970.0,Asia,Japan,Tokyo,2,TWICE,female,3,9,JYP,7,established,TWICE_Japan
48345.0,reported,SoFi Stadium,stadium,70240.0,North America,United States,Inglewood,1,TWICE,female,3,9,JYP,7,established,TWICE_United States
23703.0,reported,Oakland Arena,arena,19596.0,North America,United States,Oakland,2,TWICE,female,3,9,JYP,7,established,TWICE_United States
18023.0,reported,Tacoma Dome,arena,21000.0,North America,United States,Tacoma,1,TWICE,female,3,9,JYP,7,established,TWICE_United States
24925.0,reported,Globe Life Field,stadium,40300.0,North America,United States,Arlington,1,TWICE,female,3,9,JYP,7,established,TWICE_United States
19605.0,reported,Toyota Center,arena,19000.0,North America,United States,Houston,2,TWICE,female,3,9,JYP,7,established,TWICE_United States
22263.0,reported,United Center,arena,23500.0,North America,United States,Chicago,2,TWICE,female,3,9,JYP,7,established,TWICE_United States
27648.0,reported,Scotiabank Arena,arena,19800.0,North America,Canada,Toronto,2,TWICE,female,3,9,JYP,7,established,TWICE_Canada
47907.0,reported,MetLife Stadium,stadium,82500.0,North America,United States,East Rutherford,1,TWICE,female,3,9,JYP,7,established,TWICE_United States
28568.0,reported,Truist Park,stadium,41108.0,North America,United States,Atlanta,1,TWICE,female,3,9,JYP,7,established,TWICE_United States
18258.0,reported,Singapore Indoor Stadium,arena,9000.0,Asia,Singapore,Singapore,2,TWICE,female,3,9,JYP,7,established,TWICE_Singapore
28148.0,reported,The O2 Arena,arena,20000.0,Europe,England,London,2,TWICE,female,3,9,JYP,7,established,TWICE_England
13523.0,reported,Accor Arena,arena,20300.0,Europe,France,Paris,1,TWICE,female,3,9,JYP,7,established,TWICE_France
22099.0,reported,Uber Arena,arena,17000.0,Europe,Germany,Berlin,2,TWICE,female,3,9,JYP,7,established,TWICE_Germany
21123.0,reported,IMPACT Arena,arena,12000.0,Asia,Thailand,Bangkok,2,TWICE,female,3,9,JYP,7,established,TWICE_Thailand
86930.0,reported,Philippine Arena,arena,55000.0,Asia,Philippines,Bulacan,2,TWICE,female,3,9,JYP,7,established,TWICE_Philippines
24636.0,reported,Marvel Stadium,stadium,56347.0,Oceania,Australia,Melbourne,1,TWICE,female,3,9,JYP,8,established,TWICE_Australia
76543.0,reported,Vantelin Dome,stadium,36418.0,Asia,Japan,Nagoya,2,TWICE,female,3,9,JYP,8,established,TWICE_Japan
21964.0,reported,International Stadium,arena,82000.0,Asia,Indonesia,Jakarta,1,TWICE,female,3,9,JYP,8,established,TWICE_Indonesia
81709.0,reported,PayPay Dome,stadium,47500.0,Asia,Japan,Fukuoka,2,TWICE,female,3,9,JYP,8,established,TWICE_Japan
114049.0,reported,Estadio GNP Seguros,stadium,65000.0,North America,Mexico,Mexico City,2,TWICE,female,3,9,JYP,8,established,TWICE_Mexico
65984.0,reported,Allianz Parque,stadium,55000.0,South America,Brazil,São Paulo,2,TWICE,female,3,9,JYP,8,established,TWICE_Brazil
39880.0,reported,Allegiant Stadium,stadium,65000.0,North America,United States,Las Vegas,1,TWICE,female,3,9,JYP,8,established,TWICE_United States
102093.0,reported,Nagai Stadium,stadium,47853.0,Asia,Japan,Osaka,2,TWICE,female,3,9,JYP,8,established,TWICE_Japan
112289.0,reported,Ajinomoto Stadium,stadium,49970.0,Asia,Japan,Tokyo,2,TWICE,female,3,9,JYP,8,established,TWICE_Japan
137866.0,reported,Nissan Stadium,stadium,72327.0,Asia,Japan,Yokohama,2,TWICE,female,3,9,JYP,8,established,TWICE_Japan
24422.0,reported,Inspire Arena,arena,15000.0,Asia,South Korea,Incheon,2,TWICE,female,3,9,JYP,9,established,TWICE_South Korea
94657.0,reported,Kyocera Dome,stadium,55000.0,Asia,Japan,Osaka,2,TWICE,female,3,9,JYP,9,established,TWICE_Japan
96391.0,reported,Vantelin Dome,stadium,36418.0,Asia,Japan,Nagoya,2,TWICE,female,3,9,JYP,9,established,TWICE_Japan
90795.0,reported,PayPay Dome,stadium,47500.0,Asia,Japan,Fukuoka,2,TWICE,female,3,9,JYP,9,established,TWICE_Japan
107584.0,reported,Tokyo Dome,stadium,55000.0,Asia,Japan,Tokyo,2,TWICE,female,3,9,JYP,9,established,TWICE_Japan
27390.0,reported,Venetian Arena,arena,14000.0,Asia,Macau,Macau,2,TWICE,female,3,9,JYP,9,established,TWICE_Macau
,unreported,Philippine Arena,arena,55000.0,Asia,Philippines,Bulacan,1,TWICE,female,3,9,JYP,9,established,TWICE_Philippines
22727.0,reported,Singapore Indoor Stadium,arena,9000.0,Asia,Singapore,Singapore,2,TWICE,female,3,9,JYP,9,established,TWICE_Singapore
,unreported,Malaysia National Hockey Stadium,stadium,20000.0,Asia,Malaysia,Kuala Lumpur,1,TWICE,female,3,9,JYP,10,established,TWICE_Malaysia
29572.0,reported,Qudos Bank Arena,arena,18000.0,Oceania,Australia,Sydney,2,TWICE,female,3,9,JYP,10,established,TWICE_Australia
27368.0,reported,Rod Laver Arena,arena,14820.0,Oceania,Australia,Melbourne,2,TWICE,female,3,9,JYP,10,established,TWICE_Australia
,unreported,National Stadium,stadium,55000.0,Asia,Taiwan,Kaohsiung,2,TWICE,female,3,9,JYP,10,established,TWICE_Taiwan
,unreported,Kai Tak Stadium,stadium,45995.0,Asia,Hong Kong,Hong Kong,2,TWICE,female,3,9,JYP,10,established,TWICE_Hong Kong
25919.0,reported,IMPACT Arena,arena,12000.0,Asia,Thailand,Bangkok,2,TWICE,female,3,9,JYP,10,established,TWICE_Thailand
,unreported,Rogers Arena,arena,19000.0,North America,Canada,Vancouver,2,TWICE,female,3,9,JYP,10,established,TWICE_Canada
28096.0,reported,Climate Pledge Arena,arena,17200.0,North America,United States,Seattle,2,TWICE,female,3,9,JYP,10,established,TWICE_United States
,unreported,Oakland Arena,arena,19596.0,North America,United States,Oakland,2,TWICE,female,3,9,JYP,10,established,TWICE_United States
,unreported,Kia Forum,arena,17500.0,North America,United States,Inglewood,4,TWICE,female,3,9,JYP,10,established,TWICE_United States
14272.0,reported,Mortgage Matchup Center,arena,12565.0,North America,United States,Phoenix,1,TWICE,female,3,9,JYP,10,established,TWICE_United States
28797.0,reported,American Airlines Center,arena,21000.0,North America,United States,Dallas,2,TWICE,female,3,9,JYP,10,established,TWICE_United States
31339.0,reported,Capital One Arena,arena,20356.0,North America,United States,Washington,2,TWICE,female,3,9,JYP,10,established,TWICE_United States
42776.0,reported,UBS Arena,arena,19000.0,North America,United States,New York,3,TWICE,female,3,9,JYP,10,established,TWICE_United States
,unreported,Xfinity Mobile Arena,arena,21000.0,North America,United States,Philadelphia,1,TWICE,female,3,9,JYP,10,established,TWICE_United States
15084.0,reported,State Farm Arena,arena,18000.0,North America,United States,Atlanta,1,TWICE,female,3,9,JYP,10,established,TWICE_United States
19334.0,reported,Bell Center,arena,15000.0,North America,Canada,Montreal,1,TWICE,female,3,9,JYP,10,established,TWICE_Canada
30146.0,reported,TD Coliseum,arena,18000.0,North America,Canada,Hamilton,2,TWICE,female,3,9,JYP,10,established,TWICE_Canada
,unreported,Taipei Dome,stadium,59833.0,Asia,Taiwan,Taipei,3,TWICE,female,3,9,JYP,10,established,TWICE_Taiwan
31835.0,unreported,Kia Center,arena,17030.0,North America,United States,Orlando,2,TWICE,female,3,9,JYP,10,established,TWICE_United States
16500.0,reported,Spectrum Center,arena,18504.0,North America,United States,Charlotte,1,TWICE,female,3,9,JYP,10,established,TWICE_United States
29310.0,reported,TD Garden,arena,20000.0,North America,United States,Boston,2,TWICE,female,3,9,JYP,10,established,TWICE_United States
,unreported,United Center,arena,23500.0,North America,United States,Chicago,2,TWICE,female,3,9,JYP,10,established,TWICE_United States
,unreported,Little Caesars Arena,arena,22000.0,North America,United States,Detroit,1,TWICE,female,3,9,JYP,10,established,TWICE_United States
,unreported,Grand Casino Arena,arena,20554.0,North America,United States,Saint Paul,1,TWICE,female,3,9,JYP,10,established,TWICE_United States
,unreported,Ball Arena,arena,21000.0,North America,United States,Denver,1,TWICE,female,3,9,JYP,10,established,TWICE_United States
26359.0,reported,Moody Center,arena,16223.0,North America,United States,Austin,2,TWICE,female,3,9,JYP,10,established,TWICE_United States
,unreported,Japan National Stadium,stadium,67750.0,Asia,Japan,Tokyo,3,TWICE,female,3,9,JYP,10,established,TWICE_Japan
,unreported,MEO Arena,arena,20100.0,Europe,Portugal,Lisbon,1,TWICE,female,3,9,JYP,10,established,TWICE_Portugal
,unreported,Palau Sant Jordi,arena,17960.0,Europe,Spain,Barcelona,1,TWICE,female,3,9,JYP,10,established,TWICE_Spain
,unreported,Accor Arena,arena,20300.0,Europe,France,Paris,2,TWICE,female,3,9,JYP,10,established,TWICE_France
,unreported,Inalpi Arena,arena,15657.0,Europe,Italy,Turin,1,TWICE,female,3,9,JYP,10,established,TWICE_Italy
,unreported,Uber Arena,arena,17000.0,Europe,Germany,Berlin,1,TWICE,female,3,9,JYP,10,established,TWICE_Germany
,unreported,Lanxess Arena,arena,20000.0,Europe,Germany,Cologne,1,TWICE,female,3,9,JYP,10,established,TWICE_Germany
,unreported,Ziggo Dome,arena,17000.0,Europe,Netherlands,Amsterdam,2,TWICE,female,3,9,JYP,10,established,TWICE_Netherlands
,unreported,The O2 Arena,arena,20000.0,Europe,England,London,2,TWICE,female,3,9,JYP,10,established,TWICE_England
1729.0,reported,MCC Hall,concert hall,,Asia,Thailand,Bangkok,1,&TEAM,male,4,9,"YX Labels,HYBE",-1821,rookie,&TEAM_Thailand
8100.0,reported,Portmesse Nagoya,concert hall,15000.0,Asia,Japan,Nagoya,1,&TEAM,male,4,9,"YX Labels,HYBE",2,rookie,&TEAM_Japan
20794.0,reported,Ariake Arena,arena,15000.0,Asia,Japan,Tokyo,2,&TEAM,male,4,9,"YX Labels,HYBE",2,rookie,&TEAM_Japan
19222.0,reported,Marine Messe,arena,15000.0,Asia,Japan,Fukuoka,2,&TEAM,male,4,9,"YX Labels,HYBE",2,rookie,&TEAM_Japan
14923.0,reported,Jamsil Indoor Stadium,arena,11069.0,Asia,South Korea,Seoul,2,&TEAM,male,4,9,"YX Labels,HYBE",2,rookie,&TEAM_South Korea
7411.0,reported,ICE BSD,concert hall,,Asia,Indonesia,Tangerang,1,&TEAM,male,4,9,"YX Labels,HYBE",2,rookie,&TEAM_Indonesia
5589.0,reported,Nangang Exhibition Center,concert hall,,Asia,Taiwan,Taipei,1,&TEAM,male,4,9,"YX Labels,HYBE",2,rookie,&TEAM_Taiwan
18301.0,reported,Glion Arena Kobe,arena,10000.0,Asia,Japan,Kobe,2,&TEAM,male,4,9,"YX Labels,HYBE",2,rookie,&TEAM_Japan
4402.0,reported,AsiaWorld–Expo,arena,14000.0,Asia,Hong Kong,Hong Kong,1,&TEAM,male,4,9,"YX Labels,HYBE",2,rookie,&TEAM_Hong Kong
54318.0,reported,Saitama Super Arena,arena,22500.0,Asia,Japan,Saitama,2,&TEAM,male,4,9,"YX Labels,HYBE",2,rookie,&TEAM_Japan
29414.0,reported,UBS Arena,arena,19000.0,North America,United States,New York,2,Agust D,male,3,1,"Bighit,HYBE",0,rookie,Agust D_United States
13286.0,reported,Prudential Center,arena,17000.0,North America,United States,Newark,1,Agust D,male,3,1,"Bighit,HYBE",0,rookie,Agust D_United States
36652.0,reported,Allstate Arena,arena,22000.0,North America,United States,Rosemont,3,Agust D,male,3,1,"Bighit,HYBE",0,rookie,Agust D_United States
42492.0,reported,Kia Forum,arena,17500.0,North America,United States,Inglewood,3,Agust D,male,3,1,"Bighit,HYBE",0,rookie,Agust D_United States
27149.0,reported,Oakland Arena,arena,19596.0,North America,United States,Oakland,2,Agust D,male,3,1,"Bighit,HYBE",0,rookie,Agust D_United States
27746.0,reported,ICE BSD,concert hall,,Asia,Indonesia,Tangerang,3,Agust D,male,3,1,"Bighit,HYBE",0,rookie,Agust D_Indonesia
26809.0,reported,Pia Arena MM,arena,12141.0,Asia,Japan,Yokohama,3,Agust D,male,3,1,"Bighit,HYBE",0,rookie,Agust D_Japan
36107.0,reported,IMPACT Arena,arena,12000.0,Asia,Thailand,Bangkok,3,Agust D,male,3,1,"Bighit,HYBE",0,rookie,Agust D_Thailand
27340.0,reported,Singapore Indoor Stadium,arena,9000.0,Asia,Singapore,Singapore,3,Agust D,male,3,1,"Bighit,HYBE",0,rookie,Agust D_Singapore
14715.0,reported,Jamsil Indoor Stadium,arena,11069.0,Asia,South Korea,Seoul,2,Agust D,male,3,1,"Bighit,HYBE",0,rookie,Agust D_South Korea
38523.0,reported,KSPO Dome,arena,15000.0,Asia,South Korea,Seoul,3,Agust D,male,3,1,"Bighit,HYBE",0,rookie,Agust D_South Korea
9312.0,reported,Olympic Hall,concert hall,2452.0,Asia,South Korea,Seoul,3,ATEEZ,male,4,8,KQ,3,growing,ATEEZ_South Korea
9312.0,reported,Wintrust Arena,arena,10387.0,North America,United States,Chicago,1,ATEEZ,male,4,8,KQ,3,growing,ATEEZ_United States
7764.0,reported,Gas South Arena,arena,13100.0,North America,United States,Duluth,1,ATEEZ,male,4,8,KQ,3,growing,ATEEZ_United States
11148.0,reported,Prudential Center,arena,17000.0,North America,United States,Newark,1,ATEEZ,male,4,8,KQ,3,growing,ATEEZ_United States
6269.0,reported,Texas Trust CU Theatre,concert hall,6350.0,North America,United States,Grand Prairie,1,ATEEZ,male,4,8,KQ,3,growing,ATEEZ_United States
19868.0,reported,Kia Forum,arena,17500.0,North America,United States,Inglewood,2,ATEEZ,male,4,8,KQ,3,growing,ATEEZ_United States
14052.0,reported,Palacio Vistalegre,arena,14000.0,Europe,Spain,Madrid,2,ATEEZ,male,4,8,KQ,3,growing,ATEEZ_Spain
18633.0,reported,Wembley Arena,arena,12500.0,Europe,England,London,2,ATEEZ,male,4,8,KQ,3,growing,ATEEZ_England
12224.0,reported,Accor Arena,arena,20300.0,Europe,France,Paris,1,ATEEZ,male,4,8,KQ,3,growing,ATEEZ_France
20843.0,reported,Uber Arena,arena,17000.0,Europe,Germany,Berlin,2,ATEEZ,male,4,8,KQ,3,growing,ATEEZ_Germany
4904.0,reported,AFAS Live,concert hall,6000.0,Europe,Netherlands,Amsterdam,1,ATEEZ,male,4,8,KQ,3,growing,ATEEZ_Netherlands
28635.0,reported,Pia Arena MM,arena,12141.0,Asia,Japan,Yokohama,3,ATEEZ,male,4,8,KQ,3,growing,ATEEZ_Japan
10191.0,reported,Jamsil Indoor Stadium,arena,11069.0,Asia,South Korea,Seoul,2,ATEEZ,male,4,8,KQ,4,growing,ATEEZ_South Korea
7940.0,reported,Oakland Arena,arena,19596.0,North America,United States,Oakland,1,ATEEZ,male,4,8,KQ,4,growing,ATEEZ_United States
23396.0,reported,Honda Center,theater,10935.0,North America,United States,Anaheim,2,ATEEZ,male,4,8,KQ,4,growing,ATEEZ_United States
9129.0,reported,Desert Diamond Arena,arena,19000.0,North America,United States,Glendale,1,ATEEZ,male,4,8,KQ,4,growing,ATEEZ_United States
11023.0,reported,Dickies Arena,arena,14000.0,North America,United States,Fort Worth,1,ATEEZ,male,4,8,KQ,4,growing,ATEEZ_United States
6421.0,reported,Wintrust Arena,arena,10387.0,North America,United States,Chicago,1,ATEEZ,male,4,8,KQ,4,growing,ATEEZ_United States
21489.0,reported,State Farm Arena,arena,18000.0,North America,United States,Atlanta,2,ATEEZ,male,4,8,KQ,4,growing,ATEEZ_United States
21559.0,reported,Prudential Center,arena,17000.0,North America,United States,Newark,2,ATEEZ,male,4,8,KQ,4,growing,ATEEZ_United States
10971.0,reported,TD Coliseum,arena,18000.0,North America,Canada,Hamilton,1,ATEEZ,male,4,8,KQ,4,growing,ATEEZ_Canada
28921.0,reported,Makuhari Messe,arena,,Asia,Japan,Chiba,2,ATEEZ,male,4,8,KQ,4,growing,ATEEZ_Japan
11343.0,reported,Ziggo Dome,arena,17000.0,Europe,Netherlands,Amsterdam,1,ATEEZ,male,4,8,KQ,4,growing,ATEEZ_Netherlands
,unreported,Uber Arena,arena,17000.0,Europe,Germany,Berlin,2,ATEEZ,male,4,8,KQ,4,growing,ATEEZ_Germany
10174.0,reported,ING Arena,arena,15000.0,Europe,Belgium,Brussels,1,ATEEZ,male,4,8,KQ,4,growing,ATEEZ_Belgium
,unreported,The O2 Arena,arena,20000.0,Europe,England,London,1,ATEEZ,male,4,8,KQ,4,growing,ATEEZ_England
9172.0,reported,Movistar Arena,arena,15000.0,Europe,Spain,Madrid,1,ATEEZ,male,4,8,KQ,4,growing,ATEEZ_Spain
9041.0,reported,Royal Arena,arena,17000.0,Europe,Denmark,Copenhagen,1,ATEEZ,male,4,8,KQ,4,growing,ATEEZ_Denmark
19120.0,reported,Accor Arena,arena,20300.0,Europe,France,Paris,2,ATEEZ,male,4,8,KQ,4,growing,ATEEZ_France
10093.0,reported,Jamsil Indoor Stadium,arena,11069.0,Asia,South Korea,Seoul,2,ATEEZ,male,4,8,KQ,4,growing,ATEEZ_South Korea
22271.0,reported,Ariake Arena,arena,15000.0,Asia,Japan,Tokyo,2,ATEEZ,male,4,8,KQ,4,growing,ATEEZ_Japan
12000.0,reported,World Memorial Hall,arena,8000.0,Asia,Japan,Kobe,2,ATEEZ,male,4,8,KQ,4,growing,ATEEZ_Japan
,unreported,Nangang Exhibition Center,concert hall,,Asia,Taiwan,Taipei,1,ATEEZ,male,4,8,KQ,4,growing,ATEEZ_Taiwan
,unreported,AsiaWorld–Expo,arena,14000.0,Asia,Hong Kong,Hong Kong,1,ATEEZ,male,4,8,KQ,4,growing,ATEEZ_Hong Kong
,unreported,Jeddah Superdome,concert hall,40000.0,Middle East,Saudi Arabia,Jeddah,1,ATEEZ,male,4,8,KQ,4,growing,ATEEZ_Saudi Arabia
,unreported,IMPACT Arena,arena,12000.0,Asia,Thailand,Bangkok,1,ATEEZ,male,4,8,KQ,4,growing,ATEEZ_Thailand
17129.0,reported,Arena CDMX,arena,22300.0,North America,Mexico,Mexico City,1,ATEEZ,male,4,8,KQ,4,growing,ATEEZ_Mexico
,unreported,Allianz Parque,stadium,55000.0,South America,Brazil,São Paulo,1,ATEEZ,male,4,8,KQ,4,growing,ATEEZ_Brazil
13665.0,reported,Movistar Arena,arena,15500.0,South America,Chile,Santiago,1,ATEEZ,male,4,8,KQ,4,growing,ATEEZ_Chile
,unreported,Coliseo Bicentenario,arena,7000.0,South America,Colombia,Bogotá,1,ATEEZ,male,4,8,KQ,4,growing,ATEEZ_Colombia
,unreported,Singapore Indoor Stadium,arena,9000.0,Asia,Singapore,Singapore,1,ATEEZ,male,4,8,KQ,4,growing,ATEEZ_Singapore
,unreported,Smart Araneta Coliseum,arena,9679.0,Asia,Philippines,Manila,1,ATEEZ,male,4,8,KQ,4,growing,ATEEZ_Philippines
12847.0,reported,Jamsil Indoor Stadium,arena,11069.0,Asia,South Korea,Seoul,2,ATEEZ,male,4,8,KQ,5,growing,ATEEZ_South Korea
45200.0,reported,Saitama Super Arena,arena,22500.0,Asia,Japan,Saitama,2,ATEEZ,male,4,8,KQ,5,growing,ATEEZ_Japan
13661.0,reported,Tacoma Dome,arena,21000.0,North America,United States,Tacoma,1,ATEEZ,male,4,8,KQ,5,growing,ATEEZ_United States
11001.0,reported,Oakland Arena,arena,19596.0,North America,United States,Oakland,1,ATEEZ,male,4,8,KQ,5,growing,ATEEZ_United States
38145.0,reported,BMO Stadium,stadium,22000.0,North America,United States,Los Angeles,2,ATEEZ,male,4,8,KQ,5,growing,ATEEZ_United States
10763.0,reported,Mortgage Matchup Center,arena,12565.0,North America,United States,Phoenix,1,ATEEZ,male,4,8,KQ,5,growing,ATEEZ_United States
27938.0,reported,Globe Life Field,stadium,40300.0,North America,United States,Arlington,1,ATEEZ,male,4,8,KQ,5,growing,ATEEZ_United States
18865.0,reported,Gas South Arena,arena,13100.0,North America,United States,Duluth,2,ATEEZ,male,4,8,KQ,5,growing,ATEEZ_United States
28467.0,reported,Citi Field,stadium,41922.0,North America,United States,New York,1,ATEEZ,male,4,8,KQ,5,growing,ATEEZ_United States
12766.0,reported,Capital One Arena,arena,20356.0,North America,United States,Washington,1,ATEEZ,male,4,8,KQ,5,growing,ATEEZ_United States
10322.0,reported,Scotiabank Arena,arena,19800.0,North America,Canada,Toronto,1,ATEEZ,male,4,8,KQ,5,growing,ATEEZ_Canada
20286.0,reported,Allstate Arena,arena,22000.0,North America,United States,Rosemont,2,ATEEZ,male,4,8,KQ,5,growing,ATEEZ_United States
10894.0,reported,LDLC Arena,arena,16000.0,Europe,France,Lyon,1,ATEEZ,male,4,8,KQ,6,established,ATEEZ_France
9514.0,reported,Unipol Forum,arena,15800.0,Europe,Italy,Milan,1,ATEEZ,male,4,8,KQ,6,established,ATEEZ_Italy
9607.0,reported,Hallenstadion,arena,13000.0,Europe,Switzerland,Zürich,1,ATEEZ,male,4,8,KQ,6,established,ATEEZ_Switzerland
22129.0,reported,The O2 Arena,arena,20000.0,Europe,England,London,2,ATEEZ,male,4,8,KQ,6,established,ATEEZ_England
11836.0,reported,AO Arena,arena,21000.0,Europe,England,Manchester,1,ATEEZ,male,4,8,KQ,6,established,ATEEZ_England
13663.0,reported,Ziggo Dome,arena,17000.0,Europe,Netherlands,Amsterdam,1,ATEEZ,male,4,8,KQ,6,established,ATEEZ_Netherlands
13765.0,reported,Palau Sant Jordi,arena,17960.0,Europe,Spain,Barcelona,1,ATEEZ,male,4,8,KQ,6,established,ATEEZ_Spain
14156.0,reported,Lanxess Arena,arena,20000.0,Europe,Germany,Cologne,1,ATEEZ,male,4,8,KQ,6,established,ATEEZ_Germany
11862.0,reported,Royal Arena,arena,17000.0,Europe,Denmark,Copenhagen,1,ATEEZ,male,4,8,KQ,6,established,ATEEZ_Denmark
24479.0,reported,Uber Arena,arena,17000.0,Europe,Germany,Berlin,2,ATEEZ,male,4,8,KQ,6,established,ATEEZ_Germany
29225.0,reported,La Défense Arena,arena,45000.0,Europe,France,Paris,1,ATEEZ,male,4,8,KQ,6,established,ATEEZ_France
9809.0,reported,ING Arena,arena,15000.0,Europe,Belgium,Brussels,1,ATEEZ,male,4,8,KQ,6,established,ATEEZ_Belgium
23280.0,reported,KSPO Dome,arena,15000.0,Asia,South Korea,Seoul,2,ATEEZ,male,4,8,KQ,6,established,ATEEZ_South Korea
,unreported,Inspire Arena,arena,15000.0,Asia,South Korea,Incheon,2,ATEEZ,male,4,8,KQ,6,established,ATEEZ_South Korea
10144.0,reported,State Farm Arena,arena,18000.0,North America,United States,Atlanta,1,ATEEZ,male,4,8,KQ,6,established,ATEEZ_United States
24694.0,reported,Citi Field,stadium,41922.0,North America,United States,New York,1,ATEEZ,male,4,8,KQ,6,established,ATEEZ_United States
9502.0,reported,CFG Bank Arena,arena,13000.0,North America,United States,Baltimore,1,ATEEZ,male,4,8,KQ,6,established,ATEEZ_United States
8558.0,reported,Bridgestone Arena,arena,20000.0,North America,United States,Nashville,1,ATEEZ,male,4,8,KQ,6,established,ATEEZ_United States
19877.0,reported,Kia Center,arena,17030.0,North America,United States,Orlando,2,ATEEZ,male,4,8,KQ,6,established,ATEEZ_United States
20186.0,reported,Wrigley Field,stadium,41649.0,North America,United States,Chicago,1,ATEEZ,male,4,8,KQ,6,established,ATEEZ_United States
12623.0,reported,Tacoma Dome,arena,21000.0,North America,United States,Tacoma,1,ATEEZ,male,4,8,KQ,6,established,ATEEZ_United States
10591.0,reported,SAP Center,arena,19190.0,North America,United States,San Jose,1,ATEEZ,male,4,8,KQ,6,established,ATEEZ_United States
36631.0,reported,BMO Stadium,stadium,22000.0,North America,United States,Los Angeles,2,ATEEZ,male,4,8,KQ,6,established,ATEEZ_United States
8666.0,reported,Desert Diamond Arena,arena,19000.0,North America,United States,Glendale,1,ATEEZ,male,4,8,KQ,6,established,ATEEZ_United States
29845.0,reported,Globe Life Field,stadium,40300.0,North America,United States,Arlington,1,ATEEZ,male,4,8,KQ,6,established,ATEEZ_United States
28134.0,reported,Estadio GNP Seguros,stadium,65000.0,North America,Mexico,Mexico City,1,ATEEZ,male,4,8,KQ,6,established,ATEEZ_Mexico
,unreported,Saitama Super Arena,arena,22500.0,Asia,Japan,Saitama,3,ATEEZ,male,4,8,KQ,6,established,ATEEZ_Japan
,unreported,Portmesse Nagoya,concert hall,15000.0,Asia,Japan,Nagoya,2,ATEEZ,male,4,8,KQ,6,established,ATEEZ_Japan
,unreported,Glion Arena Kobe,arena,10000.0,Asia,Japan,Kobe,2,ATEEZ,male,4,8,KQ,6,established,ATEEZ_Japan
,unreported,NTSU Arena,arena,15000.0,Asia,Taiwan,Taoyuan,1,ATEEZ,male,4,8,KQ,7,established,ATEEZ_Taiwan
,unreported,ICE BSD,concert hall,,Asia,Indonesia,Tangerang,1,ATEEZ,male,4,8,KQ,7,established,ATEEZ_Indonesia
,unreported,Singapore Indoor Stadium,arena,9000.0,Asia,Singapore,Singapore,1,ATEEZ,male,4,8,KQ,7,established,ATEEZ_Singapore
,unreported,Rod Laver Arena,arena,14820.0,Oceania,Australia,Melbourne,2,ATEEZ,male,4,8,KQ,7,established,ATEEZ_Australia
,unreported,Qudos Bank Arena,arena,18000.0,Oceania,Australia,Sydney,2,ATEEZ,male,4,8,KQ,7,established,ATEEZ_Australia
,unreported,Smart Araneta Coliseum,arena,9679.0,Asia,Philippines,Manila,1,ATEEZ,male,4,8,KQ,7,established,ATEEZ_Philippines
,unreported,Unifi Arena,arena,11000.0,Asia,Malaysia,Kuala Lumpur,1,ATEEZ,male,4,8,KQ,7,established,ATEEZ_Malaysia
,unreported,Venetian Arena,arena,14000.0,Asia,Macau,Macau,1,ATEEZ,male,4,8,KQ,7,established,ATEEZ_Macau
,unreported,IMPACT Arena,arena,12000.0,Asia,Thailand,Bangkok,1,ATEEZ,male,4,8,KQ,7,established,ATEEZ_Thailand
11552.0,reported,Inspire Arena,arena,15000.0,Asia,South Korea,Incheon,2,BOYNEXTDOOR,male,5,6,"KOZ,HYBE",1,rookie,BOYNEXTDOOR_South Korea
2243.0,reported,Tachikawa Stage Garden,concert hall,2448.0,Asia,Japan,Tokyo,1,BOYNEXTDOOR,male,5,6,"KOZ,HYBE",1,rookie,BOYNEXTDOOR_Japan
2099.0,reported,Niterra Forest Hall,concert hall,,Asia,Japan,Nagoya,1,BOYNEXTDOOR,male,5,6,"KOZ,HYBE",1,rookie,BOYNEXTDOOR_Japan
7458.0,reported,Grand Cube Osaka,concert hall,,Asia,Japan,Osaka,2,BOYNEXTDOOR,male,5,6,"KOZ,HYBE",1,rookie,BOYNEXTDOOR_Japan
2056.0,reported,Sendai Sun Plaza Hall,concert hall,2710.0,Asia,Japan,Sendai,1,BOYNEXTDOOR,male,5,6,"KOZ,HYBE",1,rookie,BOYNEXTDOOR_Japan
4384.0,reported,Fukuoka Sunpalace Hotel Hall,concert hall,2316.0,Asia,Japan,Fukuoka,2,BOYNEXTDOOR,male,5,6,"KOZ,HYBE",1,rookie,BOYNEXTDOOR_Japan
16479.0,reported,Pacifico Yokohama,concert hall,6000.0,Asia,Japan,Yokohama,3,BOYNEXTDOOR,male,5,6,"KOZ,HYBE",1,rookie,BOYNEXTDOOR_Japan
3869.0,reported,Singapore Expo,concert hall,,Asia,Singapore,Tampines,1,BOYNEXTDOOR,male,5,6,"KOZ,HYBE",1,rookie,BOYNEXTDOOR_Singapore
3109.0,reported,Smart Araneta Coliseum,arena,9679.0,Asia,Philippines,Manila,1,BOYNEXTDOOR,male,5,6,"KOZ,HYBE",1,rookie,BOYNEXTDOOR_Philippines
,unreported,IMPACT Thunder Dome,concert hall,3500.0,Asia,Thailand,Bangkok,1,BOYNEXTDOOR,male,5,6,"KOZ,HYBE",1,rookie,BOYNEXTDOOR_Thailand
4472.0,reported,Nangang Exhibition Center,concert hall,,Asia,Taiwan,Taipei,1,BOYNEXTDOOR,male,5,6,"KOZ,HYBE",1,rookie,BOYNEXTDOOR_Taiwan
4917.0,reported,AsiaWorld–Expo,arena,14000.0,Asia,Hong Kong,Hong Kong,1,BOYNEXTDOOR,male,5,6,"KOZ,HYBE",1,rookie,BOYNEXTDOOR_Hong Kong
3931.0,reported,Istora Senayan,arena,7166.0,Asia,Indonesia,Jakarta,1,BOYNEXTDOOR,male,5,6,"KOZ,HYBE",1,rookie,BOYNEXTDOOR_Indonesia
27000.0,reported,Keio Arena Tokyo,arena,10000.0,Asia,Japan,Tokyo,3,BOYNEXTDOOR,male,5,6,"KOZ,HYBE",2,rookie,BOYNEXTDOOR_Japan
31280.0,reported,KSPO Dome,arena,15000.0,Asia,South Korea,Seoul,3,BOYNEXTDOOR,male,5,6,"KOZ,HYBE",2,rookie,BOYNEXTDOOR_South Korea
,unreported,Gocheok Sky Dome,stadium,16744.0,Asia,South Korea,Seoul,2,BTS,male,3,7,"Bighit,HYBE",3,growing,BTS_South Korea
,unreported,Movistar Arena,arena,15500.0,South America,Chile,Santiago,2,BTS,male,3,7,"Bighit,HYBE",3,growing,BTS_Chile
15327.0,reported,Vibra São Paulo,theater,7000.0,South America,Brazil,São Paulo,2,BTS,male,3,7,"Bighit,HYBE",3,growing,BTS_Brazil
22612.0,reported,Prudential Center,arena,17000.0,North America,United States,Newark,2,BTS,male,3,7,"Bighit,HYBE",3,growing,BTS_United States
,unreported,Allstate Arena,arena,22000.0,North America,United States,Rosemont,1,BTS,male,3,7,"Bighit,HYBE",3,growing,BTS_United States
,unreported,Honda Center,theater,10935.0,North America,United States,Anaheim,2,BTS,male,3,7,"Bighit,HYBE",3,growing,BTS_United States
,unreported,IMPACT Arena,arena,12000.0,Asia,Thailand,Bangkok,2,BTS,male,3,7,"Bighit,HYBE",3,growing,BTS_Thailand
,unreported,ICE BSD,concert hall,,Asia,Indonesia,Tangerang,1,BTS,male,3,7,"Bighit,HYBE",3,growing,BTS_Indonesia
,unreported,SM Mall of Asia Arena,arena,15000.0,Asia,Philippines,Pasay,2,BTS,male,3,7,"Bighit,HYBE",3,growing,BTS_Philippines
,unreported,AsiaWorld–Expo,arena,14000.0,Asia,Hong Kong,Hong Kong,2,BTS,male,3,7,"Bighit,HYBE",3,growing,BTS_Hong Kong
11023.0,reported,Qudos Bank Arena,arena,18000.0,Oceania,Australia,Sydney,1,BTS,male,3,7,"Bighit,HYBE",3,growing,BTS_Australia
,unreported,Osaka-jō Hall,arena,16000.0,Asia,Japan,Osaka,3,BTS,male,3,7,"Bighit,HYBE",3,growing,BTS_Japan
,unreported,Hiroshima Green Arena,arena,10000.0,Asia,Japan,Hiroshima,1,BTS,male,3,7,"Bighit,HYBE",3,growing,BTS_Japan
,unreported,Nippon Gaishi Hall,arena,10000.0,Asia,Japan,Nagoya,2,BTS,male,3,7,"Bighit,HYBE",4,growing,BTS_Japan
,unreported,Saitama Super Arena,arena,22500.0,Asia,Japan,Saitama,3,BTS,male,3,7,"Bighit,HYBE",4,growing,BTS_Japan
,unreported,Marine Messe,arena,15000.0,Asia,Japan,Fukuoka,2,BTS,male,3,7,"Bighit,HYBE",4,growing,BTS_Japan
,unreported,Makomanai Ice Arena,arena,10024.0,Asia,Japan,Sapporo,2,BTS,male,3,7,"Bighit,HYBE",4,growing,BTS_Japan
,unreported,Kyocera Dome,stadium,55000.0,Asia,Japan,Osaka,2,BTS,male,3,7,"Bighit,HYBE",4,growing,BTS_Japan
,unreported,NTSU Arena,arena,15000.0,Asia,Taiwan,Taoyuan,2,BTS,male,3,7,"Bighit,HYBE",4,growing,BTS_Taiwan
,unreported,Venetian Arena,arena,14000.0,Asia,Macau,Macau,1,BTS,male,3,7,"Bighit,HYBE",4,growing,BTS_Macau
,unreported,Gocheok Sky Dome,stadium,16744.0,Asia,South Korea,Seoul,3,BTS,male,3,7,"Bighit,HYBE",4,growing,BTS_South Korea
85366.0,reported,Seoul Olympic Stadium,stadium,65599.0,Asia,South Korea,Seoul,2,BTS,male,3,7,"Bighit,HYBE",5,growing,BTS_South Korea
56220.0,reported,Crypto.com Arena,stadium,20000.0,North America,United States,Los Angeles,4,BTS,male,3,7,"Bighit,HYBE",5,growing,BTS_United States
10743.0,reported,Oakland Arena,arena,19596.0,North America,United States,Oakland,1,BTS,male,3,7,"Bighit,HYBE",5,growing,BTS_United States
17452.0,reported,Fort Worth Convention Center,arena,13500.0,North America,United States,Fort Worth,2,BTS,male,3,7,"Bighit,HYBE",5,growing,BTS_United States
35574.0,reported,TD Coliseum,arena,18000.0,North America,Canada,Hamilton,3,BTS,male,3,7,"Bighit,HYBE",5,growing,BTS_Canada
25236.0,reported,Prudential Center,arena,17000.0,North America,United States,Newark,2,BTS,male,3,7,"Bighit,HYBE",5,growing,BTS_United States
27880.0,reported,United Center,arena,23500.0,North America,United States,Chicago,2,BTS,male,3,7,"Bighit,HYBE",5,growing,BTS_United States
34327.0,reported,Citi Field,stadium,41922.0,North America,United States,New York,1,BTS,male,3,7,"Bighit,HYBE",5,growing,BTS_United States
31475.0,reported,The O2 Arena,arena,20000.0,Europe,England,London,2,BTS,male,3,7,"Bighit,HYBE",5,growing,BTS_England
13893.0,reported,Ziggo Dome,arena,17000.0,Europe,Netherlands,Amsterdam,1,BTS,male,3,7,"Bighit,HYBE",5,growing,BTS_Netherlands
24384.0,reported,Uber Arena,arena,17000.0,Europe,Germany,Berlin,2,BTS,male,3,7,"Bighit,HYBE",5,growing,BTS_Germany
28149.0,reported,Accor Arena,arena,20300.0,Europe,France,Paris,2,BTS,male,3,7,"Bighit,HYBE",5,growing,BTS_France
95939.0,reported,Tokyo Dome,stadium,55000.0,Asia,Japan,Tokyo,2,BTS,male,3,7,"Bighit,HYBE",5,growing,BTS_Japan
109679.0,reported,Kyocera Dome,stadium,55000.0,Asia,Japan,Osaka,3,BTS,male,3,7,"Bighit,HYBE",5,growing,BTS_Japan
50144.0,reported,Rakuten Taoyuan Baseball Stadium,stadium,18000.0,Asia,Taiwan,Taoyuan,2,BTS,male,3,7,"Bighit,HYBE",5,growing,BTS_Taiwan
79621.0,reported,Vantelin Dome,stadium,36418.0,Asia,Japan,Nagoya,2,BTS,male,3,7,"Bighit,HYBE",5,growing,BTS_Japan
39946.0,reported,Singapore National Stadium,stadium,55000.0,Asia,Singapore,Singapore,1,BTS,male,3,7,"Bighit,HYBE",5,growing,BTS_Singapore
72801.0,reported,PayPay Dome,stadium,47500.0,Asia,Japan,Fukuoka,2,BTS,male,3,7,"Bighit,HYBE",5,growing,BTS_Japan
46630.0,reported,AsiaWorld–Expo,arena,14000.0,Asia,Hong Kong,Hong Kong,4,BTS,male,3,7,"Bighit,HYBE",5,growing,BTS_Hong Kong
68900.0,reported,Rajamangala Stadium,stadium,51560.0,Asia,Thailand,Bangkok,2,BTS,male,3,7,"Bighit,HYBE",5,growing,BTS_Thailand
113040.0,reported,Rose Bowl,concert hall,,North America,United States,Pasadena,2,BTS,male,3,7,"Bighit,HYBE",5,growing,BTS_United States
98574.0,reported,Soldier Field,stadium,62500.0,North America,United States,Chicago,2,BTS,male,3,7,"Bighit,HYBE",5,growing,BTS_United States
98574.0,reported,MetLife Stadium,stadium,82500.0,North America,United States,East Rutherford,2,BTS,male,3,7,"Bighit,HYBE",5,growing,BTS_United States
84728.0,reported,Allianz Parque,stadium,55000.0,South America,Brazil,São Paulo,2,BTS,male,3,7,"Bighit,HYBE",5,growing,BTS_Brazil
114583.0,reported,Wembley Stadium,stadium,90000.0,Europe,England,London,2,BTS,male,3,7,"Bighit,HYBE",5,growing,BTS_England
107328.0,reported,Stade de France,stadium,81338.0,Europe,France,Paris,2,BTS,male,3,7,"Bighit,HYBE",5,growing,BTS_France
101554.0,reported,Nagai Stadium,stadium,47853.0,Asia,Japan,Osaka,2,BTS,male,3,7,"Bighit,HYBE",6,established,BTS_Japan
107153.0,reported,Shizuoka Stadium ECOPA,stadium,50889.0,Asia,Japan,Shizuoka,2,BTS,male,3,7,"Bighit,HYBE",6,established,BTS_Japan
31899.0,reported,King Fahd Sports City Stadium,stadium,58398.0,Middle East,Saudi Arabia,Riyadh,1,BTS,male,3,7,"Bighit,HYBE",6,established,BTS_Saudi Arabia
129268.0,reported,Seoul Olympic Stadium,stadium,65599.0,Asia,South Korea,Seoul,3,BTS,male,3,7,"Bighit,HYBE",6,established,BTS_South Korea
106294.0,reported,SoFi Stadium,stadium,70240.0,North America,United States,Inglewood,2,BTS,male,3,7,"Bighit,HYBE",8,established,BTS_United States
107458.0,reported,SoFi Stadium,stadium,70240.0,North America,United States,Inglewood,2,BTS,male,3,7,"Bighit,HYBE",8,established,BTS_United States
44696.0,reported,Seoul Olympic Stadium,stadium,65599.0,Asia,South Korea,Seoul,3,BTS,male,3,7,"Bighit,HYBE",8,established,BTS_South Korea
99277.0,reported,Allegiant Stadium,stadium,65000.0,North America,United States,Las Vegas,2,BTS,male,3,7,"Bighit,HYBE",8,established,BTS_United States
100420.0,reported,Allegiant Stadium,stadium,65000.0,North America,United States,Las Vegas,2,BTS,male,3,7,"Bighit,HYBE",8,established,BTS_United States
127218.0,reported,Goyang Stadium,stadium,41311.0,Asia,South Korea,Goyang,3,BTS,male,3,7,"Bighit,HYBE",12,legacy,BTS_South Korea
96178.0,reported,Tokyo Dome,stadium,55000.0,Asia,Japan,Tokyo,2,BTS,male,3,7,"Bighit,HYBE",12,legacy,BTS_Japan
194335.0,reported,Raymond James Stadium,stadium,69218.0,North America,United States,Tampa,3,BTS,male,3,7,"Bighit,HYBE",12,legacy,BTS_United States
97722.0,reported,Sun Bowl,stadium,45971.0,North America,United States,El Paso,2,BTS,male,3,7,"Bighit,HYBE",12,legacy,BTS_United States
145763.0,reported,Estadio GNP Seguros,stadium,65000.0,North America,Mexico,Mexico City,3,BTS,male,3,7,"Bighit,HYBE",12,legacy,BTS_Mexico
170721.0,parcial,Stanford Stadium,stadium,50424.0,North America,United States,Stanford,3,BTS,male,3,7,"Bighit,HYBE",12,legacy,BTS_United States
241820.0,parcial,Allegiant Stadium,stadium,65000.0,North America,United States,Las Vegas,4,BTS,male,3,7,"Bighit,HYBE",12,legacy,BTS_United States
,unreported,Estadio Metropolitano,stadium,60000.0,Europe,Spain,Madrid,2,BTS,male,3,7,"Bighit,HYBE",13,legacy,BTS_Spain
,unreported,King Baudouin Stadium,stadium,50093.0,Europe,Belgium,Brussels,2,BTS,male,3,7,"Bighit,HYBE",13,legacy,BTS_Belgium
,unreported,Tottenham Hotspur Stadium,stadium,62850.0,Europe,England,London,2,BTS,male,3,7,"Bighit,HYBE",13,legacy,BTS_England
,unreported,Allianz Arena,stadium,70000.0,Europe,Germany,Munich,2,BTS,male,3,7,"Bighit,HYBE",13,legacy,BTS_Germany
,unreported,Stade de France,stadium,81338.0,Europe,France,Paris,2,BTS,male,3,7,"Bighit,HYBE",13,legacy,BTS_France
162194.0,parcial,MetLife Stadium,stadium,82500.0,North America,United States,East Rutherford,2,BTS,male,3,7,"Bighit,HYBE",13,legacy,BTS_United States
138276.0,parcial,Gillette Stadium,stadium,64628.0,North America,United States,Foxborough,2,BTS,male,3,7,"Bighit,HYBE",13,legacy,BTS_United States
,unreported,M&T Bank Stadium,stadium,70745.0,North America,United States,Baltimore,2,BTS,male,3,7,"Bighit,HYBE",13,legacy,BTS_United States
,unreported,AT&T Stadium,stadium,100000.0,North America,United States,Arlington,2,BTS,male,3,7,"Bighit,HYBE",13,legacy,BTS_United States
101094.0,parcial,Rogers Stadium,stadium,50000.0,North America,Canada,Toronto,2,BTS,male,3,7,"Bighit,HYBE",13,legacy,BTS_Canada
124242.0,parcial,Soldier Field,stadium,62500.0,North America,United States,Chicago,2,BTS,male,3,7,"Bighit,HYBE",13,legacy,BTS_United States
287800.0,parcial,SoFi Stadium,stadium,70240.0,North America,United States,Inglewood,4,BTS,male,3,7,"Bighit,HYBE",13,legacy,BTS_United States
,unreported,MorumBIS,stadium,72039.0,South America,Brazil,São Paulo,3,BTS,male,3,7,"Bighit,HYBE",13,legacy,BTS_Brazil
,unreported,Singapore National Stadium,stadium,55000.0,Asia,Singapore,Singapore,4,BTS,male,3,7,"Bighit,HYBE",13,legacy,BTS_Singapore
7966.0,reported,Handball Gymnasium,arena,6500.0,Asia,South Korea,Seoul,2,ENHYPEN,male,4,6,"Belift,HYBE",1,rookie,ENHYPEN_South Korea
19826.0,reported,Honda Center,theater,10935.0,North America,United States,Anaheim,2,ENHYPEN,male,4,6,"Belift,HYBE",1,rookie,ENHYPEN_United States
10043.0,reported,Dickies Arena,arena,14000.0,North America,United States,Fort Worth,1,ENHYPEN,male,4,6,"Belift,HYBE",1,rookie,ENHYPEN_United States
6122.0,reported,Smart Financial Centre,concert hall,6400.0,North America,United States,Sugar Land,1,ENHYPEN,male,4,6,"Belift,HYBE",1,rookie,ENHYPEN_United States
8515.0,reported,Gas South Arena,arena,13100.0,North America,United States,Duluth,1,ENHYPEN,male,4,6,"Belift,HYBE",1,rookie,ENHYPEN_United States
5961.0,reported,Wintrust Arena,arena,10387.0,North America,United States,Chicago,1,ENHYPEN,male,4,6,"Belift,HYBE",1,rookie,ENHYPEN_United States
5577.0,reported,Radio City,theater,5960.0,North America,United States,New York,1,ENHYPEN,male,4,6,"Belift,HYBE",1,rookie,ENHYPEN_United States
17019.0,reported,Nippon Gaishi Hall,arena,10000.0,Asia,Japan,Nagoya,2,ENHYPEN,male,4,6,"Belift,HYBE",1,rookie,ENHYPEN_Japan
18800.0,reported,Osaka-jō Hall,arena,16000.0,Asia,Japan,Osaka,2,ENHYPEN,male,4,6,"Belift,HYBE",1,rookie,ENHYPEN_Japan
22723.0,reported,Yokohama Arena,arena,17000.0,Asia,Japan,Yokohama,2,ENHYPEN,male,4,6,"Belift,HYBE",1,rookie,ENHYPEN_Japan
80371.0,reported,Kyocera Dome,stadium,55000.0,Asia,Japan,Osaka,2,ENHYPEN,male,4,6,"Belift,HYBE",2,rookie,ENHYPEN_Japan
19400.0,reported,IMPACT Arena,arena,12000.0,Asia,Thailand,Bangkok,2,ENHYPEN,male,4,6,"Belift,HYBE",2,rookie,ENHYPEN_Thailand
25650.0,reported,SM Mall of Asia Arena,arena,15000.0,Asia,Philippines,Pasay,3,ENHYPEN,male,4,6,"Belift,HYBE",2,rookie,ENHYPEN_Philippines
15376.0,reported,KSPO Dome,arena,15000.0,Asia,South Korea,Seoul,2,ENHYPEN,male,4,6,"Belift,HYBE",2,rookie,ENHYPEN_South Korea
60495.0,reported,Kyocera Dome,stadium,55000.0,Asia,Japan,Osaka,2,ENHYPEN,male,4,6,"Belift,HYBE",2,rookie,ENHYPEN_Japan
76571.0,reported,Tokyo Dome,stadium,55000.0,Asia,Japan,Tokyo,2,ENHYPEN,male,4,6,"Belift,HYBE",2,rookie,ENHYPEN_Japan
22446.0,reported,Dignity Health Sports Park,stadium,27000.0,North America,United States,Carson,1,ENHYPEN,male,4,6,"Belift,HYBE",2,rookie,ENHYPEN_United States
8551.0,reported,Desert Diamond Arena,arena,19000.0,North America,United States,Glendale,1,ENHYPEN,male,4,6,"Belift,HYBE",2,rookie,ENHYPEN_United States
9405.0,reported,Toyota Center,arena,19000.0,North America,United States,Houston,1,ENHYPEN,male,4,6,"Belift,HYBE",2,rookie,ENHYPEN_United States
11687.0,reported,American Airlines Center,arena,21000.0,North America,United States,Dallas,1,ENHYPEN,male,4,6,"Belift,HYBE",2,rookie,ENHYPEN_United States
20052.0,reported,Prudential Center,arena,17000.0,North America,United States,Newark,2,ENHYPEN,male,4,6,"Belift,HYBE",2,rookie,ENHYPEN_United States
12748.0,reported,United Center,arena,23500.0,North America,United States,Chicago,1,ENHYPEN,male,4,6,"Belift,HYBE",2,rookie,ENHYPEN_United States
15712.0,reported,NTSU Arena,arena,15000.0,Asia,Taiwan,Taoyuan,2,ENHYPEN,male,4,6,"Belift,HYBE",3,growing,ENHYPEN_Taiwan
17374.0,reported,Singapore Indoor Stadium,arena,9000.0,Asia,Singapore,Singapore,2,ENHYPEN,male,4,6,"Belift,HYBE",3,growing,ENHYPEN_Singapore
31363.0,reported,Galaxy Arena,arena,16000.0,Asia,Macau,Macau,3,ENHYPEN,male,4,6,"Belift,HYBE",3,growing,ENHYPEN_Macau
23764.0,reported,New Clark Stadium,stadium,20000.0,Asia,Philippines,New Clark City,1,ENHYPEN,male,4,6,"Belift,HYBE",3,growing,ENHYPEN_Philippines
25077.0,reported,KSPO Dome,arena,15000.0,Asia,South Korea,Seoul,3,ENHYPEN,male,4,6,"Belift,HYBE",3,growing,ENHYPEN_South Korea
11108.0,reported,Honda Center,theater,10935.0,North America,United States,Anaheim,1,ENHYPEN,male,4,6,"Belift,HYBE",3,growing,ENHYPEN_United States
11950.0,reported,Oakland Arena,arena,19596.0,North America,United States,Oakland,1,ENHYPEN,male,4,6,"Belift,HYBE",3,growing,ENHYPEN_United States
15684.0,reported,Tacoma Dome,arena,21000.0,North America,United States,Tacoma,1,ENHYPEN,male,4,6,"Belift,HYBE",3,growing,ENHYPEN_United States
11428.0,reported,Allstate Arena,arena,22000.0,North America,United States,Rosemont,1,ENHYPEN,male,4,6,"Belift,HYBE",3,growing,ENHYPEN_United States
12224.0,reported,UBS Arena,arena,19000.0,North America,United States,New York,1,ENHYPEN,male,4,6,"Belift,HYBE",3,growing,ENHYPEN_United States
51649.0,reported,Saitama Super Arena,arena,22500.0,Asia,Japan,Saitama,3,ENHYPEN,male,4,6,"Belift,HYBE",3,growing,ENHYPEN_Japan
20323.0,reported,Marine Messe,arena,15000.0,Asia,Japan,Fukuoka,2,ENHYPEN,male,4,6,"Belift,HYBE",3,growing,ENHYPEN_Japan
13639.0,reported,Hiroshima Green Arena,arena,10000.0,Asia,Japan,Hiroshima,2,ENHYPEN,male,4,6,"Belift,HYBE",3,growing,ENHYPEN_Japan
21071.0,reported,Indonesia Arena,arena,16500.0,Asia,Indonesia,Jakarta,2,ENHYPEN,male,4,6,"Belift,HYBE",3,growing,ENHYPEN_Indonesia
23011.0,reported,Portmesse Nagoya,concert hall,15000.0,Asia,Japan,Nagoya,2,ENHYPEN,male,4,6,"Belift,HYBE",3,growing,ENHYPEN_Japan
15689.0,reported,Sekisui Heim Super Arena,arena,7063.0,Asia,Japan,Miyagi,2,ENHYPEN,male,4,6,"Belift,HYBE",3,growing,ENHYPEN_Japan
16640.0,reported,Goyang Stadium,stadium,41311.0,Asia,South Korea,Goyang,2,ENHYPEN,male,4,6,"Belift,HYBE",3,growing,ENHYPEN_South Korea
59948.0,reported,Belluna Dome,stadium,31552.0,Asia,Japan,Saitama,2,ENHYPEN,male,4,6,"Belift,HYBE",3,growing,ENHYPEN_Japan
50345.0,reported,PayPay Dome,stadium,47500.0,Asia,Japan,Fukuoka,2,ENHYPEN,male,4,6,"Belift,HYBE",4,growing,ENHYPEN_Japan
75981.0,reported,Kyocera Dome,stadium,55000.0,Asia,Japan,Osaka,2,ENHYPEN,male,4,6,"Belift,HYBE",4,growing,ENHYPEN_Japan
19482.0,reported,Philippine Sports Stadium,stadium,25000.0,Asia,Philippines,Bulacan,1,ENHYPEN,male,4,6,"Belift,HYBE",4,growing,ENHYPEN_Philippines
29882.0,reported,Rajamangala Stadium,stadium,51560.0,Asia,Thailand,Bangkok,1,ENHYPEN,male,4,6,"Belift,HYBE",4,growing,ENHYPEN_Thailand
77820.0,reported,Ajinomoto Stadium,stadium,49970.0,Asia,Japan,Tokyo,2,ENHYPEN,male,4,6,"Belift,HYBE",4,growing,ENHYPEN_Japan
85868.0,reported,Nagai Stadium,stadium,47853.0,Asia,Japan,Osaka,2,ENHYPEN,male,4,6,"Belift,HYBE",4,growing,ENHYPEN_Japan
22983.0,reported,UBS Arena,arena,19000.0,North America,United States,New York,2,ENHYPEN,male,4,6,"Belift,HYBE",4,growing,ENHYPEN_United States
12626.0,reported,United Center,arena,23500.0,North America,United States,Chicago,1,ENHYPEN,male,4,6,"Belift,HYBE",4,growing,ENHYPEN_United States
18859.0,reported,Toyota Center,arena,19000.0,North America,United States,Houston,2,ENHYPEN,male,4,6,"Belift,HYBE",4,growing,ENHYPEN_United States
22298.0,reported,BMO Stadium,stadium,22000.0,North America,United States,Los Angeles,1,ENHYPEN,male,4,6,"Belift,HYBE",4,growing,ENHYPEN_United States
15758.0,reported,The O2 Arena,arena,20000.0,Europe,England,London,1,ENHYPEN,male,4,6,"Belift,HYBE",4,growing,ENHYPEN_England
9576.0,reported,AO Arena,arena,21000.0,Europe,England,Manchester,1,ENHYPEN,male,4,6,"Belift,HYBE",4,growing,ENHYPEN_England
13460.0,reported,Ziggo Dome,arena,17000.0,Europe,Netherlands,Amsterdam,1,ENHYPEN,male,4,6,"Belift,HYBE",4,growing,ENHYPEN_Netherlands
8363.0,reported,ING Arena,arena,15000.0,Europe,Belgium,Brussels,1,ENHYPEN,male,4,6,"Belift,HYBE",4,growing,ENHYPEN_Belgium
12597.0,reported,Uber Arena,arena,17000.0,Europe,Germany,Berlin,1,ENHYPEN,male,4,6,"Belift,HYBE",4,growing,ENHYPEN_Germany
12898.0,reported,Accor Arena,arena,20300.0,Europe,France,Paris,1,ENHYPEN,male,4,6,"Belift,HYBE",4,growing,ENHYPEN_France
23718.0,reported,Singapore Indoor Stadium,arena,9000.0,Asia,Singapore,Singapore,3,ENHYPEN,male,4,6,"Belift,HYBE",4,growing,ENHYPEN_Singapore
28799.0,reported,KSPO Dome,arena,15000.0,Asia,South Korea,Seoul,3,ENHYPEN,male,4,6,"Belift,HYBE",4,growing,ENHYPEN_South Korea
32280.0,missing,KSPO Dome,arena,15000.0,Asia,South Korea,Seoul,3,ENHYPEN,male,4,6,"Belift,HYBE",5,growing,ENHYPEN_South Korea
,unreported,Allianz Parque,stadium,55000.0,South America,Brazil,São Paulo,1,ENHYPEN,male,4,6,"Belift,HYBE",5,growing,ENHYPEN_Brazil
,unreported,Estadio San Marcos,stadium,32000.0,South America,Peru,Lima,1,ENHYPEN,male,4,6,"Belift,HYBE",5,growing,ENHYPEN_Peru
,unreported,Arena CDMX,arena,22300.0,North America,Mexico,Mexico City,3,ENHYPEN,male,4,6,"Belift,HYBE",5,growing,ENHYPEN_Mexico
18818.0,parcial,American Airlines Center,arena,21000.0,North America,United States,Dallas,2,ENHYPEN,male,4,6,"Belift,HYBE",5,growing,ENHYPEN_United States
,unreported,Oakland Arena,arena,19596.0,North America,United States,Oakland,2,ENHYPEN,male,4,6,"Belift,HYBE",5,growing,ENHYPEN_United States
20956.0,parcial,Snapdragon Stadium,,,North America,United States,San Diego,1,ENHYPEN,male,4,6,"Belift,HYBE",5,growing,ENHYPEN_United States
,unreported,Tacoma Dome,arena,21000.0,North America,United States,Tacoma,1,ENHYPEN,male,4,6,"Belift,HYBE",5,growing,ENHYPEN_United States
,unreported,T-Mobile Arena,arena,20000.0,North America,United States,Las Vegas,1,ENHYPEN,male,4,6,"Belift,HYBE",5,growing,ENHYPEN_United States
,unreported,,,,Asia,Macau,Macau,2,ENHYPEN,male,4,6,"Belift,HYBE",5,growing,ENHYPEN_Macau
,unreported,Tokyo Dome,stadium,55000.0,Asia,Japan,Tokyo,2,ENHYPEN,male,4,6,"Belift,HYBE",6,established,ENHYPEN_Japan
,unreported,Vantelin Dome,stadium,36418.0,Asia,Japan,Nagoya,2,ENHYPEN,male,4,6,"Belift,HYBE",6,established,ENHYPEN_Japan
,unreported,,,,Asia,Indonesia,Jakarta,1,ENHYPEN,male,4,6,"Belift,HYBE",6,established,ENHYPEN_Indonesia
,unreported,PayPay Dome,stadium,47500.0,Asia,Japan,Fukuoka,2,ENHYPEN,male,4,6,"Belift,HYBE",6,established,ENHYPEN_Japan
,unreported,Kyocera Dome,stadium,55000.0,Asia,Japan,Osaka,2,ENHYPEN,male,4,6,"Belift,HYBE",6,established,ENHYPEN_Japan
,unreported,Unipol Dome,arena,16000.0,Europe,Italy,Milan,1,ENHYPEN,male,4,6,"Belift,HYBE",6,established,ENHYPEN_Italy
,unreported,La Défense Arena,arena,45000.0,Europe,France,Paris,1,ENHYPEN,male,4,6,"Belift,HYBE",6,established,ENHYPEN_France
,unreported,Ziggo Dome,arena,17000.0,Europe,Netherlands,Amsterdam,1,ENHYPEN,male,4,6,"Belift,HYBE",6,established,ENHYPEN_Netherlands
,unreported,Uber Arena,arena,17000.0,Europe,Germany,Berlin,1,ENHYPEN,male,4,6,"Belift,HYBE",6,established,ENHYPEN_Germany
,unreported,The O2 Arena,arena,20000.0,Europe,England,London,1,ENHYPEN,male,4,6,"Belift,HYBE",6,established,ENHYPEN_England
,unreported,,,,Asia,Singapore,Singapore,1,ENHYPEN,male,4,6,"Belift,HYBE",6,established,ENHYPEN_Singapore
,unreported,KSPO Dome,arena,15000.0,Asia,South Korea,Seoul,5,EXO,male,3,5,"SM,KAKAO",2,rookie,EXO_South Korea
,unreported,Mercedes-Benz Arena,arena,18000.0,Asia,China,Shanghai,2,EXO,male,3,5,"SM,KAKAO",3,growing,EXO_China
,unreported,Taipei Arena,stadium,13000.0,Asia,Taiwan,Taipei,2,EXO,male,3,5,"SM,KAKAO",3,growing,EXO_Taiwan
,unreported,IMPACT Arena,arena,12000.0,Asia,Thailand,Bangkok,2,EXO,male,3,5,"SM,KAKAO",3,growing,EXO_Thailand
,unreported,Cadillac Arena,arena,19000.0,Asia,China,Beijing,2,EXO,male,3,5,"SM,KAKAO",3,growing,EXO_China
,unreported,Chengdu Sports Centre,stadium,30000.0,Asia,China,Chengdu,1,EXO,male,3,5,"SM,KAKAO",3,growing,EXO_China
,unreported,AsiaWorld–Expo,arena,14000.0,Asia,Hong Kong,Hong Kong,2,EXO,male,3,5,"SM,KAKAO",3,growing,EXO_Hong Kong
,unreported,Shaanxi Province Stadium,stadium,42383.0,Asia,China,Xi'an,1,EXO,male,3,5,"SM,KAKAO",3,growing,EXO_China
,unreported,Chongqing Olympic Sports Center,stadium,58680.0,Asia,China,Chongqing,1,EXO,male,3,5,"SM,KAKAO",3,growing,EXO_China
,unreported,Guangzhou International Sports Arena,arena,18000.0,Asia,China,Guangzhou,1,EXO,male,3,5,"SM,KAKAO",3,growing,EXO_China
,unreported,Marine Messe,arena,15000.0,Asia,Japan,Fukuoka,2,EXO,male,3,5,"SM,KAKAO",3,growing,EXO_Japan
,unreported,Tokyo Dome,stadium,55000.0,Asia,Japan,Tokyo,3,EXO,male,3,5,"SM,KAKAO",3,growing,EXO_Japan
,unreported,Kyocera Dome,stadium,55000.0,Asia,Japan,Osaka,3,EXO,male,3,5,"SM,KAKAO",3,growing,EXO_Japan
,unreported,Venetian Arena,arena,14000.0,Asia,Macau,Macau,1,EXO,male,3,5,"SM,KAKAO",3,growing,EXO_Macau
,unreported,Nanjing Olympic Sports Center,arena,13000.0,Asia,China,Nanjing,1,EXO,male,3,5,"SM,KAKAO",3,growing,EXO_China
,unreported,Singapore Indoor Stadium,arena,9000.0,Asia,Singapore,Singapore,2,EXO,male,3,5,"SM,KAKAO",3,growing,EXO_Singapore
,unreported,SM Mall of Asia Arena,arena,15000.0,Asia,Philippines,Pasay,2,EXO,male,3,5,"SM,KAKAO",3,growing,EXO_Philippines
,unreported,Texas Trust CU Theatre,concert hall,6350.0,North America,United States,Grand Prairie,1,EXO,male,3,5,"SM,KAKAO",3,growing,EXO_United States
,unreported,UBC Thunderbird Arena,arena,8000.0,North America,Canada,Vancouver,1,EXO,male,3,5,"SM,KAKAO",3,growing,EXO_Canada
,unreported,Memorial Sports Arena,arena,16740.0,North America,United States,Los Angeles,1,EXO,male,3,5,"SM,KAKAO",3,growing,EXO_United States
,unreported,Rosemont Theatre,theater,4400.0,North America,United States,Rosemont,1,EXO,male,3,5,"SM,KAKAO",3,growing,EXO_United States
9919.0,reported,Prudential Center,arena,17000.0,North America,United States,Newark,1,EXO,male,3,5,"SM,KAKAO",3,growing,EXO_United States
,unreported,ICE BSD,concert hall,,Asia,Indonesia,Tangerang,1,EXO,male,3,5,"SM,KAKAO",3,growing,EXO_Indonesia
,unreported,Dalian Sports Centre Stadium,arena,18000.0,Asia,China,Dalian,1,EXO,male,3,5,"SM,KAKAO",3,growing,EXO_China
,unreported,Stadium Merdeka,stadium,25000.0,Asia,Malaysia,Kuala Lumpur,1,EXO,male,3,5,"SM,KAKAO",3,growing,EXO_Malaysia
,unreported,KSPO Dome,arena,15000.0,Asia,South Korea,Seoul,3,EXO,male,3,5,"SM,KAKAO",3,growing,EXO_South Korea
,unreported,KSPO Dome,arena,15000.0,Asia,South Korea,Seoul,6,EXO,male,3,5,"SM,KAKAO",4,growing,EXO_South Korea
,unreported,IMPACT Arena,arena,12000.0,Asia,Thailand,Bangkok,2,EXO,male,3,5,"SM,KAKAO",4,growing,EXO_Thailand
,unreported,Hiroshima Green Arena,arena,10000.0,Asia,Japan,Hiroshima,2,EXO,male,3,5,"SM,KAKAO",4,growing,EXO_Japan
,unreported,Huanglong Sports Center,arena,8000.0,Asia,China,Hangzhou,1,EXO,male,3,5,"SM,KAKAO",4,growing,EXO_China
,unreported,Marine Messe,arena,15000.0,Asia,Japan,Fukuoka,3,EXO,male,3,5,"SM,KAKAO",4,growing,EXO_Japan
,unreported,Makomanai Ice Arena,arena,10024.0,Asia,Japan,Sapporo,2,EXO,male,3,5,"SM,KAKAO",4,growing,EXO_Japan
,unreported,Nippon Gaishi Hall,arena,10000.0,Asia,Japan,Nagoya,3,EXO,male,3,5,"SM,KAKAO",4,growing,EXO_Japan
,unreported,Taipei Arena,stadium,13000.0,Asia,Taiwan,Taipei,2,EXO,male,3,5,"SM,KAKAO",4,growing,EXO_Taiwan
,unreported,Tokyo Dome,stadium,55000.0,Asia,Japan,Tokyo,2,EXO,male,3,5,"SM,KAKAO",4,growing,EXO_Japan
,unreported,Kyocera Dome,stadium,55000.0,Asia,Japan,Osaka,3,EXO,male,3,5,"SM,KAKAO",4,growing,EXO_Japan
,unreported,AsiaWorld–Expo,arena,14000.0,Asia,Hong Kong,Hong Kong,2,EXO,male,3,5,"SM,KAKAO",4,growing,EXO_Hong Kong
,unreported,Smart Araneta Coliseum,arena,9679.0,Asia,Philippines,Manila,2,EXO,male,3,5,"SM,KAKAO",4,growing,EXO_Philippines
,unreported,Stadium Merdeka,stadium,25000.0,Asia,Malaysia,Kuala Lumpur,1,EXO,male,3,5,"SM,KAKAO",4,growing,EXO_Malaysia
,unreported,Singapore Indoor Stadium,arena,9000.0,Asia,Singapore,Singapore,1,EXO,male,3,5,"SM,KAKAO",4,growing,EXO_Singapore
5999.0,reported,Prudential Center,arena,17000.0,North America,United States,Newark,1,EXO,male,3,5,"SM,KAKAO",5,growing,EXO_United States
,unreported,Arena CDMX,arena,22300.0,North America,Mexico,Mexico City,1,EXO,male,3,5,"SM,KAKAO",5,growing,EXO_Mexico
8668.0,reported,Kia Forum,arena,17500.0,North America,United States,Inglewood,1,EXO,male,3,5,"SM,KAKAO",5,growing,EXO_United States
,unreported,Seoul Olympic Stadium,stadium,65599.0,Asia,South Korea,Seoul,2,EXO,male,3,5,"SM,KAKAO",5,growing,EXO_South Korea
,unreported,Gocheok Sky Dome,stadium,16744.0,Asia,South Korea,Seoul,3,EXO,male,3,5,"SM,KAKAO",5,growing,EXO_South Korea
,unreported,Marine Messe,arena,15000.0,Asia,Japan,Fukuoka,3,EXO,male,3,5,"SM,KAKAO",5,growing,EXO_Japan
,unreported,Saitama Super Arena,arena,22500.0,Asia,Japan,Saitama,2,EXO,male,3,5,"SM,KAKAO",5,growing,EXO_Japan
,unreported,Taipei Arena,stadium,13000.0,Asia,Taiwan,Taipei,2,EXO,male,3,5,"SM,KAKAO",5,growing,EXO_Taiwan
,unreported,Kyocera Dome,stadium,55000.0,Asia,Japan,Osaka,2,EXO,male,3,5,"SM,KAKAO",5,growing,EXO_Japan
,unreported,Singapore Indoor Stadium,arena,9000.0,Asia,Singapore,Singapore,1,EXO,male,3,5,"SM,KAKAO",5,growing,EXO_Singapore
,unreported,IMPACT Arena,arena,12000.0,Asia,Thailand,Bangkok,3,EXO,male,3,5,"SM,KAKAO",5,growing,EXO_Thailand
,unreported,SM Mall of Asia Arena,arena,15000.0,Asia,Philippines,Pasay,1,EXO,male,3,5,"SM,KAKAO",6,established,EXO_Philippines
,unreported,AsiaWorld–Expo,arena,14000.0,Asia,Hong Kong,Hong Kong,2,EXO,male,3,5,"SM,KAKAO",6,established,EXO_Hong Kong
,unreported,Unifi Arena,arena,11000.0,Asia,Malaysia,Kuala Lumpur,1,EXO,male,3,5,"SM,KAKAO",6,established,EXO_Malaysia
,unreported,Gocheok Sky Dome,stadium,16744.0,Asia,South Korea,Seoul,3,EXO,male,3,5,"SM,KAKAO",6,established,EXO_South Korea
,unreported,Venetian Arena,arena,14000.0,Asia,Macau,Macau,2,EXO,male,3,5,"SM,KAKAO",6,established,EXO_Macau
68336.0,parcial,Goyang Stadium,stadium,41311.0,Asia,South Korea,Goyang,2,G-Dragon,male,2,1,Galaxy Corporation,15,legacy,G-Dragon_South Korea
96830.0,reported,Tokyo Dome,stadium,55000.0,Asia,Japan,Tokyo,2,G-Dragon,male,2,1,Galaxy Corporation,15,legacy,G-Dragon_Japan
,unreported,Philippine Arena,arena,55000.0,Asia,Philippines,Bulacan,1,G-Dragon,male,2,1,Galaxy Corporation,15,legacy,G-Dragon_Philippines
78632.0,reported,Kyocera Dome,stadium,55000.0,Asia,Japan,Osaka,2,G-Dragon,male,2,1,Galaxy Corporation,15,legacy,G-Dragon_Japan
31185.0,reported,Galaxy Arena,arena,16000.0,Asia,Macau,Macau,3,G-Dragon,male,2,1,Galaxy Corporation,15,legacy,G-Dragon_Macau
22140.0,reported,Qudos Bank Arena,arena,18000.0,Oceania,Australia,Sydney,2,G-Dragon,male,2,1,Galaxy Corporation,15,legacy,G-Dragon_Australia
21913.0,reported,Rod Laver Arena,arena,14820.0,Oceania,Australia,Melbourne,2,G-Dragon,male,2,1,Galaxy Corporation,15,legacy,G-Dragon_Australia
31029.0,reported,Taipei Arena,stadium,13000.0,Asia,Taiwan,Taipei,3,G-Dragon,male,2,1,Galaxy Corporation,15,legacy,G-Dragon_Taiwan
,unreported,Unifi Arena,arena,11000.0,Asia,Malaysia,Kuala Lumpur,2,G-Dragon,male,2,1,Galaxy Corporation,15,legacy,G-Dragon_Malaysia
,unreported,Indonesia Arena,arena,16500.0,Asia,Indonesia,Jakarta,2,G-Dragon,male,2,1,Galaxy Corporation,15,legacy,G-Dragon_Indonesia
,unreported,Rajamangala Stadium,stadium,51560.0,Asia,Thailand,Bangkok,1,G-Dragon,male,2,1,Galaxy Corporation,15,legacy,G-Dragon_Thailand
33245.0,reported,AsiaWorld–Expo,arena,14000.0,Asia,Hong Kong,Hong Kong,3,G-Dragon,male,2,1,Galaxy Corporation,15,legacy,G-Dragon_Hong Kong
20714.0,reported,Prudential Center,arena,17000.0,North America,United States,Newark,2,G-Dragon,male,2,1,Galaxy Corporation,16,legacy,G-Dragon_United States
13045.0,reported,T-Mobile Arena,arena,20000.0,North America,United States,Las Vegas,1,G-Dragon,male,2,1,Galaxy Corporation,16,legacy,G-Dragon_United States
,unreported,Crypto.com Arena,stadium,20000.0,North America,United States,Los Angeles,2,G-Dragon,male,2,1,Galaxy Corporation,16,legacy,G-Dragon_United States
,unreported,La Défense Arena,arena,45000.0,Europe,France,Paris,1,G-Dragon,male,2,1,Galaxy Corporation,16,legacy,G-Dragon_France
,unreported,Kyocera Dome,stadium,55000.0,Asia,Japan,Osaka,2,G-Dragon,male,2,1,Galaxy Corporation,16,legacy,G-Dragon_Japan
,unreported,Taipei Dome,stadium,59833.0,Asia,Taiwan,Taipei,2,G-Dragon,male,2,1,Galaxy Corporation,16,legacy,G-Dragon_Taiwan
,unreported,Vinhomes Ocean Park 3,concert hall,,Asia,Vietnam,Hung Yen,2,G-Dragon,male,2,1,Galaxy Corporation,16,legacy,G-Dragon_Vietnam
49139.0,parcial,Gocheok Sky Dome,stadium,16744.0,Asia,South Korea,Seoul,3,G-Dragon,male,2,1,Galaxy Corporation,16,legacy,G-Dragon_South Korea
37761.0,reported,KSPO Dome,arena,15000.0,Asia,South Korea,Seoul,3,J-Hope,male,3,1,"Bighit,HYBE",2,rookie,J-Hope_South Korea
27169.0,reported,Barclays Center,arena,20000.0,North America,United States,New York,2,J-Hope,male,3,1,"Bighit,HYBE",2,rookie,J-Hope_United States
24756.0,reported,Allstate Arena,arena,22000.0,North America,United States,Rosemont,2,J-Hope,male,3,1,"Bighit,HYBE",2,rookie,J-Hope_United States
33129.0,reported,Palacio de los Deportes,arena,26000.0,North America,Mexico,Mexico City,2,J-Hope,male,3,1,"Bighit,HYBE",2,rookie,J-Hope_Mexico
26809.0,reported,Frost Bank Center,arena,19000.0,North America,United States,San Antonio,2,J-Hope,male,3,1,"Bighit,HYBE",2,rookie,J-Hope_United States
24094.0,reported,Oakland Arena,arena,19596.0,North America,United States,Oakland,2,J-Hope,male,3,1,"Bighit,HYBE",2,rookie,J-Hope_United States
42799.0,reported,BMO Stadium,stadium,22000.0,North America,United States,Los Angeles,2,J-Hope,male,3,1,"Bighit,HYBE",2,rookie,J-Hope_United States
22138.0,reported,SM Mall of Asia Arena,arena,15000.0,Asia,Philippines,Pasay,2,J-Hope,male,3,1,"Bighit,HYBE",2,rookie,J-Hope_Philippines
38721.0,reported,Saitama Super Arena,arena,22500.0,Asia,Japan,Saitama,2,J-Hope,male,3,1,"Bighit,HYBE",2,rookie,J-Hope_Japan
19684.0,reported,Singapore Indoor Stadium,arena,9000.0,Asia,Singapore,Singapore,2,J-Hope,male,3,1,"Bighit,HYBE",2,rookie,J-Hope_Singapore
20104.0,reported,Indonesia Arena,arena,16500.0,Asia,Indonesia,Jakarta,2,J-Hope,male,3,1,"Bighit,HYBE",2,rookie,J-Hope_Indonesia
25494.0,reported,IMPACT Arena,arena,12000.0,Asia,Thailand,Bangkok,2,J-Hope,male,3,1,"Bighit,HYBE",2,rookie,J-Hope_Thailand
19417.0,reported,Galaxy Arena,arena,16000.0,Asia,Macau,Macau,2,J-Hope,male,3,1,"Bighit,HYBE",2,rookie,J-Hope_Macau
19403.0,reported,NTSU Arena,arena,15000.0,Asia,Taiwan,Taoyuan,2,J-Hope,male,3,1,"Bighit,HYBE",2,rookie,J-Hope_Taiwan
70153.0,reported,Kyocera Dome,stadium,55000.0,Asia,Japan,Osaka,2,J-Hope,male,3,1,"Bighit,HYBE",2,rookie,J-Hope_Japan
52449.0,reported,Goyang Stadium,stadium,41311.0,Asia,South Korea,Goyang,2,J-Hope,male,3,1,"Bighit,HYBE",2,rookie,J-Hope_South Korea
19253.0,reported,Goyang Stadium,stadium,41311.0,Asia,South Korea,Goyang,2,Jin,male,3,1,"Bighit,HYBE",2,rookie,Jin_South Korea
10718.0,parcial,Jamsil Indoor Stadium,arena,11069.0,Asia,South Korea,Seoul,2,Jin,male,3,1,"Bighit,HYBE",2,rookie,Jin_South Korea
42686.0,reported,Makuhari Messe,arena,,Asia,Japan,Chiba,2,Jin,male,3,1,"Bighit,HYBE",2,rookie,Jin_Japan
82510.0,reported,Kyocera Dome,stadium,55000.0,Asia,Japan,Osaka,2,Jin,male,3,1,"Bighit,HYBE",2,rookie,Jin_Japan
23753.0,reported,Honda Center,theater,10935.0,North America,United States,Anaheim,2,Jin,male,3,1,"Bighit,HYBE",2,rookie,Jin_United States
23162.0,reported,American Airlines Center,arena,21000.0,North America,United States,Dallas,2,Jin,male,3,1,"Bighit,HYBE",2,rookie,Jin_United States
22144.0,reported,Benchmark International Arena,arena,21500.0,North America,United States,Tampa,2,Jin,male,3,1,"Bighit,HYBE",2,rookie,Jin_United States
23056.0,reported,Prudential Center,arena,17000.0,North America,United States,Newark,2,Jin,male,3,1,"Bighit,HYBE",2,rookie,Jin_United States
27917.0,reported,The O2 Arena,arena,20000.0,Europe,England,London,2,Jin,male,3,1,"Bighit,HYBE",2,rookie,Jin_England
22758.0,reported,Ziggo Dome,arena,17000.0,Europe,Netherlands,Amsterdam,2,Jin,male,3,1,"Bighit,HYBE",2,rookie,Jin_Netherlands
38375.0,parcial,Munhak Stadium,stadium,49084.0,Asia,South Korea,Incheon,2,Jin,male,3,1,"Bighit,HYBE",3,growing,Jin_South Korea
24800.0,parcial,KSPO Dome,arena,15000.0,Asia,South Korea,Seoul,2,NCT127,male,3,8,"SM,KAKAO",2,rookie,NCT127_South Korea
4844.0,parcial,Orix Theater,theater,2400.0,Asia,Japan,Osaka,2,NCT127,male,3,8,"SM,KAKAO",2,rookie,NCT127_Japan
5000.0,parcial,HBG Hall,concert hall,2001.0,Asia,Japan,Hiroshima,2,NCT127,male,3,8,"SM,KAKAO",2,rookie,NCT127_Japan
3414.0,parcial,Honda no Mori Hall,concert hall,1700.0,Asia,Japan,Kanazawa,2,NCT127,male,3,8,"SM,KAKAO",2,rookie,NCT127_Japan
4606.0,parcial,Sapporo Arts and Culture Theater,concert hall,2302.0,Asia,Japan,Sapporo,2,NCT127,male,3,8,"SM,KAKAO",2,rookie,NCT127_Japan
4632.0,parcial,Fukuoka Sunpalace Hotel Hall,concert hall,2316.0,Asia,Japan,Fukuoka,2,NCT127,male,3,8,"SM,KAKAO",2,rookie,NCT127_Japan
2400.0,parcial,Nagoya Civic Assembly Hall,concert hall,2000.0,Asia,Japan,Nagoya,1,NCT127,male,3,8,"SM,KAKAO",2,rookie,NCT127_Japan
49921.0,parcial,Saitama Super Arena,arena,22500.0,Asia,Japan,Saitama,3,NCT127,male,3,8,"SM,KAKAO",2,rookie,NCT127_Japan
5622.0,parcial,Prudential Center,arena,17000.0,North America,United States,Newark,1,NCT127,male,3,8,"SM,KAKAO",2,rookie,NCT127_United States
3197.0,parcial,Coca-Cola Roxy,concert hall,3600.0,North America,United States,Atlanta,1,NCT127,male,3,8,"SM,KAKAO",2,rookie,NCT127_United States
5206.0,parcial,Watsco Center,arena,8000.0,North America,United States,Miami,1,NCT127,male,3,8,"SM,KAKAO",2,rookie,NCT127_United States
6066.0,parcial,Texas Trust CU Theatre,concert hall,6350.0,North America,United States,Grand Prairie,1,NCT127,male,3,8,"SM,KAKAO",2,rookie,NCT127_United States
4725.0,parcial,Arizona Financial Theatre,theater,5000.0,North America,United States,Phoenix,1,NCT127,male,3,8,"SM,KAKAO",2,rookie,NCT127_United States
6294.0,parcial,Smart Financial Centre,concert hall,6400.0,North America,United States,Sugar Land,1,NCT127,male,3,8,"SM,KAKAO",2,rookie,NCT127_United States
4199.0,parcial,Rosemont Theatre,theater,4400.0,North America,United States,Rosemont,1,NCT127,male,3,8,"SM,KAKAO",2,rookie,NCT127_United States
5812.0,parcial,San Jose Civic,theater,3036.0,North America,United States,San Jose,2,NCT127,male,3,8,"SM,KAKAO",2,rookie,NCT127_United States
6534.0,parcial,Peacock Theater,arena,7100.0,North America,United States,Los Angeles,1,NCT127,male,3,8,"SM,KAKAO",2,rookie,NCT127_United States
4118.0,parcial,Coca-Cola Coliseum,concert hall,9250.0,North America,Canada,Toronto,1,NCT127,male,3,8,"SM,KAKAO",2,rookie,NCT127_Canada
3228.0,parcial,Pacific Coliseum,arena,17500.0,North America,Canada,Vancouver,1,NCT127,male,3,8,"SM,KAKAO",2,rookie,NCT127_Canada
2910.0,parcial,Teatro Metropolitan,theater,3165.0,North America,Mexico,Mexico City,1,NCT127,male,3,8,"SM,KAKAO",2,rookie,NCT127_Mexico
10746.0,parcial,Singapore Indoor Stadium,arena,9000.0,Asia,Singapore,Singapore,3,NCT127,male,3,8,"SM,KAKAO",2,rookie,NCT127_Singapore
4631.0,parcial,Ice Palace,arena,12300.0,Europe,Russia,Saint Petersburg,1,NCT127,male,3,8,"SM,KAKAO",2,rookie,NCT127_Russia
6186.0,parcial,Megasport Sport Palace,arena,16500.0,Europe,Russia,Moscow,1,NCT127,male,3,8,"SM,KAKAO",2,rookie,NCT127_Russia
6402.0,parcial,Wembley Arena,arena,12500.0,Europe,England,London,1,NCT127,male,3,8,"SM,KAKAO",3,growing,NCT127_England
3752.0,parcial,La Seine Musicale,concert hall,6000.0,Europe,France,Paris,1,NCT127,male,3,8,"SM,KAKAO",3,growing,NCT127_France
4218.0,parcial,Singapore Indoor Stadium,arena,9000.0,Asia,Singapore,Singapore,1,NCT127,male,3,8,"SM,KAKAO",3,growing,NCT127_Singapore
24352.0,parcial,Osaka-jō Hall,arena,16000.0,Asia,Japan,Osaka,2,NCT127,male,3,8,"SM,KAKAO",3,growing,NCT127_Japan
15000.0,parcial,Marine Messe,arena,15000.0,Asia,Japan,Fukuoka,2,NCT127,male,3,8,"SM,KAKAO",3,growing,NCT127_Japan
5500.0,parcial,Toki Messe,concert hall,10000.0,Asia,Japan,Niigata,1,NCT127,male,3,8,"SM,KAKAO",3,growing,NCT127_Japan
29646.0,parcial,Keio Arena Tokyo,arena,10000.0,Asia,Japan,Tokyo,3,NCT127,male,3,8,"SM,KAKAO",3,growing,NCT127_Japan
,unreported,Madison Square Garden,,,North America,United States,New York,1,NCT127,male,3,8,"SM,KAKAO",3,growing,NCT127_United States
,unreported,Gas South Arena,arena,13100.0,North America,United States,Duluth,1,NCT127,male,3,8,"SM,KAKAO",3,growing,NCT127_United States
,unreported,Wintrust Arena,arena,10387.0,North America,United States,Chicago,1,NCT127,male,3,8,"SM,KAKAO",3,growing,NCT127_United States
,unreported,SAP Center,arena,19190.0,North America,United States,San Jose,1,NCT127,male,3,8,"SM,KAKAO",3,growing,NCT127_United States
,unreported,Kia Forum,arena,17500.0,North America,United States,Inglewood,1,NCT127,male,3,8,"SM,KAKAO",3,growing,NCT127_United States
,unreported,WAMU Theater,concert hall,7000.0,North America,United States,Seattle,1,NCT127,male,3,8,"SM,KAKAO",3,growing,NCT127_United States
36900.0,parcial,KSPO Dome,arena,15000.0,Asia,South Korea,Seoul,3,SEVENTEEN,male,3,13,"Pledis,HYBE",3,growing,SEVENTEEN_South Korea
23329.0,parcial,Osaka-jō Hall,arena,16000.0,Asia,Japan,Osaka,2,SEVENTEEN,male,3,13,"Pledis,HYBE",3,growing,SEVENTEEN_Japan
,unreported,Aichi Sky Expo,concert hall,10000.0,Asia,Japan,Nagoya,1,SEVENTEEN,male,3,13,"Pledis,HYBE",3,growing,SEVENTEEN_Japan
13000.0,parcial,Aichi Sky Expo,concert hall,10000.0,Asia,Japan,Nagoya,2,SEVENTEEN,male,3,13,"Pledis,HYBE",3,growing,SEVENTEEN_Japan
24155.0,parcial,Yokohama Arena,arena,17000.0,Asia,Japan,Yokohama,2,SEVENTEEN,male,3,13,"Pledis,HYBE",3,growing,SEVENTEEN_Japan
43500.0,parcial,Makuhari Messe,arena,,Asia,Japan,Chiba,3,SEVENTEEN,male,3,13,"Pledis,HYBE",3,growing,SEVENTEEN_Japan
4566.0,parcial,Istora Senayan,arena,7166.0,Asia,Indonesia,Jakarta,1,SEVENTEEN,male,3,13,"Pledis,HYBE",3,growing,SEVENTEEN_Indonesia
8538.0,parcial,IMPACT Thunder Dome,concert hall,3500.0,Asia,Thailand,Bangkok,2,SEVENTEEN,male,3,13,"Pledis,HYBE",3,growing,SEVENTEEN_Thailand
,unreported,Prudential Center,arena,17000.0,North America,United States,Newark,1,SEVENTEEN,male,3,13,"Pledis,HYBE",3,growing,SEVENTEEN_United States
,unreported,United Center,arena,23500.0,North America,United States,Chicago,1,SEVENTEEN,male,3,13,"Pledis,HYBE",3,growing,SEVENTEEN_United States
,unreported,Toyota Music Factory,theater,4000.0,North America,United States,Irving,1,SEVENTEEN,male,3,13,"Pledis,HYBE",3,growing,SEVENTEEN_United States
4793.0,parcial,Smart Financial Centre,concert hall,6400.0,North America,United States,Sugar Land,1,SEVENTEEN,male,3,13,"Pledis,HYBE",3,growing,SEVENTEEN_United States
7233.0,parcial,Palacio de los Deportes,arena,26000.0,North America,Mexico,Mexico City,1,SEVENTEEN,male,3,13,"Pledis,HYBE",3,growing,SEVENTEEN_Mexico
,unreported,Kia Forum,arena,17500.0,North America,United States,Inglewood,1,SEVENTEEN,male,3,13,"Pledis,HYBE",3,growing,SEVENTEEN_United States
,unreported,SAP Center,arena,19190.0,North America,United States,San Jose,1,SEVENTEEN,male,3,13,"Pledis,HYBE",3,growing,SEVENTEEN_United States
3878.0,parcial,accesso ShoWare Center,arena,7141.0,North America,United States,Kent,1,SEVENTEEN,male,3,13,"Pledis,HYBE",3,growing,SEVENTEEN_United States
7636.0,parcial,SM Mall of Asia Arena,arena,15000.0,Asia,Philippines,Pasay,1,SEVENTEEN,male,3,13,"Pledis,HYBE",3,growing,SEVENTEEN_Philippines
,unreported,Unifi Arena,arena,11000.0,Asia,Malaysia,Kuala Lumpur,1,SEVENTEEN,male,3,13,"Pledis,HYBE",3,growing,SEVENTEEN_Malaysia
,unreported,NTSU Arena,arena,15000.0,Asia,Taiwan,Taoyuan,1,SEVENTEEN,male,3,13,"Pledis,HYBE",3,growing,SEVENTEEN_Taiwan
,unreported,Movistar Arena,arena,15000.0,Europe,Spain,Madrid,1,SEVENTEEN,male,3,13,"Pledis,HYBE",3,growing,SEVENTEEN_Spain
,unreported,La Seine Musicale,concert hall,6000.0,Europe,France,Paris,1,SEVENTEEN,male,3,13,"Pledis,HYBE",3,growing,SEVENTEEN_France
,unreported,Wembley Arena,arena,12500.0,Europe,England,London,1,SEVENTEEN,male,3,13,"Pledis,HYBE",3,growing,SEVENTEEN_England
,unreported,Uber Arena,arena,17000.0,Europe,Germany,Berlin,1,SEVENTEEN,male,3,13,"Pledis,HYBE",3,growing,SEVENTEEN_Germany
34923.0,reported,Gocheok Sky Dome,stadium,16744.0,Asia,South Korea,Seoul,2,SEVENTEEN,male,3,13,"Pledis,HYBE",6,established,SEVENTEEN_South Korea
8377.0,reported,Rogers Arena,arena,19000.0,North America,Canada,Vancouver,1,SEVENTEEN,male,3,13,"Pledis,HYBE",6,established,SEVENTEEN_Canada
8806.0,reported,Climate Pledge Arena,arena,17200.0,North America,United States,Seattle,1,SEVENTEEN,male,3,13,"Pledis,HYBE",6,established,SEVENTEEN_United States
12601.0,reported,Oakland Arena,arena,19596.0,North America,United States,Oakland,1,SEVENTEEN,male,3,13,"Pledis,HYBE",6,established,SEVENTEEN_United States
12561.0,reported,Kia Forum,arena,17500.0,North America,United States,Inglewood,1,SEVENTEEN,male,3,13,"Pledis,HYBE",6,established,SEVENTEEN_United States
9124.0,reported,Toyota Center,arena,19000.0,North America,United States,Houston,1,SEVENTEEN,male,3,13,"Pledis,HYBE",6,established,SEVENTEEN_United States
9282.0,reported,Dickies Arena,arena,14000.0,North America,United States,Fort Worth,1,SEVENTEEN,male,3,13,"Pledis,HYBE",6,established,SEVENTEEN_United States
12421.0,reported,United Center,arena,23500.0,North America,United States,Chicago,1,SEVENTEEN,male,3,13,"Pledis,HYBE",6,established,SEVENTEEN_United States
11341.0,reported,Capital One Arena,arena,20356.0,North America,United States,Washington,1,SEVENTEEN,male,3,13,"Pledis,HYBE",6,established,SEVENTEEN_United States
9503.0,reported,State Farm Arena,arena,18000.0,North America,United States,Atlanta,1,SEVENTEEN,male,3,13,"Pledis,HYBE",6,established,SEVENTEEN_United States
9028.0,reported,UBS Arena,arena,19000.0,North America,United States,New York,1,SEVENTEEN,male,3,13,"Pledis,HYBE",6,established,SEVENTEEN_United States
13763.0,reported,Scotiabank Arena,arena,19800.0,North America,Canada,Toronto,1,SEVENTEEN,male,3,13,"Pledis,HYBE",6,established,SEVENTEEN_Canada
10717.0,reported,Prudential Center,arena,17000.0,North America,United States,Newark,1,SEVENTEEN,male,3,13,"Pledis,HYBE",6,established,SEVENTEEN_United States
17336.0,reported,ICE BSD,concert hall,,Asia,Indonesia,Tangerang,2,SEVENTEEN,male,3,13,"Pledis,HYBE",6,established,SEVENTEEN_Indonesia
19270.0,reported,IMPACT Arena,arena,12000.0,Asia,Thailand,Bangkok,2,SEVENTEEN,male,3,13,"Pledis,HYBE",6,established,SEVENTEEN_Thailand
16956.0,reported,SM Mall of Asia Arena,arena,15000.0,Asia,Philippines,Pasay,2,SEVENTEEN,male,3,13,"Pledis,HYBE",6,established,SEVENTEEN_Philippines
8191.0,reported,Singapore Indoor Stadium,arena,9000.0,Asia,Singapore,Singapore,1,SEVENTEEN,male,3,13,"Pledis,HYBE",6,established,SEVENTEEN_Singapore
78593.0,reported,Kyocera Dome,stadium,55000.0,Asia,Japan,Osaka,2,SEVENTEEN,male,3,13,"Pledis,HYBE",6,established,SEVENTEEN_Japan
93063.0,reported,Tokyo Dome,stadium,55000.0,Asia,Japan,Tokyo,2,SEVENTEEN,male,3,13,"Pledis,HYBE",6,established,SEVENTEEN_Japan
81644.0,reported,Vantelin Dome,stadium,36418.0,Asia,Japan,Nagoya,2,SEVENTEEN,male,3,13,"Pledis,HYBE",6,established,SEVENTEEN_Japan
39480.0,reported,Philippine Arena,arena,55000.0,Asia,Philippines,Bulacan,1,SEVENTEEN,male,3,13,"Pledis,HYBE",6,established,SEVENTEEN_Philippines
25079.0,reported,Madya Stadium,stadium,,Asia,Indonesia,Jakarta,1,SEVENTEEN,male,3,13,"Pledis,HYBE",6,established,SEVENTEEN_Indonesia
34341.0,reported,Gocheok Sky Dome,stadium,16744.0,Asia,South Korea,Seoul,2,SEVENTEEN,male,3,13,"Pledis,HYBE",7,established,SEVENTEEN_South Korea
89119.0,reported,Tokyo Dome,stadium,55000.0,Asia,Japan,Tokyo,2,SEVENTEEN,male,3,13,"Pledis,HYBE",7,established,SEVENTEEN_Japan
61088.0,reported,Belluna Dome,stadium,31552.0,Asia,Japan,Saitama,2,SEVENTEEN,male,3,13,"Pledis,HYBE",7,established,SEVENTEEN_Japan
108239.0,reported,Vantelin Dome,stadium,36418.0,Asia,Japan,Nagoya,3,SEVENTEEN,male,3,13,"Pledis,HYBE",7,established,SEVENTEEN_Japan
107848.0,reported,Kyocera Dome,stadium,55000.0,Asia,Japan,Osaka,3,SEVENTEEN,male,3,13,"Pledis,HYBE",7,established,SEVENTEEN_Japan
68670.0,reported,PayPay Dome,stadium,47500.0,Asia,Japan,Fukuoka,2,SEVENTEEN,male,3,13,"Pledis,HYBE",7,established,SEVENTEEN_Japan
59023.0,reported,Rajamangala Stadium,stadium,51560.0,Asia,Thailand,Bangkok,2,SEVENTEEN,male,3,13,"Pledis,HYBE",7,established,SEVENTEEN_Thailand
54035.0,reported,Philippine Sports Stadium,stadium,25000.0,Asia,Philippines,Bulacan,2,SEVENTEEN,male,3,13,"Pledis,HYBE",7,established,SEVENTEEN_Philippines
37486.0,reported,Macau Olympic Sports Center,stadium,16272.0,Asia,Macau,Macau,2,SEVENTEEN,male,3,13,"Pledis,HYBE",7,established,SEVENTEEN_Macau
56047.0,reported,Incheon Stadium,stadium,29376.0,Asia,South Korea,Incheon,2,SEVENTEEN,male,3,13,"Pledis,HYBE",7,established,SEVENTEEN_South Korea
71525.0,reported,World Cup Stadium,stadium,66704.0,Asia,South Korea,Seoul,2,SEVENTEEN,male,3,13,"Pledis,HYBE",7,established,SEVENTEEN_South Korea
100565.0,reported,Nagai Stadium,stadium,47853.0,Asia,Japan,Osaka,2,SEVENTEEN,male,3,13,"Pledis,HYBE",7,established,SEVENTEEN_Japan
140328.0,reported,Nissan Stadium,stadium,72327.0,Asia,Japan,Yokohama,2,SEVENTEEN,male,3,13,"Pledis,HYBE",7,established,SEVENTEEN_Japan
57421.0,reported,Goyang Stadium,stadium,41311.0,Asia,South Korea,Goyang,2,SEVENTEEN,male,3,13,"Pledis,HYBE",8,established,SEVENTEEN_South Korea
21808.0,reported,Allstate Arena,arena,22000.0,North America,United States,Rosemont,2,SEVENTEEN,male,3,13,"Pledis,HYBE",8,established,SEVENTEEN_United States
25532.0,reported,UBS Arena,arena,19000.0,North America,United States,New York,2,SEVENTEEN,male,3,13,"Pledis,HYBE",8,established,SEVENTEEN_United States
25723.0,reported,Frost Bank Center,arena,19000.0,North America,United States,San Antonio,2,SEVENTEEN,male,3,13,"Pledis,HYBE",8,established,SEVENTEEN_United States
23409.0,reported,Oakland Arena,arena,19596.0,North America,United States,Oakland,2,SEVENTEEN,male,3,13,"Pledis,HYBE",8,established,SEVENTEEN_United States
43069.0,reported,BMO Stadium,stadium,22000.0,North America,United States,Los Angeles,2,SEVENTEEN,male,3,13,"Pledis,HYBE",8,established,SEVENTEEN_United States
76020.0,reported,Vantelin Dome,stadium,36418.0,Asia,Japan,Nagoya,2,SEVENTEEN,male,3,13,"Pledis,HYBE",8,established,SEVENTEEN_Japan
87763.0,reported,Tokyo Dome,stadium,55000.0,Asia,Japan,Tokyo,2,SEVENTEEN,male,3,13,"Pledis,HYBE",8,established,SEVENTEEN_Japan
112150.0,reported,Kyocera Dome,stadium,55000.0,Asia,Japan,Osaka,3,SEVENTEEN,male,3,13,"Pledis,HYBE",8,established,SEVENTEEN_Japan
106571.0,reported,PayPay Dome,stadium,47500.0,Asia,Japan,Fukuoka,3,SEVENTEEN,male,3,13,"Pledis,HYBE",8,established,SEVENTEEN_Japan
57632.0,reported,Philippine Sports Stadium,stadium,25000.0,Asia,Philippines,Bulacan,2,SEVENTEEN,male,3,13,"Pledis,HYBE",8,established,SEVENTEEN_Philippines
73985.0,reported,Singapore National Stadium,stadium,55000.0,Asia,Singapore,Singapore,2,SEVENTEEN,male,3,13,"Pledis,HYBE",8,established,SEVENTEEN_Singapore
64819.0,reported,International Stadium,arena,82000.0,Asia,Indonesia,Jakarta,2,SEVENTEEN,male,3,13,"Pledis,HYBE",8,established,SEVENTEEN_Indonesia
68845.0,reported,Rajamangala Stadium,stadium,51560.0,Asia,Thailand,Bangkok,2,SEVENTEEN,male,3,13,"Pledis,HYBE",8,established,SEVENTEEN_Thailand
50053.0,reported,Incheon Stadium,stadium,29376.0,Asia,South Korea,Incheon,2,SEVENTEEN,male,3,13,"Pledis,HYBE",9,established,SEVENTEEN_South Korea
71192.0,reported,Kai Tak Stadium,stadium,45995.0,Asia,Hong Kong,Hong Kong,2,SEVENTEEN,male,3,13,"Pledis,HYBE",9,established,SEVENTEEN_Hong Kong
11319.0,reported,Tacoma Dome,arena,21000.0,North America,United States,Tacoma,1,SEVENTEEN,male,3,13,"Pledis,HYBE",9,established,SEVENTEEN_United States
26734.0,reported,BMO Stadium,stadium,22000.0,North America,United States,Los Angeles,2,SEVENTEEN,male,3,13,"Pledis,HYBE",9,established,SEVENTEEN_United States
13220.0,reported,Moody Center,arena,16223.0,North America,United States,Austin,2,SEVENTEEN,male,3,13,"Pledis,HYBE",9,established,SEVENTEEN_United States
15527.0,reported,Amerant Bank Arena,arena,23000.0,North America,United States,Sunrise,2,SEVENTEEN,male,3,13,"Pledis,HYBE",9,established,SEVENTEEN_United States
18437.0,reported,Capital One Arena,arena,20356.0,North America,United States,Washington,2,SEVENTEEN,male,3,13,"Pledis,HYBE",9,established,SEVENTEEN_United States
,unreported,Vantelin Dome,stadium,36418.0,Asia,Japan,Nagoya,3,SEVENTEEN,male,3,13,"Pledis,HYBE",9,established,SEVENTEEN_Japan
,unreported,Kyocera Dome,stadium,55000.0,Asia,Japan,Osaka,3,SEVENTEEN,male,3,13,"Pledis,HYBE",9,established,SEVENTEEN_Japan
,unreported,Tokyo Dome,stadium,55000.0,Asia,Japan,Tokyo,2,SEVENTEEN,male,3,13,"Pledis,HYBE",9,established,SEVENTEEN_Japan
,unreported,PayPay Dome,stadium,47500.0,Asia,Japan,Fukuoka,2,SEVENTEEN,male,3,13,"Pledis,HYBE",9,established,SEVENTEEN_Japan
,unreported,Kai Tak Stadium,stadium,45995.0,Asia,Hong Kong,Hong Kong,2,SEVENTEEN,male,3,13,"Pledis,HYBE",9,established,SEVENTEEN_Hong Kong
,unreported,Singapore National Stadium,stadium,55000.0,Asia,Singapore,Singapore,1,SEVENTEEN,male,3,13,"Pledis,HYBE",9,established,SEVENTEEN_Singapore
,unreported,Suphachalasai Stadium,stadium,35000.0,Asia,Thailand,Bangkok,2,SEVENTEEN,male,3,13,"Pledis,HYBE",9,established,SEVENTEEN_Thailand
,unreported,Philippine Sports Stadium,stadium,25000.0,Asia,Philippines,Bulacan,1,SEVENTEEN,male,3,13,"Pledis,HYBE",9,established,SEVENTEEN_Philippines
,unreported,Incheon Stadium,stadium,29376.0,Asia,South Korea,Incheon,2,SEVENTEEN,male,3,13,"Pledis,HYBE",9,established,SEVENTEEN_South Korea
15693.0,reported,Jamsil Indoor Stadium,arena,11069.0,Asia,South Korea,Seoul,3,Stray Kids,male,4,8,JYP,4,growing,Stray Kids_South Korea
12000.0,reported,World Memorial Hall,arena,8000.0,Asia,Japan,Kobe,2,Stray Kids,male,4,8,JYP,4,growing,Stray Kids_Japan
21580.0,reported,Yoyogi National Gymnasium,arena,12898.0,Asia,Japan,Tokyo,2,Stray Kids,male,4,8,JYP,4,growing,Stray Kids_Japan
24186.0,reported,Prudential Center,arena,17000.0,North America,United States,Newark,2,Stray Kids,male,4,8,JYP,4,growing,Stray Kids_United States
12718.0,reported,United Center,arena,23500.0,North America,United States,Chicago,1,Stray Kids,male,4,8,JYP,4,growing,Stray Kids_United States
24920.0,reported,Kia Forum,arena,17500.0,North America,United States,Inglewood,2,Stray Kids,male,4,8,JYP,4,growing,Stray Kids_United States
12507.0,reported,Oakland Arena,arena,19596.0,North America,United States,Oakland,1,Stray Kids,male,4,8,JYP,4,growing,Stray Kids_United States
23522.0,reported,Climate Pledge Arena,arena,17200.0,North America,United States,Seattle,2,Stray Kids,male,4,8,JYP,4,growing,Stray Kids_United States
20026.0,reported,Honda Center,theater,10935.0,North America,United States,Anaheim,2,Stray Kids,male,4,8,JYP,4,growing,Stray Kids_United States
21641.0,reported,Yoyogi National Gymnasium,arena,12898.0,Asia,Japan,Tokyo,2,Stray Kids,male,4,8,JYP,4,growing,Stray Kids_Japan
20231.0,reported,KSPO Dome,arena,15000.0,Asia,South Korea,Seoul,2,Stray Kids,male,4,8,JYP,4,growing,Stray Kids_South Korea
15862.0,reported,Beach City International Stadium,arena,15000.0,Asia,Indonesia,Jakarta,2,Stray Kids,male,4,8,JYP,4,growing,Stray Kids_Indonesia
20817.0,reported,IMPACT Arena,arena,12000.0,Asia,Thailand,Bangkok,2,Stray Kids,male,4,8,JYP,4,growing,Stray Kids_Thailand
8813.0,reported,Singapore Indoor Stadium,arena,9000.0,Asia,Singapore,Singapore,1,Stray Kids,male,4,8,JYP,4,growing,Stray Kids_Singapore
56862.0,reported,Saitama Super Arena,arena,22500.0,Asia,Japan,Saitama,2,Stray Kids,male,4,8,JYP,4,growing,Stray Kids_Japan
23139.0,reported,Rod Laver Arena,arena,14820.0,Oceania,Australia,Melbourne,2,Stray Kids,male,4,8,JYP,4,growing,Stray Kids_Australia
23897.0,reported,Qudos Bank Arena,arena,18000.0,Oceania,Australia,Sydney,2,Stray Kids,male,4,8,JYP,4,growing,Stray Kids_Australia
79331.0,reported,Kyocera Dome,stadium,55000.0,Asia,Japan,Osaka,2,Stray Kids,male,4,8,JYP,4,growing,Stray Kids_Japan
17629.0,reported,SM Mall of Asia Arena,arena,15000.0,Asia,Philippines,Pasay,2,Stray Kids,male,4,8,JYP,4,growing,Stray Kids_Philippines
23019.0,reported,State Farm Arena,arena,18000.0,North America,United States,Atlanta,2,Stray Kids,male,4,8,JYP,4,growing,Stray Kids_United States
22626.0,reported,Dickies Arena,arena,14000.0,North America,United States,Fort Worth,2,Stray Kids,male,4,8,JYP,5,growing,Stray Kids_United States
45380.0,reported,BMO Stadium,stadium,22000.0,North America,United States,Los Angeles,2,Stray Kids,male,4,8,JYP,5,growing,Stray Kids_United States
73789.0,reported,PayPay Dome,stadium,47500.0,Asia,Japan,Fukuoka,2,Stray Kids,male,4,8,JYP,5,growing,Stray Kids_Japan
75516.0,reported,Vantelin Dome,stadium,36418.0,Asia,Japan,Nagoya,2,Stray Kids,male,4,8,JYP,5,growing,Stray Kids_Japan
77833.0,reported,Kyocera Dome,stadium,55000.0,Asia,Japan,Osaka,2,Stray Kids,male,4,8,JYP,5,growing,Stray Kids_Japan
31267.0,reported,Gocheok Sky Dome,stadium,16744.0,Asia,South Korea,Seoul,2,Stray Kids,male,4,8,JYP,5,growing,Stray Kids_South Korea
95371.0,reported,Tokyo Dome,stadium,55000.0,Asia,Japan,Tokyo,2,Stray Kids,male,4,8,JYP,5,growing,Stray Kids_Japan
40907.0,reported,KSPO Dome,arena,15000.0,Asia,South Korea,Seoul,4,Stray Kids,male,4,8,JYP,6,established,Stray Kids_South Korea
31462.0,reported,Singapore National Stadium,stadium,55000.0,Asia,Singapore,Singapore,1,Stray Kids,male,4,8,JYP,6,established,Stray Kids_Singapore
27336.0,reported,Marvel Stadium,stadium,56347.0,Oceania,Australia,Melbourne,1,Stray Kids,male,4,8,JYP,6,established,Stray Kids_Australia
36589.0,reported,Allianz Stadium,stadium,42500.0,Oceania,Australia,Sydney,1,Stray Kids,male,4,8,JYP,6,established,Stray Kids_Australia
41273.0,reported,National Stadium,stadium,55000.0,Asia,Taiwan,Kaohsiung,1,Stray Kids,male,4,8,JYP,6,established,Stray Kids_Taiwan
143575.0,reported,Tokyo Dome,stadium,55000.0,Asia,Japan,Tokyo,3,Stray Kids,male,4,8,JYP,6,established,Stray Kids_Japan
23047.0,reported,Philippine Arena,arena,55000.0,Asia,Philippines,Bulacan,1,Stray Kids,male,4,8,JYP,6,established,Stray Kids_Philippines
21277.0,reported,Galaxy Arena,arena,16000.0,Asia,Macau,Macau,2,Stray Kids,male,4,8,JYP,6,established,Stray Kids_Macau
114703.0,reported,Kyocera Dome,stadium,55000.0,Asia,Japan,Osaka,3,Stray Kids,male,4,8,JYP,6,established,Stray Kids_Japan
20600.0,reported,Suphachalasai Stadium,stadium,35000.0,Asia,Thailand,Bangkok,1,Stray Kids,male,4,8,JYP,6,established,Stray Kids_Thailand
9726.0,reported,Indonesia Arena,arena,16500.0,Asia,Indonesia,Jakarta,1,Stray Kids,male,4,8,JYP,6,established,Stray Kids_Indonesia
20922.0,reported,AsiaWorld–Expo,arena,14000.0,Asia,Hong Kong,Hong Kong,2,Stray Kids,male,4,8,JYP,6,established,Stray Kids_Hong Kong
48229.0,reported,Estadio Bicentenario La Florida,stadium,25000.0,South America,Chile,Santiago,2,Stray Kids,male,4,8,JYP,7,established,Stray Kids_Chile
49063.0,reported,Nilton Santos,stadium,70000.0,South America,Brazil,Rio De Janeiro,1,Stray Kids,male,4,8,JYP,7,established,Stray Kids_Brazil
110479.0,reported,MorumBIS,stadium,72039.0,South America,Brazil,São Paulo,2,Stray Kids,male,4,8,JYP,7,established,Stray Kids_Brazil
43806.0,reported,Estadio San Marcos,stadium,32000.0,South America,Peru,Lima,1,Stray Kids,male,4,8,JYP,7,established,Stray Kids_Peru
109963.0,reported,Estadio GNP Seguros,stadium,65000.0,North America,Mexico,Mexico City,2,Stray Kids,male,4,8,JYP,7,established,Stray Kids_Mexico
207917.0,reported,Shizuoka Stadium ECOPA,stadium,50889.0,Asia,Japan,Shizuoka,4,Stray Kids,male,4,8,JYP,7,established,Stray Kids_Japan
41264.0,reported,T-Mobile Park,stadium,47368.0,North America,United States,Seattle,1,Stray Kids,male,4,8,JYP,7,established,Stray Kids_United States
33403.0,reported,Oracle Park,stadium,45000.0,North America,United States,San Francisco,1,Stray Kids,male,4,8,JYP,7,established,Stray Kids_United States
79389.0,reported,SoFi Stadium,stadium,70240.0,North America,United States,Inglewood,2,Stray Kids,male,4,8,JYP,7,established,Stray Kids_United States
68253.0,reported,Globe Life Field,stadium,40300.0,North America,United States,Arlington,2,Stray Kids,male,4,8,JYP,7,established,Stray Kids_United States
36732.0,reported,Truist Park,stadium,41108.0,North America,United States,Atlanta,1,Stray Kids,male,4,8,JYP,7,established,Stray Kids_United States
46766.0,reported,Camping World Stadium,stadium,60219.0,North America,United States,Orlando,1,Stray Kids,male,4,8,JYP,7,established,Stray Kids_United States
63005.0,reported,Citi Field,stadium,41922.0,North America,United States,New York,2,Stray Kids,male,4,8,JYP,7,established,Stray Kids_United States
37095.0,reported,Nationals Park,stadium,41373.0,North America,United States,Washington,1,Stray Kids,male,4,8,JYP,7,established,Stray Kids_United States
35799.0,reported,Wrigley Field,stadium,41649.0,North America,United States,Chicago,1,Stray Kids,male,4,8,JYP,7,established,Stray Kids_United States
49745.0,reported,Rogers Stadium,stadium,50000.0,North America,Canada,Toronto,1,Stray Kids,male,4,8,JYP,7,established,Stray Kids_Canada
43788.0,reported,Johan Cruijff ArenA,stadium,71000.0,Europe,Netherlands,Amsterdam,1,Stray Kids,male,4,8,JYP,7,established,Stray Kids_Netherlands
41631.0,reported,Deutsche Bank Park,stadium,65000.0,Europe,Germany,Frankfurt,1,Stray Kids,male,4,8,JYP,7,established,Stray Kids_Germany
89225.0,reported,Tottenham Hotspur Stadium,stadium,62850.0,Europe,England,London,2,Stray Kids,male,4,8,JYP,7,established,Stray Kids_England
49096.0,reported,Estadio Metropolitano,stadium,60000.0,Europe,Spain,Madrid,1,Stray Kids,male,4,8,JYP,7,established,Stray Kids_Spain
,unreported,Estadio Metropolitano,stadium,60000.0,Europe,Spain,Madrid,1,Stray Kids,male,4,8,JYP,7,established,Stray Kids_Spain
117382.0,reported,Stade de France,stadium,81338.0,Europe,France,Paris,2,Stray Kids,male,4,8,JYP,7,established,Stray Kids_France
50374.0,reported,Stadio Olimpico,stadium,70634.0,Europe,Italy,Rome,1,Stray Kids,male,4,8,JYP,7,established,Stray Kids_Italy
,unreported,Incheon Stadium,stadium,29376.0,Asia,South Korea,Incheon,2,Stray Kids,male,4,8,JYP,7,established,Stray Kids_South Korea
22987.0,missing,KSPO Dome,arena,15000.0,Asia,South Korea,Seoul,3,The Boyz,male,4,10,ONE HUNDRED,7,established,The Boyz_South Korea
,unreported,Portmesse Nagoya,concert hall,15000.0,Asia,Japan,Nagoya,2,The Boyz,male,4,10,ONE HUNDRED,7,established,The Boyz_Japan
,unreported,Pia Arena MM,arena,12141.0,Asia,Japan,Yokohama,2,The Boyz,male,4,10,ONE HUNDRED,7,established,The Boyz_Japan
,unreported,World Memorial Hall,arena,8000.0,Asia,Japan,Kobe,2,The Boyz,male,4,10,ONE HUNDRED,7,established,The Boyz_Japan
2020.0,reported,The Theater,theater,5600.0,North America,United States,New York,1,The Boyz,male,4,10,ONE HUNDRED,7,established,The Boyz_United States
1116.0,reported,Chicago Theatre,theater,3600.0,North America,United States,Chicago,1,The Boyz,male,4,10,ONE HUNDRED,7,established,The Boyz_United States
564.0,reported,Center Stage Theater,theater,1050.0,North America,United States,Atlanta,1,The Boyz,male,4,10,ONE HUNDRED,7,established,The Boyz_United States
,unreported,Paramount Theatre,concert hall,3040.0,North America,United States,Oakland,1,The Boyz,male,4,10,ONE HUNDRED,7,established,The Boyz_United States
1186.0,reported,Orpheum Theatre,theater,2000.0,North America,United States,Los Angeles,1,The Boyz,male,4,10,ONE HUNDRED,7,established,The Boyz_United States
787.0,reported,Pantages Theater,theater,,North America,United States,Tacoma,1,The Boyz,male,4,10,ONE HUNDRED,7,established,The Boyz_United States
,unreported,Keio Arena Tokyo,arena,10000.0,Asia,Japan,Tokyo,2,The Boyz,male,4,10,ONE HUNDRED,7,established,The Boyz_Japan
,unreported,Studio City,concert hall,,Asia,Macau,Macau,1,The Boyz,male,4,10,ONE HUNDRED,7,established,The Boyz_Macau
,unreported,Idea Live Arena,concert hall,,Asia,Malaysia,Kuala Lumpur,1,The Boyz,male,4,10,ONE HUNDRED,7,established,The Boyz_Malaysia
,unreported,NTSU Arena,arena,15000.0,Asia,Taiwan,Taoyuan,1,The Boyz,male,4,10,ONE HUNDRED,7,established,The Boyz_Taiwan
,unreported,Idea Live,concert hall,8000.0,Asia,Thailand,Bangkok,1,The Boyz,male,4,10,ONE HUNDRED,7,established,The Boyz_Thailand
,unreported,ICE BSD,concert hall,,Asia,Indonesia,Tangerang,1,The Boyz,male,4,10,ONE HUNDRED,7,established,The Boyz_Indonesia
10267.0,reported,Jamsil Indoor Stadium,arena,11069.0,Asia,South Korea,Seoul,2,TOMORROW X TOGETHER,male,4,5,"Bighit,HYBE",3,growing,TOMORROW X TOGETHER_South Korea
4340.0,reported,Rosemont Theatre,theater,4400.0,North America,United States,Rosemont,1,TOMORROW X TOGETHER,male,4,5,"Bighit,HYBE",3,growing,TOMORROW X TOGETHER_United States
5239.0,reported,The Theater,theater,5600.0,North America,United States,New York,1,TOMORROW X TOGETHER,male,4,5,"Bighit,HYBE",3,growing,TOMORROW X TOGETHER_United States
4509.0,reported,Fox Theatre,theater,4665.0,North America,United States,Atlanta,1,TOMORROW X TOGETHER,male,4,5,"Bighit,HYBE",3,growing,TOMORROW X TOGETHER_United States
6202.0,reported,Texas Trust CU Theatre,concert hall,6350.0,North America,United States,Grand Prairie,1,TOMORROW X TOGETHER,male,4,5,"Bighit,HYBE",3,growing,TOMORROW X TOGETHER_United States
6250.0,reported,Smart Financial Centre,concert hall,6400.0,North America,United States,Sugar Land,1,TOMORROW X TOGETHER,male,4,5,"Bighit,HYBE",3,growing,TOMORROW X TOGETHER_United States
5168.0,reported,Bill Graham Civic Auditorium,arena,8500.0,North America,United States,San Francisco,1,TOMORROW X TOGETHER,male,4,5,"Bighit,HYBE",3,growing,TOMORROW X TOGETHER_United States
13562.0,reported,Peacock Theater,arena,7100.0,North America,United States,Los Angeles,2,TOMORROW X TOGETHER,male,4,5,"Bighit,HYBE",3,growing,TOMORROW X TOGETHER_United States
12117.0,reported,Ookini Arena Maishima,arena,7056.0,Asia,Japan,Osaka,2,TOMORROW X TOGETHER,male,4,5,"Bighit,HYBE",3,growing,TOMORROW X TOGETHER_Japan
12290.0,reported,Makuhari Messe,arena,,Asia,Japan,Chiba,2,TOMORROW X TOGETHER,male,4,5,"Bighit,HYBE",3,growing,TOMORROW X TOGETHER_Japan
6067.0,reported,ICE BSD,concert hall,,Asia,Indonesia,Tangerang,1,TOMORROW X TOGETHER,male,4,5,"Bighit,HYBE",3,growing,TOMORROW X TOGETHER_Indonesia
15999.0,reported,SM Mall of Asia Arena,arena,15000.0,Asia,Philippines,Pasay,2,TOMORROW X TOGETHER,male,4,5,"Bighit,HYBE",3,growing,TOMORROW X TOGETHER_Philippines
8588.0,reported,IMPACT Arena,arena,12000.0,Asia,Thailand,Bangkok,2,TOMORROW X TOGETHER,male,4,5,"Bighit,HYBE",3,growing,TOMORROW X TOGETHER_Thailand
21445.0,reported,KSPO Dome,arena,15000.0,Asia,South Korea,Seoul,2,TOMORROW X TOGETHER,male,4,5,"Bighit,HYBE",4,growing,TOMORROW X TOGETHER_South Korea
7830.0,reported,Singapore Indoor Stadium,arena,9000.0,Asia,Singapore,Singapore,1,TOMORROW X TOGETHER,male,4,5,"Bighit,HYBE",4,growing,TOMORROW X TOGETHER_Singapore
16042.0,reported,Nangang Exhibition Center,concert hall,,Asia,Taiwan,Taipei,2,TOMORROW X TOGETHER,male,4,5,"Bighit,HYBE",4,growing,TOMORROW X TOGETHER_Taiwan
17204.0,reported,Asue Arena,arena,16000.0,Asia,Japan,Osaka,2,TOMORROW X TOGETHER,male,4,5,"Bighit,HYBE",4,growing,TOMORROW X TOGETHER_Japan
40390.0,reported,Saitama Super Arena,arena,22500.0,Asia,Japan,Saitama,2,TOMORROW X TOGETHER,male,4,5,"Bighit,HYBE",4,growing,TOMORROW X TOGETHER_Japan
22497.0,reported,Yokohama Arena,arena,17000.0,Asia,Japan,Yokohama,2,TOMORROW X TOGETHER,male,4,5,"Bighit,HYBE",4,growing,TOMORROW X TOGETHER_Japan
27234.0,reported,Portmesse Nagoya,concert hall,15000.0,Asia,Japan,Nagoya,2,TOMORROW X TOGETHER,male,4,5,"Bighit,HYBE",4,growing,TOMORROW X TOGETHER_Japan
12662.0,reported,Spectrum Center,arena,18504.0,North America,United States,Charlotte,1,TOMORROW X TOGETHER,male,4,5,"Bighit,HYBE",4,growing,TOMORROW X TOGETHER_United States
22506.0,reported,UBS Arena,arena,19000.0,North America,United States,New York,2,TOMORROW X TOGETHER,male,4,5,"Bighit,HYBE",4,growing,TOMORROW X TOGETHER_United States
12073.0,reported,Capital One Arena,arena,20356.0,North America,United States,Washington,1,TOMORROW X TOGETHER,male,4,5,"Bighit,HYBE",4,growing,TOMORROW X TOGETHER_United States
17804.0,reported,Gas South Arena,arena,13100.0,North America,United States,Duluth,2,TOMORROW X TOGETHER,male,4,5,"Bighit,HYBE",4,growing,TOMORROW X TOGETHER_United States
24456.0,reported,Frost Bank Center,arena,19000.0,North America,United States,San Antonio,2,TOMORROW X TOGETHER,male,4,5,"Bighit,HYBE",4,growing,TOMORROW X TOGETHER_United States
46757.0,reported,BMO Stadium,stadium,22000.0,North America,United States,Los Angeles,2,TOMORROW X TOGETHER,male,4,5,"Bighit,HYBE",4,growing,TOMORROW X TOGETHER_United States
71757.0,reported,Kyocera Dome,stadium,55000.0,Asia,Japan,Osaka,2,TOMORROW X TOGETHER,male,4,5,"Bighit,HYBE",4,growing,TOMORROW X TOGETHER_Japan
7231.0,reported,Beach City International Stadium,arena,15000.0,Asia,Indonesia,Jakarta,1,TOMORROW X TOGETHER,male,4,5,"Bighit,HYBE",4,growing,TOMORROW X TOGETHER_Indonesia
10886.0,reported,Philippine Arena,arena,55000.0,Asia,Philippines,Bulacan,1,TOMORROW X TOGETHER,male,4,5,"Bighit,HYBE",4,growing,TOMORROW X TOGETHER_Philippines
25042.0,reported,Gocheok Sky Dome,stadium,16744.0,Asia,South Korea,Seoul,2,TOMORROW X TOGETHER,male,4,5,"Bighit,HYBE",4,growing,TOMORROW X TOGETHER_South Korea
32125.0,reported,KSPO Dome,arena,15000.0,Asia,South Korea,Seoul,3,TOMORROW X TOGETHER,male,4,5,"Bighit,HYBE",5,growing,TOMORROW X TOGETHER_South Korea
10691.0,reported,Tacoma Dome,arena,21000.0,North America,United States,Tacoma,1,TOMORROW X TOGETHER,male,4,5,"Bighit,HYBE",5,growing,TOMORROW X TOGETHER_United States
15662.0,reported,Oakland Coliseum,stadium,64829.0,North America,United States,Oakland,1,TOMORROW X TOGETHER,male,4,5,"Bighit,HYBE",5,growing,TOMORROW X TOGETHER_United States
23849.0,reported,Crypto.com Arena,stadium,20000.0,North America,United States,Los Angeles,2,TOMORROW X TOGETHER,male,4,5,"Bighit,HYBE",5,growing,TOMORROW X TOGETHER_United States
21734.0,reported,Minute Maid Park,stadium,41168.0,North America,United States,Houston,1,TOMORROW X TOGETHER,male,4,5,"Bighit,HYBE",5,growing,TOMORROW X TOGETHER_United States
10072.0,reported,State Farm Arena,arena,18000.0,North America,United States,Atlanta,1,TOMORROW X TOGETHER,male,4,5,"Bighit,HYBE",5,growing,TOMORROW X TOGETHER_United States
24775.0,reported,The Theater,theater,5600.0,North America,United States,New York,2,TOMORROW X TOGETHER,male,4,5,"Bighit,HYBE",5,growing,TOMORROW X TOGETHER_United States
21446.0,reported,Allstate Arena,arena,22000.0,North America,United States,Rosemont,2,TOMORROW X TOGETHER,male,4,5,"Bighit,HYBE",5,growing,TOMORROW X TOGETHER_United States
13169.0,reported,Capital One Arena,arena,20356.0,North America,United States,Washington,1,TOMORROW X TOGETHER,male,4,5,"Bighit,HYBE",5,growing,TOMORROW X TOGETHER_United States
71611.0,reported,Tokyo Dome,stadium,55000.0,Asia,Japan,Tokyo,2,TOMORROW X TOGETHER,male,4,5,"Bighit,HYBE",5,growing,TOMORROW X TOGETHER_Japan
53645.0,reported,Kyocera Dome,stadium,55000.0,Asia,Japan,Osaka,2,TOMORROW X TOGETHER,male,4,5,"Bighit,HYBE",5,growing,TOMORROW X TOGETHER_Japan
46054.0,reported,Vantelin Dome,stadium,36418.0,Asia,Japan,Nagoya,2,TOMORROW X TOGETHER,male,4,5,"Bighit,HYBE",5,growing,TOMORROW X TOGETHER_Japan
21293.0,reported,Galaxy Arena,arena,16000.0,Asia,Macau,Macau,2,TOMORROW X TOGETHER,male,4,5,"Bighit,HYBE",5,growing,TOMORROW X TOGETHER_Macau
8183.0,reported,Singapore Indoor Stadium,arena,9000.0,Asia,Singapore,Singapore,1,TOMORROW X TOGETHER,male,4,5,"Bighit,HYBE",5,growing,TOMORROW X TOGETHER_Singapore
54074.0,reported,PayPay Dome,stadium,47500.0,Asia,Japan,Fukuoka,2,TOMORROW X TOGETHER,male,4,5,"Bighit,HYBE",5,growing,TOMORROW X TOGETHER_Japan
4593.0,reported,ICE BSD,concert hall,,Asia,Indonesia,Tangerang,1,TOMORROW X TOGETHER,male,4,5,"Bighit,HYBE",5,growing,TOMORROW X TOGETHER_Indonesia
18160.0,reported,NTSU Arena,arena,15000.0,Asia,Taiwan,Taoyuan,2,TOMORROW X TOGETHER,male,4,5,"Bighit,HYBE",5,growing,TOMORROW X TOGETHER_Taiwan
31582.0,reported,KSPO Dome,arena,15000.0,Asia,South Korea,Seoul,3,TOMORROW X TOGETHER,male,4,5,"Bighit,HYBE",5,growing,TOMORROW X TOGETHER_South Korea
73748.0,reported,Kyocera Dome,stadium,55000.0,Asia,Japan,Osaka,2,TOMORROW X TOGETHER,male,4,5,"Bighit,HYBE",5,growing,TOMORROW X TOGETHER_Japan
24625.0,reported,Inspire Arena,arena,15000.0,Asia,South Korea,Incheon,3,TOMORROW X TOGETHER,male,4,5,"Bighit,HYBE",6,established,TOMORROW X TOGETHER_South Korea
36000.0,reported,K-Arena Yokohama,arena,20000.0,Asia,Japan,Yokohama,2,TOMORROW X TOGETHER,male,4,5,"Bighit,HYBE",6,established,TOMORROW X TOGETHER_Japan
10453.0,reported,Palau Sant Jordi,arena,17960.0,Europe,Spain,Barcelona,1,TOMORROW X TOGETHER,male,4,5,"Bighit,HYBE",6,established,TOMORROW X TOGETHER_Spain
15581.0,reported,The O2 Arena,arena,20000.0,Europe,England,London,1,TOMORROW X TOGETHER,male,4,5,"Bighit,HYBE",6,established,TOMORROW X TOGETHER_England
11951.0,reported,Uber Arena,arena,17000.0,Europe,Germany,Berlin,1,TOMORROW X TOGETHER,male,4,5,"Bighit,HYBE",6,established,TOMORROW X TOGETHER_Germany
14153.0,reported,Accor Arena,arena,20300.0,Europe,France,Paris,1,TOMORROW X TOGETHER,male,4,5,"Bighit,HYBE",6,established,TOMORROW X TOGETHER_France
13055.0,reported,Ziggo Dome,arena,17000.0,Europe,Netherlands,Amsterdam,1,TOMORROW X TOGETHER,male,4,5,"Bighit,HYBE",6,established,TOMORROW X TOGETHER_Netherlands
14546.0,reported,Anabuki Arena,arena,,Asia,Japan,Kagawa,2,TOMORROW X TOGETHER,male,4,5,"Bighit,HYBE",6,established,TOMORROW X TOGETHER_Japan
16992.0,reported,Aichi Sky Expo,concert hall,10000.0,Asia,Japan,Nagoya,2,TOMORROW X TOGETHER,male,4,5,"Bighit,HYBE",6,established,TOMORROW X TOGETHER_Japan
26250.0,reported,Marine Messe,arena,15000.0,Asia,Japan,Fukuoka,2,TOMORROW X TOGETHER,male,4,5,"Bighit,HYBE",6,established,TOMORROW X TOGETHER_Japan
31365.0,reported,Galaxy Arena,arena,16000.0,Asia,Macau,Macau,3,TOMORROW X TOGETHER,male,4,5,"Bighit,HYBE",6,established,TOMORROW X TOGETHER_Macau
15246.0,reported,Asue Arena,arena,16000.0,Asia,Japan,Osaka,2,TOMORROW X TOGETHER,male,4,5,"Bighit,HYBE",6,established,TOMORROW X TOGETHER_Japan
22848.0,reported,Ariake Arena,arena,15000.0,Asia,Japan,Tokyo,2,TOMORROW X TOGETHER,male,4,5,"Bighit,HYBE",6,established,TOMORROW X TOGETHER_Japan
30599.0,reported,Gocheok Sky Dome,stadium,16744.0,Asia,South Korea,Seoul,2,TOMORROW X TOGETHER,male,4,5,"Bighit,HYBE",6,established,TOMORROW X TOGETHER_South Korea
10119.0,reported,SAP Center,arena,19190.0,North America,United States,San Jose,1,TOMORROW X TOGETHER,male,4,5,"Bighit,HYBE",6,established,TOMORROW X TOGETHER_United States
16987.0,reported,BMO Stadium,stadium,22000.0,North America,United States,Los Angeles,1,TOMORROW X TOGETHER,male,4,5,"Bighit,HYBE",6,established,TOMORROW X TOGETHER_United States
10193.0,reported,American Airlines Center,arena,21000.0,North America,United States,Dallas,1,TOMORROW X TOGETHER,male,4,5,"Bighit,HYBE",6,established,TOMORROW X TOGETHER_United States
16466.0,reported,Allstate Arena,arena,22000.0,North America,United States,Rosemont,2,TOMORROW X TOGETHER,male,4,5,"Bighit,HYBE",6,established,TOMORROW X TOGETHER_United States
9753.0,reported,State Farm Arena,arena,18000.0,North America,United States,Atlanta,1,TOMORROW X TOGETHER,male,4,5,"Bighit,HYBE",6,established,TOMORROW X TOGETHER_United States
10018.0,reported,Capital One Arena,arena,20356.0,North America,United States,Washington,1,TOMORROW X TOGETHER,male,4,5,"Bighit,HYBE",6,established,TOMORROW X TOGETHER_United States
18656.0,reported,Prudential Center,arena,17000.0,North America,United States,Newark,2,TOMORROW X TOGETHER,male,4,5,"Bighit,HYBE",6,established,TOMORROW X TOGETHER_United States
59061.0,reported,Belluna Dome,stadium,31552.0,Asia,Japan,Saitama,2,TOMORROW X TOGETHER,male,4,5,"Bighit,HYBE",6,established,TOMORROW X TOGETHER_Japan
66209.0,reported,Vantelin Dome,stadium,36418.0,Asia,Japan,Nagoya,2,TOMORROW X TOGETHER,male,4,5,"Bighit,HYBE",6,established,TOMORROW X TOGETHER_Japan
49062.0,reported,PayPay Dome,stadium,47500.0,Asia,Japan,Fukuoka,2,TOMORROW X TOGETHER,male,4,5,"Bighit,HYBE",6,established,TOMORROW X TOGETHER_Japan
,reported,AsiaWorld–Expo,arena,14000.0,Asia,Hong Kong,Hong Kong,3,TOMORROW X TOGETHER,male,4,5,"Bighit,HYBE",6,established,TOMORROW X TOGETHER_Hong Kong
,reported,Singapore Indoor Stadium,arena,9000.0,Asia,Singapore,Singapore,2,TOMORROW X TOGETHER,male,4,5,"Bighit,HYBE",6,established,TOMORROW X TOGETHER_Singapore
,reported,Tokyo Dome,stadium,55000.0,Asia,Japan,Tokyo,2,TOMORROW X TOGETHER,male,4,5,"Bighit,HYBE",6,established,TOMORROW X TOGETHER_Japan
,reported,Taipei Dome,stadium,59833.0,Asia,Taiwan,Taipei,2,TOMORROW X TOGETHER,male,4,5,"Bighit,HYBE",6,established,TOMORROW X TOGETHER_Taiwan
,reported,Kyocera Dome,stadium,55000.0,Asia,Japan,Osaka,2,TOMORROW X TOGETHER,male,4,5,"Bighit,HYBE",6,established,TOMORROW X TOGETHER_Japan
,reported,Unifi Arena,arena,11000.0,Asia,Malaysia,Kuala Lumpur,1,TOMORROW X TOGETHER,male,4,5,"Bighit,HYBE",6,established,TOMORROW X TOGETHER_Malaysia
