attendance,reporting_status,gender,generation,tour_type,members,stage_setup,continent,country,city,venue_name,venue_type,venue_capacity,show_nights,show_year,show_month,show_quarter,weekday_1,weekday_n,is_weekend,years_since_debut,artist_age_bucket
7493.0,parcial,female,4,world tour,4,end stage,Asia,South Korea,Seoul,Jamsil Indoor Stadium,arena,11069.0,2,2023,2,1,Sat,Sun,1,2,rookie
,unreported,female,4,world tour,4,end stage,Asia,Japan,Osaka,Osaka-jō Hall,arena,16000.0,4,2023,3,1,Wed,Sun,0,2,rookie
,unreported,female,4,world tour,4,end stage,Asia,Japan,Tokyo,Yoyogi National Gymnasium,arena,12898.0,2,2023,4,2,Sat,Sun,1,2,rookie
,unreported,female,4,world tour,4,end stage,Asia,Japan,Saitama,Saitama Super Arena,arena,22500.0,2,2023,4,2,Sat,Sun,1,2,rookie
,unreported,female,4,world tour,4,end stage,Asia,Japan,Nagoya,Nippon Gaishi Hall,arena,10000.0,2,2023,4,2,Sat,Sun,1,2,rookie
,unreported,female,4,world tour,4,end stage,Asia,Indonesia,Tangerang,ICE BSD,concert hall,,1,2023,6,2,Sat,Sat,1,2,rookie
,unreported,female,4,world tour,4,end stage,Asia,Thailand,Bangkok,IMPACT Thunder Dome,concert hall,3500.0,2,2023,7,3,Sat,Sun,1,2,rookie
,unreported,female,4,world tour,4,end stage,Asia,Japan,Tokyo,Tokyo Dome,stadium,55000.0,2,2023,8,3,Sat,Sun,1,2,rookie
9452.0,reported,female,4,world tour,4,end stage,North America,United States,Los Angeles,Crypto.com Arena,stadium,20000.0,1,2023,8,3,Sun,Sun,1,2,rookie
,unreported,female,4,world tour,4,end stage,North America,United States,Irving,Toyota Music Factory,theater,4000.0,1,2023,8,3,Fri,Fri,1,2,rookie
,unreported,female,4,world tour,4,end stage,North America,United States,Miami,James L. Knight Center,theater,4605.0,1,2023,8,3,Tue,Tue,0,2,rookie
3593.0,reported,female,4,world tour,4,end stage,North America,United States,Atlanta,Fox Theatre,theater,4665.0,1,2023,8,3,Fri,Fri,1,2,rookie
2900.0,reported,female,4,world tour,4,end stage,North America,United States,Oxon Hill,The Theater at MGM National Harbor,theater,,1,2023,8,3,Sun,Sun,1,2,rookie
3948.0,reported,female,4,world tour,4,end stage,North America,United States,Rosemont,Rosemont Theatre,theater,4400.0,1,2023,8,3,Wed,Wed,0,2,rookie
4061.0,reported,female,4,world tour,4,end stage,North America,United States,Boston,MGM Music Hall,concert hall,5007.0,1,2023,9,3,Sat,Sat,1,2,rookie
6654.0,reported,female,4,world tour,4,end stage,North America,United States,New York,Barclays Center,arena,20000.0,1,2023,9,3,Tue,Tue,0,2,rookie
8550.0,reported,female,4,world tour,4,end stage,North America,Mexico,Mexico City,Palacio de los Deportes,arena,26000.0,1,2023,9,3,Fri,Fri,1,2,rookie
,unreported,female,4,world tour,4,end stage,South America,Brazil,São Paulo,Espaço Unimed,concert hall,8000.0,1,2023,9,3,Mon,Mon,0,2,rookie
4151.0,reported,female,4,world tour,4,end stage,South America,Chile,Santiago,Teatro Caupolicán,theater,4500.0,1,2023,9,3,Thu,Thu,0,2,rookie
,unreported,female,4,world tour,4,end stage,Europe,Germany,Berlin,Columbiahalle,concert hall,4900.0,1,2023,9,3,Mon,Mon,0,2,rookie
,unreported,female,4,world tour,4,end stage,Europe,England,London,The O2 Arena,arena,20000.0,1,2023,9,3,Thu,Thu,0,2,rookie
,unreported,female,4,world tour,4,end stage,Europe,France,Paris,Dôme,concert hall,4600.0,1,2023,9,3,Sat,Sat,1,2,rookie
12600.0,reported,female,4,world tour,4,end stage,Asia,South Korea,Seoul,Jamsil Indoor Stadium,arena,11069.0,2,2024,6,2,Sat,Sun,1,3,growing
10293.0,reported,female,4,world tour,4,end stage,Asia,Japan,Fukuoka,Marine Messe,arena,15000.0,1,2024,7,3,Sat,Sat,1,3,growing
15997.0,reported,female,4,world tour,4,end stage,Asia,Japan,Nagoya,Aichi Sky Expo,concert hall,10000.0,2,2024,7,3,Wed,Thu,0,3,growing
38281.0,reported,female,4,world tour,4,end stage,Asia,Japan,Saitama,Saitama Super Arena,arena,22500.0,2,2024,7,3,Sun,Mon,1,3,growing
,unreported,female,4,world tour,4,end stage,Asia,Singapore,Singapore,Singapore Indoor Stadium,arena,9000.0,1,2024,7,3,Sat,Sat,1,3,growing
25872.0,reported,female,4,world tour,4,end stage,Asia,Japan,Osaka,Asue Arena,arena,16000.0,2,2024,7,3,Sat,Sun,1,3,growing
12155.0,reported,female,4,world tour,4,end stage,Asia,Japan,Fukuoka,Marine Messe,arena,15000.0,2,2024,7,3,Tue,Wed,0,3,growing
,unreported,female,4,world tour,4,end stage,Asia,Hong Kong,Hong Kong,AsiaWorld–Expo,arena,14000.0,2,2024,8,3,Sat,Sun,1,3,growing
,unreported,female,4,world tour,4,end stage,Asia,Taiwan,Taoyuan,NTSU Arena,arena,15000.0,3,2024,8,3,Fri,Sun,1,3,growing
93639.0,reported,female,4,world tour,4,end stage,Asia,Japan,Tokyo,Tokyo Dome,stadium,55000.0,2,2024,8,3,Sat,Sun,1,3,growing
,unreported,female,4,world tour,4,end stage,Asia,Indonesia,Jakarta,Beach City International Stadium,arena,15000.0,1,2024,8,3,Sat,Sat,1,3,growing
20053.0,reported,female,4,world tour,4,end stage,Oceania,Australia,Sydney,Qudos Bank Arena,arena,18000.0,2,2024,8,3,Fri,Sat,1,3,growing
10783.0,reported,female,4,world tour,4,end stage,Oceania,Australia,Melbourne,Rod Laver Arena,arena,14820.0,1,2024,9,3,Mon,Mon,0,3,growing
,unreported,female,4,world tour,4,end stage,Asia,Macau,Macau,Studio City,concert hall,,2,2024,9,3,Sat,Sun,1,3,growing
,unreported,female,4,world tour,4,end stage,Asia,Thailand,Bangkok,IMPACT Arena,arena,12000.0,2,2024,9,3,Sat,Sun,1,3,growing
5134.0,reported,female,4,world tour,4,end stage,North America,United States,Kent,accesso ShoWare Center,arena,7141.0,1,2025,1,1,Tue,Tue,0,4,growing
11975.0,reported,female,4,world tour,4,end stage,North America,United States,Oakland,Oakland Arena,arena,19596.0,1,2025,1,1,Thu,Thu,0,4,growing
12170.0,reported,female,4,world tour,4,end stage,North America,United States,Inglewood,Kia Forum,arena,17500.0,1,2025,2,1,Sat,Sat,1,4,growing
10287.0,reported,female,4,world tour,4,end stage,North America,Mexico,Mexico City,Palacio de los Deportes,arena,26000.0,1,2025,2,1,Tue,Tue,0,4,growing
10784.0,reported,female,4,world tour,4,end stage,North America,United States,Orlando,Kia Center,arena,17030.0,1,2025,2,1,Thu,Thu,0,4,growing
11384.0,reported,female,4,world tour,4,end stage,North America,United States,Charlotte,Spectrum Center,arena,18504.0,1,2025,2,1,Sat,Sat,1,4,growing
11504.0,reported,female,4,world tour,4,end stage,North America,United States,Newark,Prudential Center,arena,17000.0,1,2025,2,1,Tue,Tue,0,4,growing
10755.0,reported,female,4,world tour,4,end stage,North America,Canada,Toronto,Scotiabank Arena,arena,19800.0,1,2025,2,1,Thu,Thu,0,4,growing
13077.0,reported,female,4,world tour,4,end stage,North America,United States,Chicago,United Center,arena,23500.0,1,2025,2,1,Sat,Sat,1,4,growing
9192.0,reported,female,4,world tour,4,end stage,Europe,England,London,Wembley Arena,arena,12500.0,1,2025,3,1,Sun,Sun,1,4,growing
,unreported,female,4,world tour,4,end stage,Europe,France,Paris,Zénith,arena,9000.0,1,2025,3,1,Tue,Tue,0,4,growing
4000.0,reported,female,4,world tour,4,end stage,Europe,Netherlands,Amsterdam,AFAS Live,concert hall,6000.0,1,2025,3,1,Thu,Thu,0,4,growing
3045.0,reported,female,4,world tour,4,end stage,Europe,Germany,Frankfurt,Centennial Hall ,concert hall,4800.0,1,2025,3,1,Sun,Sun,1,4,growing
8100.0,reported,female,4,world tour,4,end stage,Europe,Spain,Madrid,Movistar Arena,arena,15000.0,1,2025,3,1,Wed,Wed,0,4,growing
19855.0,parcial,female,4,world tour,4,end stage,Asia,South Korea,Seoul,KSPO Dome,arena,15000.0,2,2025,3,1,Sat,Sun,1,4,growing
29092.0,parcial,female,4,world tour,4,end stage,Asia,South Korea,Seoul,KSPO Dome,arena,15000.0,3,2025,8,3,Fri,Sun,1,4,growing
,unreported,female,4,world tour,4,end stage,Asia,Japan,Fukuoka,Marine Messe,arena,15000.0,2,2025,10,4,Sat,Sun,1,4,growing
,unreported,female,4,world tour,4,end stage,Asia,Japan,Tokyo,Ariake Arena,arena,15000.0,3,2025,10,4,Sat,Mon,1,4,growing
,unreported,female,4,world tour,4,end stage,Asia,Japan,Nagoya,Aichi International Arena,arena,17000.0,2,2025,10,4,Sat,Sun,1,4,growing
,unreported,female,4,world tour,4,end stage,Asia,Japan,Tokyo,Yoyogi National Gymnasium,arena,12898.0,2,2025,11,4,Sat,Sun,1,4,growing
,unreported,female,4,world tour,4,end stage,Asia,Thailand,Bangkok,IMPACT Arena,arena,12000.0,2,2025,11,4,Sat,Sun,1,4,growing
,unreported,female,4,world tour,4,end stage,Asia,Japan,Osaka,Osaka-jō Hall,arena,16000.0,2,2025,11,4,Wed,Thu,0,5,growing
,unreported,female,4,world tour,4,end stage,Asia,Hong Kong,Hong Kong,AsiaWorld–Expo,arena,14000.0,2,2026,2,1,Sat,Sun,1,5,growing
,unreported,female,4,world tour,4,end stage,Asia,Macau,Macau,Galaxy Arena,arena,16000.0,2,2026,3,1,Sat,Sun,1,5,growing
,unreported,female,4,world tour,4,end stage,Asia,Indonesia,Tangerang,ICE BSD,concert hall,,1,2026,4,2,Sat,Sat,1,5,growing
,unreported,female,4,world tour,4,end stage,Asia,Japan,Osaka,Kyocera Dome,stadium,55000.0,2,2026,4,2,Sat,Sun,1,5,growing
,unreported,female,4,world tour,4,end stage,Asia,Japan,Tokyo,Tokyo Dome,stadium,55000.0,2,2026,4,2,Sat,Sun,1,5,growing
,unreported,female,4,world tour,4,end stage,Asia,South Korea,Seoul,Gocheok Sky Dome,stadium,16744.0,2,2026,8,3,Fri,Sat,1,5,growing
,unreported,female,4,world tour,4,end stage,Asia,Taiwan,Taipei,Taipei Dome,stadium,59833.0,1,2026,8,3,Tue,Tue,0,5,growing
,unreported,female,4,world tour,4,end stage,South America,Brazil,São Paulo,Mercado Livre Arena Pacaembu,stadium,40000.0,1,2026,9,3,Fri,Fri,1,5,growing
,unreported,female,4,world tour,4,end stage,South America,Chile,Santiago,Movistar Arena,arena,15500.0,1,2026,9,3,Sun,Sun,1,5,growing
,unreported,female,4,world tour,4,end stage,South America,Peru,Lima,Costa 21,concert hall,30000.0,1,2026,9,3,Wed,Wed,0,5,growing
,unreported,female,4,world tour,4,end stage,North America,Mexico,Mexico City,Palacio de los Deportes,arena,26000.0,1,2026,9,3,Fri,Fri,1,5,growing
,unreported,female,4,world tour,4,end stage,North America,Canada,Hamilton,TD Coliseum,arena,18000.0,1,2026,9,3,Tue,Tue,0,5,growing
5494.0,parcial,female,4,world tour,4,end stage,North America,United States,New York,UBS Arena,arena,19000.0,1,2026,9,3,Fri,Fri,1,5,growing
5060.0,parcial,female,4,world tour,4,end stage,North America,United States,Washington,Capital One Arena,arena,20356.0,1,2026,9,3,Tue,Tue,0,5,growing
5806.0,parcial,female,4,world tour,4,end stage,North America,United States,Atlanta,State Farm Arena,arena,18000.0,1,2026,9,3,Thu,Thu,0,5,growing
6767.0,parcial,female,4,world tour,4,end stage,North America,United States,Miami,Kaseya Center,arena,20000.0,1,2026,9,3,Sat,Sat,1,5,growing
7430.0,unreported,female,4,world tour,4,end stage,North America,United States,Dallas,American Airlines Center,arena,21000.0,1,2026,9,3,Tue,Tue,0,5,growing
9187.0,unreported,female,4,world tour,4,end stage,North America,United States,Inglewood,Intuit Dome,arena,18300.0,1,2026,10,4,Sat,Sat,1,5,growing
,unreported,female,4,world tour,4,end stage,North America,United States,Oakland,Oakland Arena,arena,19596.0,1,2026,10,4,Tue,Tue,0,5,growing
,unreported,female,4,world tour,4,end stage,North America,United States,Seattle,Climate Pledge Arena,arena,17200.0,1,2026,10,4,Fri,Fri,1,5,growing
,unreported,female,4,world tour,4,end stage,North America,Canada,Vancouver,Rogers Arena,arena,19000.0,1,2026,10,4,Sun,Sun,1,5,growing
,unreported,female,4,world tour,4,end stage,Europe,England,Manchester,AO Arena,arena,21000.0,1,2027,1,1,Thu,Thu,0,6,established
,unreported,female,4,world tour,4,end stage,Europe,England,London,The O2 Arena,arena,20000.0,1,2027,1,1,Sat,Sat,1,6,established
,unreported,female,4,world tour,4,end stage,Europe,Netherlands,Amsterdam,Ziggo Dome,arena,17000.0,1,2027,1,1,Tue,Tue,0,6,established
,unreported,female,4,world tour,4,end stage,Europe,Sweden,Stockholm,Avicii Arena,arena,16000.0,1,2027,1,1,Fri,Fri,1,6,established
,unreported,female,4,world tour,4,end stage,Europe,Denmark,Copenhagen,Royal Arena,arena,17000.0,1,2027,1,1,Sun,Sun,1,6,established
,unreported,female,4,world tour,4,end stage,Europe,Germany,Berlin,Uber Arena,arena,17000.0,1,2027,1,1,Tue,Tue,0,6,established
,unreported,female,4,world tour,4,end stage,Europe,Italy,Milan,Unipol Dome,arena,16000.0,1,2027,1,1,Fri,Fri,1,6,established
,unreported,female,4,world tour,4,end stage,Europe,Spain,Barcelona,Palau Sant Jordi,arena,17960.0,1,2027,1,1,Sun,Sun,1,6,established
,unreported,female,4,world tour,4,end stage,Europe,France,Paris,Accor Arena,arena,20300.0,1,2027,2,1,Tue,Tue,0,6,established
16706.0,parcial,female,5,world tour,7,end stage,Asia,South Korea,Seoul,KSPO Dome,arena,15000.0,2,2025,1,1,Sat,Sun,1,0,rookie
,unreported,female,5,world tour,7,end stage,North America,United States,Newark,Prudential Center,arena,17000.0,1,2025,2,1,Fri,Fri,1,0,rookie
,unreported,female,5,world tour,7,end stage,North America,United States,Inglewood,Kia Forum,arena,17500.0,1,2025,3,1,Sun,Sun,1,0,rookie
24918.0,reported,female,5,world tour,7,end stage,Asia,Japan,Yokohama,Pia Arena MM,arena,12141.0,3,2025,3,1,Fri,Sun,1,0,rookie
,unreported,female,5,world tour,7,end stage,Asia,Japan,Nagoya,Portmesse Nagoya,concert hall,15000.0,2,2025,3,1,Sat,Sun,1,0,rookie
,unreported,female,5,world tour,7,end stage,Asia,Japan,Osaka,Asue Arena,arena,16000.0,2,2025,4,2,Thu,Fri,0,1,rookie
40936.0,reported,female,5,world tour,7,end stage,Asia,Japan,Yokohama,K-Arena Yokohama,arena,20000.0,3,2025,4,2,Fri,Sun,1,1,rookie
,unreported,female,5,world tour,7,end stage,Asia,Japan,Fukuoka,Fukuoka Kokusai Center,arena,10000.0,2,2025,4,2,Sat,Sun,1,1,rookie
,unreported,female,5,world tour,7,end stage,Asia,Singapore,Singapore,Singapore Indoor Stadium,arena,9000.0,1,2025,5,2,Sat,Sat,1,1,rookie
,unreported,female,5,world tour,7,end stage,Asia,Hong Kong,Hong Kong,AsiaWorld–Expo,arena,14000.0,2,2025,5,2,Sat,Sun,1,1,rookie
,unreported,female,5,world tour,7,end stage,Asia,Vietnam,Ho Chi Minh City,Saigon Exhibition and Convention Center,concert hall,2000.0,1,2025,5,2,Sat,Sat,1,1,rookie
,unreported,female,5,world tour,7,end stage,Asia,Thailand,Bangkok,IMPACT Arena,arena,12000.0,2,2025,6,2,Sat,Sun,1,1,rookie
,unreported,female,5,world tour,7,end stage,Asia,Indonesia,Tangerang,ICE BSD,concert hall,,1,2025,6,2,Sat,Sat,1,1,rookie
,unreported,female,5,world tour,7,end stage,Asia,Malaysia,Kuala Lumpur,Unifi Arena,arena,11000.0,1,2025,6,2,Sat,Sat,1,1,rookie
,unreported,female,5,world tour,7,end stage,Asia,Taiwan,Taoyuan,NTSU Arena,arena,15000.0,2,2025,6,2,Sat,Sun,1,1,rookie
,unreported,female,5,world tour,7,end stage,North America,Canada,Toronto,Scotiabank Arena,arena,19800.0,1,2025,8,3,Sat,Sat,1,1,rookie
3636.0,reported,female,5,world tour,7,end stage,North America,United States,Rosemont,Allstate Arena,arena,22000.0,1,2025,9,3,Tue,Tue,0,1,rookie
5083.0,reported,female,5,world tour,7,end stage,North America,United States,Atlanta,State Farm Arena,arena,18000.0,1,2025,9,3,Fri,Fri,1,1,rookie
5886.0,reported,female,5,world tour,7,end stage,North America,United States,Fort Worth,Dickies Arena,arena,14000.0,1,2025,9,3,Sun,Sun,1,1,rookie
6336.0,reported,female,5,world tour,7,end stage,North America,United States,Oakland,Oakland Arena,arena,19596.0,1,2025,9,3,Wed,Wed,0,1,rookie
7085.0,reported,female,5,world tour,7,end stage,North America,United States,Seattle,Climate Pledge Arena,arena,17200.0,1,2025,9,3,Fri,Fri,1,1,rookie
21125.0,reported,female,3,world tour,4,end stage,Asia,South Korea,Seoul,Seoul Olympic Stadium,stadium,65599.0,2,2018,11,4,Sat,Sun,1,2,rookie
29241.0,reported,female,3,world tour,4,end stage,Asia,Thailand,Bangkok,IMPACT Arena,arena,12000.0,3,2019,1,1,Fri,Sun,1,2,rookie
16260.0,reported,female,3,world tour,4,end stage,Asia,Indonesia,Tangerang,ICE BSD,concert hall,,2,2019,1,1,Sat,Sun,1,2,rookie
9690.0,reported,female,3,world tour,4,end stage,Asia,Hong Kong,Hong Kong,AsiaWorld–Expo,arena,14000.0,1,2019,1,1,Sat,Sat,1,2,rookie
8469.0,reported,female,3,world tour,4,end stage,Asia,Philippines,Pasay,SM Mall of Asia Arena,arena,15000.0,1,2019,2,1,Sat,Sat,1,2,rookie
8076.0,reported,female,3,world tour,4,end stage,Asia,Singapore,Singapore,Singapore Indoor Stadium,arena,9000.0,1,2019,2,1,Fri,Fri,1,2,rookie
15504.0,reported,female,3,world tour,4,end stage,Asia,Malaysia,Kuala Lumpur,Malawati Indoor Stadium,arena,13000.0,2,2019,2,1,Sat,Sun,1,2,rookie
8774.0,reported,female,3,world tour,4,end stage,Asia,Taiwan,Taoyuan,NTSU Arena,arena,15000.0,1,2019,3,1,Sun,Sun,1,2,rookie
12245.0,reported,female,3,world tour,4,end stage,North America,United States,Inglewood,Kia Forum,arena,17500.0,1,2019,4,2,Wed,Wed,0,2,rookie
11417.0,reported,female,3,world tour,4,end stage,North America,United States,Rosemont,Allstate Arena,arena,22000.0,1,2019,4,2,Wed,Wed,0,2,rookie
10704.0,reported,female,3,world tour,4,end stage,North America,Canada,Hamilton,TD Coliseum,arena,18000.0,1,2019,4,2,Sat,Sat,1,2,rookie
22944.0,reported,female,3,world tour,4,end stage,North America,United States,Newark,Prudential Center,arena,17000.0,2,2019,5,2,Wed,Thu,0,2,rookie
9180.0,reported,female,3,world tour,4,end stage,North America,United States,Duluth,Gas South Arena,arena,13100.0,1,2019,5,2,Sun,Sun,1,2,rookie
9107.0,reported,female,3,world tour,4,end stage,North America,United States,Fort Worth,Fort Worth Convention Center,arena,13500.0,1,2019,5,2,Wed,Wed,0,2,rookie
,unreported,female,3,world tour,4,end stage,North America,United States,Fort Worth,Fort Worth Convention Center,arena,13500.0,1,2019,5,2,Wed,Wed,0,2,rookie
5272.0,reported,female,3,world tour,4,end stage,Europe,Netherlands,Amsterdam,AFAS Live,concert hall,6000.0,1,2019,5,2,Sat,Sat,1,2,rookie
5424.0,reported,female,3,world tour,4,end stage,Europe,England,Manchester,AO Arena,arena,21000.0,1,2019,5,2,Tue,Tue,0,2,rookie
9968.0,reported,female,3,world tour,4,end stage,Europe,England,London,Wembley Arena,arena,12500.0,1,2019,5,2,Wed,Wed,0,2,rookie
7722.0,reported,female,3,world tour,4,end stage,Europe,Germany,Berlin,Max-Schemeling-Halle,arena,12000.0,1,2019,5,2,Fri,Fri,1,2,rookie
6224.0,reported,female,3,world tour,4,end stage,Europe,France,Paris,Zénith,arena,9000.0,1,2019,5,2,Sun,Sun,1,2,rookie
8344.0,reported,female,3,world tour,4,end stage,Europe,Spain,Barcelona,Palau Sant Jordi,arena,17960.0,1,2019,5,2,Tue,Tue,0,2,rookie
10081.0,reported,female,3,world tour,4,end stage,Asia,Macau,Macau,Venetian Arena,arena,14000.0,1,2019,6,2,Sat,Sat,1,2,rookie
12173.0,reported,female,3,world tour,4,end stage,Oceania,Australia,Melbourne,Rod Laver Arena,arena,14820.0,1,2019,6,2,Thu,Thu,0,2,rookie
14317.0,reported,female,3,world tour,4,end stage,Oceania,Australia,Sydney,Qudos Bank Arena,arena,18000.0,1,2019,6,2,Sat,Sat,1,2,rookie
28776.0,reported,female,3,world tour,4,end stage,Asia,Thailand,Bangkok,IMPACT Arena,arena,12000.0,3,2019,7,3,Fri,Sun,1,2,rookie
50369.0,reported,female,3,world tour,4,end stage,Asia,Japan,Tokyo,Tokyo Dome,stadium,55000.0,1,2019,12,4,Wed,Wed,0,3,growing
81931.0,reported,female,3,world tour,4,end stage,Asia,Japan,Osaka,Kyocera Dome,stadium,55000.0,2,2020,1,1,Sat,Sun,1,3,growing
38846.0,reported,female,3,world tour,4,end stage,Asia,Japan,Fukuoka,PayPay Dome,stadium,47500.0,1,2020,2,1,Sat,Sat,1,3,growing
20060.0,reported,female,3,world tour,4,end stage,Asia,South Korea,Seoul,KSPO Dome,arena,15000.0,2,2022,10,4,Sat,Sun,1,6,established
23528.0,reported,female,3,world tour,4,end stage,North America,United States,Dallas,American Airlines Center,arena,21000.0,2,2022,10,4,Tue,Wed,0,6,established
23480.0,reported,female,3,world tour,4,end stage,North America,United States,Houston,Toyota Center,arena,19000.0,2,2022,10,4,Sat,Sun,1,6,established
23434.0,reported,female,3,world tour,4,end stage,North America,United States,Atlanta,State Farm Arena,arena,18000.0,2,2022,11,4,Wed,Thu,0,6,established
23990.0,reported,female,3,world tour,4,end stage,North America,Canada,Hamilton,TD Coliseum,arena,18000.0,2,2022,11,4,Sun,Mon,1,6,established
25582.0,reported,female,3,world tour,4,end stage,North America,United States,Chicago,United Center,arena,23500.0,2,2022,11,4,Thu,Fri,0,6,established
23928.0,reported,female,3,world tour,4,end stage,North America,United States,Newark,Prudential Center,arena,17000.0,2,2022,11,4,Mon,Tue,0,6,established
46295.0,reported,female,3,world tour,4,end stage,North America,United States,Los Angeles,BMO Stadium,stadium,22000.0,2,2022,11,4,Sat,Sun,1,6,established
35440.0,reported,female,3,world tour,4,end stage,Europe,England,London,The O2 Arena,arena,20000.0,2,2022,11,4,Wed,Thu,0,6,established
17208.0,reported,female,3,world tour,4,end stage,Europe,Spain,Barcelona,Palau Sant Jordi,arena,17960.0,1,2022,12,4,Mon,Mon,0,6,established
15899.0,reported,female,3,world tour,4,end stage,Europe,Germany,Cologne,Lanxess Arena,arena,20000.0,1,2022,12,4,Thu,Thu,0,6,established
30731.0,reported,female,3,world tour,4,end stage,Europe,France,Paris,Accor Arena,arena,20300.0,2,2022,12,4,Sun,Mon,1,6,established
15525.0,reported,female,3,world tour,4,end stage,Europe,Denmark,Copenhagen,Royal Arena,arena,17000.0,1,2022,12,4,Thu,Thu,0,6,established
26638.0,reported,female,3,world tour,4,end stage,Europe,Germany,Berlin,Uber Arena,arena,17000.0,2,2022,12,4,Mon,Tue,0,6,established
14641.0,reported,female,3,world tour,4,end stage,Europe,Netherlands,Amsterdam,Ziggo Dome,arena,17000.0,1,2022,12,4,Thu,Thu,0,6,established
66211.0,reported,female,3,world tour,4,end stage,Asia,Thailand,Bangkok,Suphachalasai Stadium,stadium,35000.0,2,2023,1,1,Sat,Sun,1,6,established
32312.0,reported,female,3,world tour,4,end stage,Asia,Hong Kong,Hong Kong,AsiaWorld–Expo,arena,14000.0,3,2023,1,1,Fri,Sun,1,6,established
26578.0,reported,female,3,world tour,4,end stage,Middle East,Saudi Arabia,Riyadh,Boulevard City,concert hall,,1,2023,1,1,Fri,Fri,1,6,established
22209.0,reported,female,3,world tour,4,end stage,Middle East,United Arab Emirates,Abu Dhabi,Etihad Park,amphitheater,40000.0,1,2023,1,1,Sat,Sat,1,6,established
62642.0,reported,female,3,world tour,4,end stage,Asia,Malaysia,Kuala Lumpur,Bukit Jalil Stadium,stadium,90000.0,1,2023,3,1,Sat,Sat,1,6,established
113740.0,reported,female,3,world tour,4,end stage,Asia,Indonesia,Jakarta,Gelora Bung Karno Main Stadium,stadium,77193.0,2,2023,3,1,Sat,Sun,1,6,established
101096.0,reported,female,3,world tour,4,end stage,Asia,Taiwan,Kaohsiung,National Stadium,stadium,55000.0,2,2023,3,1,Sat,Sun,1,6,established
92720.0,reported,female,3,world tour,4,end stage,Asia,Philippines,Bulacan,Philippine Arena,arena,55000.0,2,2023,3,1,Sat,Sun,1,6,established
100809.0,reported,female,3,world tour,4,end stage,Asia,Japan,Tokyo,Tokyo Dome,stadium,55000.0,2,2023,4,2,Sat,Sun,1,6,established
113498.0,reported,female,3,world tour,4,end stage,North America,Mexico,Mexico City,Estadio GNP Seguros,stadium,65000.0,2,2023,4,2,Wed,Thu,0,6,established
97977.0,reported,female,3,world tour,4,end stage,Asia,Singapore,Singapore,Singapore National Stadium,stadium,55000.0,2,2023,5,2,Sat,Sun,1,6,established
23267.0,reported,female,3,world tour,4,end stage,Asia,Macau,Macau,Galaxy Arena,arena,16000.0,2,2023,5,2,Sat,Sun,1,6,established
81108.0,reported,female,3,world tour,4,end stage,Asia,Thailand,Bangkok,Rajamangala Stadium,stadium,51560.0,2,2023,5,2,Sat,Sun,1,6,established
81996.0,reported,female,3,world tour,4,end stage,Asia,Japan,Osaka,Kyocera Dome,stadium,55000.0,2,2023,6,2,Sat,Sun,1,6,established
23145.0,reported,female,3,world tour,4,end stage,Oceania,Australia,Melbourne,Rod Laver Arena,arena,14820.0,2,2023,6,2,Sat,Sun,1,6,established
25926.0,reported,female,3,world tour,4,end stage,Oceania,Australia,Sydney,Qudos Bank Arena,arena,18000.0,2,2023,6,2,Fri,Sat,1,6,established
,unreported,female,3,world tour,4,end stage,Oceania,New Zealand,Auckland,,,,1,2023,6,2,Wed,Wed,0,6,established
52781.0,reported,female,3,world tour,4,end stage,Europe,France,Paris,Stade de France,stadium,81338.0,1,2023,7,3,Sat,Sat,1,6,established
67443.0,reported,female,3,world tour,4,end stage,Asia,Vietnam,Hanoi,Mỹ Đình National Stadium,stadium,50000.0,2,2023,7,3,Sat,Sun,1,6,established
96570.0,reported,female,3,world tour,4,end stage,North America,United States,East Rutherford,MetLife Stadium,stadium,82500.0,2,2023,8,3,Fri,Sat,1,7,established
44171.0,reported,female,3,world tour,4,end stage,North America,United States,Las Vegas,Allegiant Stadium,stadium,65000.0,1,2023,8,3,Fri,Fri,1,7,established
38390.0,reported,female,3,world tour,4,end stage,North America,United States,San Francisco,Oracle Park,stadium,45000.0,1,2023,8,3,Tue,Tue,0,7,established
48824.0,reported,female,3,world tour,4,end stage,North America,United States,Los Angeles,Dodger Stadium,stadium,56000.0,1,2023,8,3,Sat,Sat,1,7,established
35391.0,reported,female,3,world tour,4,end stage,Asia,South Korea,Seoul,Gocheok Sky Dome,stadium,16744.0,2,2023,9,3,Sat,Sun,1,7,established
75340.0,parcial,female,3,world tour,4,end stage,Asia,South Korea,Goyang,Goyang Stadium,stadium,41311.0,2,2025,7,3,Sat,Sun,1,8,established
89981.0,parcial,female,3,world tour,4,end stage,North America,United States,Inglewood,SoFi Stadium,stadium,70240.0,2,2025,7,3,Sat,Sun,1,8,established
48915.0,parcial,female,3,world tour,4,end stage,North America,United States,Chicago,Soldier Field,stadium,62500.0,1,2025,7,3,Fri,Fri,1,8,established
,unreported,female,3,world tour,4,end stage,North America,Canada,Toronto,Rogers Stadium,stadium,50000.0,2,2025,7,3,Tue,Wed,0,8,established
73608.0,parcial,female,3,world tour,4,end stage,North America,United States,New York,Citi Field,stadium,41922.0,2,2025,7,3,Sat,Sun,1,8,established
,unreported,female,3,world tour,4,end stage,Europe,France,Paris,Stade de France,stadium,81338.0,2,2025,8,3,Sat,Sun,1,8,established
,unreported,female,3,world tour,4,end stage,Europe,Italy,Milan,Ippodromo La Maura,stadium,80000.0,1,2025,8,3,Wed,Wed,0,8,established
,unreported,female,3,world tour,4,end stage,Europe,Spain,Barcelona,Estadi Olímpic Lluís Companys,stadium,55926.0,1,2025,8,3,Sat,Sat,1,9,established
,unreported,female,3,world tour,4,end stage,Europe,England,London,Wembley Stadium,stadium,90000.0,2,2025,8,3,Fri,Sat,1,9,established
,unreported,female,3,world tour,4,end stage,Asia,Taiwan,Kaohsiung,National Stadium,stadium,55000.0,2,2025,10,4,Sat,Sun,1,9,established
,unreported,female,3,world tour,4,end stage,Asia,Thailand,Bangkok,Rajamangala Stadium,stadium,51560.0,3,2025,10,4,Fri,Sun,1,9,established
,unreported,female,3,world tour,4,end stage,Asia,Indonesia,Jakarta,Gelora Bung Karno Main Stadium,stadium,77193.0,2,2025,11,4,Sat,Sun,1,9,established
,unreported,female,3,world tour,4,end stage,Asia,Philippines,Bulacan,Philippine Arena,arena,55000.0,2,2025,11,4,Sat,Sun,1,9,established
,unreported,female,3,world tour,4,end stage,Asia,Singapore,Singapore,Singapore National Stadium,stadium,55000.0,3,2025,11,4,Fri,Sun,1,9,established
,unreported,female,3,world tour,4,end stage,Asia,Japan,Tokyo,Tokyo Dome,stadium,55000.0,3,2026,1,1,Fri,Sun,1,9,established
,unreported,female,3,world tour,4,end stage,Asia,Hong Kong,Hong Kong,Kai Tak Stadium,stadium,45995.0,3,2026,1,1,Sat,Mon,1,9,established
9869.0,missing,female,4,world tour,5,end stage,Asia,South Korea,Seoul,Jamsil Indoor Stadium,arena,11069.0,2,2023,6,2,Sat,Sun,1,5,growing
,unreported,female,4,world tour,5,end stage,Asia,Taiwan,Taipei,Taipei Arena,stadium,13000.0,2,2023,7,3,Sat,Sun,1,5,growing
,unreported,female,4,world tour,5,end stage,Asia,Thailand,Bangkok,IMPACT Thunder Dome,concert hall,3500.0,1,2023,7,3,Sat,Sat,1,5,growing
,unreported,female,4,world tour,5,end stage,Asia,Hong Kong,Hong Kong,AsiaWorld–Expo,arena,14000.0,2,2023,7,3,Sat,Sun,1,5,growing
5244.0,reported,female,4,world tour,5,end stage,North America,United States,San Francisco,Bill Graham Civic Auditorium,arena,8500.0,1,2023,8,3,Fri,Fri,1,5,growing
6360.0,reported,female,4,world tour,5,end stage,North America,United States,Los Angeles,Peacock Theater,arena,7100.0,1,2023,8,3,Sun,Sun,1,5,growing
,unreported,female,4,world tour,5,end stage,North America,United States,Grand Prairie,Texas Trust CU Theatre,concert hall,6350.0,1,2023,8,3,Wed,Wed,0,5,growing
5175.0,reported,female,4,world tour,5,end stage,North America,United States,New York,The Theater,theater,5600.0,1,2023,8,3,Sun,Sun,1,5,growing
2732.0,unreported,female,4,world tour,5,end stage,North America,United States,Atlanta,Fox Theatre,theater,4665.0,1,2023,8,3,Tue,Tue,0,5,growing
4292.0,reported,female,4,world tour,5,end stage,North America,United States,Rosemont,Rosemont Theatre,theater,4400.0,1,2023,8,3,Thu,Thu,0,5,growing
9438.0,unreported,female,4,world tour,5,end stage,Europe,England,London,Wembley Arena,arena,12500.0,1,2023,9,3,Sat,Sat,1,5,growing
,unreported,female,4,world tour,5,end stage,Europe,Netherlands,Amsterdam,AFAS Live,concert hall,6000.0,1,2023,9,3,Mon,Mon,0,5,growing
,unreported,female,4,world tour,5,end stage,Europe,France,Paris,Zénith,arena,9000.0,1,2023,9,3,Wed,Wed,0,5,growing
8232.0,reported,female,4,world tour,5,end stage,Europe,Belgium,Brussels,Forest National,arena,8400.0,1,2023,9,3,Sat,Sat,1,5,growing
,unreported,female,4,world tour,5,end stage,Europe,Germany,Berlin,Uber Eats Music Hall,concert hall,4500.0,2,2023,9,3,Mon,Tue,0,5,growing
,unreported,female,4,world tour,5,end stage,Asia,Japan,Tokyo,Tachikawa Stage Garden,concert hall,2448.0,2,2023,9,3,Wed,Thu,0,5,growing
,unreported,female,4,world tour,5,end stage,Asia,Macau,Macau,Galaxy Arena,arena,16000.0,2,2023,10,4,Fri,Sat,1,5,growing
,unreported,female,4,world tour,5,end stage,Asia,Singapore,Singapore,Singapore Indoor Stadium,arena,9000.0,1,2023,10,4,Sun,Sun,1,5,growing
15425.0,parcial,female,4,world tour,5,end stage,Asia,South Korea,Seoul,KSPO Dome,arena,15000.0,2,2024,8,3,Sat,Sun,1,6,established
,unreported,female,4,world tour,5,end stage,Asia,Hong Kong,Hong Kong,AsiaWorld–Expo,arena,14000.0,3,2024,8,3,Fri,Sun,1,6,established
5322.0,parcial,female,4,world tour,5,end stage,North America,United States,Tacoma,Tacoma Dome,arena,21000.0,1,2024,9,3,Fri,Fri,1,6,established
,unreported,female,4,world tour,5,end stage,North America,United States,Oakland,Oakland Arena,arena,19596.0,1,2024,9,3,Sun,Sun,1,6,established
7177.0,parcial,female,4,world tour,5,end stage,North America,United States,Anaheim,Honda Center,theater,10935.0,1,2024,9,3,Tue,Tue,0,6,established
,unreported,female,4,world tour,5,end stage,North America,United States,Houston,Toyota Center,arena,19000.0,1,2024,9,3,Fri,Fri,1,6,established
7027.0,parcial,female,4,world tour,5,end stage,North America,United States,Rosemont,Allstate Arena,arena,22000.0,1,2024,9,3,Sun,Sun,1,6,established
5475.0,parcial,female,4,world tour,5,end stage,North America,United States,New York,UBS Arena,arena,19000.0,1,2024,9,3,Wed,Wed,0,6,established
,unreported,female,4,world tour,5,end stage,Asia,Taiwan,Taipei,Taipei Arena,stadium,13000.0,3,2024,10,4,Fri,Sun,1,6,established
,unreported,female,4,world tour,5,end stage,Asia,Thailand,Bangkok,IMPACT Arena,arena,12000.0,1,2024,10,4,Sat,Sat,1,6,established
,unreported,female,4,world tour,5,end stage,Asia,Macau,Macau,Galaxy Arena,arena,16000.0,3,2024,10,4,Fri,Sun,1,6,established
,unreported,female,4,world tour,5,end stage,Oceania,Australia,Melbourne,Rod Laver Arena,arena,14820.0,1,2024,10,4,Thu,Thu,0,6,established
,unreported,female,4,world tour,5,end stage,Oceania,Australia,Sydney,Qudos Bank Arena,arena,18000.0,1,2024,11,4,Sat,Sat,1,6,established
,unreported,female,4,world tour,5,end stage,Asia,Japan,Tokyo,Ariake Arena,arena,15000.0,2,2026,8,3,Mon,Tue,0,8,established
5266.0,parcial,female,4,world tour,5,end stage,Asia,South Korea,Seoul,Handball Gymnasium,arena,6500.0,2,2022,8,3,Sat,Sun,1,3,growing
,unreported,female,4,world tour,5,end stage,North America,United States,Inglewood,YouTube Theater,theater,6000.0,1,2022,10,4,Wed,Wed,0,3,growing
,unreported,female,4,world tour,5,end stage,North America,United States,Phoenix,Arizona Financial Theatre,theater,5000.0,1,2022,10,4,Sat,Sat,1,3,growing
,unreported,female,4,world tour,5,end stage,North America,United States,Irving,Toyota Music Factory,theater,4000.0,1,2022,11,4,Tue,Tue,0,3,growing
,unreported,female,4,world tour,5,end stage,North America,United States,Sugar Land,Smart Financial Centre,concert hall,6400.0,1,2022,11,4,Thu,Thu,0,3,growing
,unreported,female,4,world tour,5,end stage,North America,United States,Atlanta,Fox Theatre,theater,4665.0,1,2022,11,4,Sat,Sat,1,3,growing
,unreported,female,4,world tour,5,end stage,North America,United States,Rosemont,Rosemont Theatre,theater,4400.0,1,2022,11,4,Mon,Mon,0,3,growing
,unreported,female,4,world tour,5,end stage,North America,United States,Boston,MGM Music Hall,concert hall,5007.0,1,2022,11,4,Thu,Thu,0,3,growing
,unreported,female,4,world tour,5,end stage,North America,United States,New York,The Theater,theater,5600.0,1,2022,11,4,Sun,Sun,1,3,growing
,unreported,female,4,world tour,5,end stage,Asia,Philippines,Pasay,SM Mall of Asia Arena,arena,15000.0,2,2023,1,1,Sat,Sun,1,3,growing
,unreported,female,4,world tour,5,end stage,Asia,Singapore,Singapore,The Star Performing Arts Centre,concert hall,5000.0,1,2023,1,1,Sat,Sat,1,3,growing
,unreported,female,4,world tour,5,end stage,Asia,Indonesia,Jakarta,Gelora Bung Karno Tennis Indoor Stadium,arena,3750.0,1,2023,2,1,Sat,Sat,1,3,growing
,unreported,female,4,world tour,5,end stage,Asia,Japan,Chiba,Makuhari Messe,arena,,2,2023,2,1,Wed,Thu,0,4,growing
,unreported,female,4,world tour,5,end stage,Asia,Taiwan,Taoyuan,NTSU Arena,arena,15000.0,1,2023,2,1,Sun,Sun,1,4,growing
,unreported,female,4,world tour,5,end stage,Asia,Hong Kong,Hong Kong,AsiaWorld–Expo,arena,14000.0,2,2023,3,1,Sat,Sun,1,4,growing
,unreported,female,4,world tour,5,end stage,Asia,Thailand,Bangkok,IMPACT Thunder Dome,concert hall,3500.0,1,2023,4,2,Sat,Sat,1,4,growing
7406.0,missing,female,4,world tour,5,end stage,Asia,South Korea,Seoul,Jamsil Indoor Stadium,arena,11069.0,2,2024,2,1,Sat,Sun,1,5,growing
,unreported,female,4,world tour,5,end stage,Asia,Thailand,Bangkok,IMPACT Arena,arena,12000.0,1,2024,3,1,Sat,Sat,1,5,growing
5108.0,reported,female,4,world tour,5,end stage,Oceania,New Zealand,Auckland,Spark Arena,arena,13280.0,1,2024,3,1,Thu,Thu,0,5,growing
,unreported,female,4,world tour,5,end stage,Oceania,Australia,Sydney,ICC Sydney Theatre,concert hall,2500.0,1,2024,3,1,Sun,Sun,1,5,growing
,unreported,female,4,world tour,5,end stage,Oceania,Australia,Melbourne,Margaret Court Arena,arena,7500.0,1,2024,3,1,Tue,Tue,0,5,growing
,unreported,female,4,world tour,5,end stage,Asia,Singapore,Singapore,Singapore Indoor Stadium,arena,9000.0,1,2024,4,2,Sat,Sat,1,5,growing
5639.0,reported,female,4,world tour,5,end stage,North America,Mexico,Mexico City,Pepsi Center WTC,theater,7500.0,1,2024,4,2,Mon,Mon,0,5,growing
13101.0,reported,female,4,world tour,5,end stage,South America,Chile,Santiago,Movistar Arena,arena,15500.0,1,2024,4,2,Thu,Thu,0,5,growing
,unreported,female,4,world tour,5,end stage,Europe,England,London,Wembley Arena,arena,12500.0,1,2024,4,2,Wed,Wed,0,5,growing
,unreported,female,4,world tour,5,end stage,Europe,France,Paris,Zénith,arena,9000.0,1,2024,4,2,Fri,Fri,1,5,growing
,unreported,female,4,world tour,5,end stage,Europe,Germany,Berlin,Velodrom,arena,12000.0,1,2024,4,2,Sun,Sun,1,5,growing
,unreported,female,4,world tour,5,end stage,Europe,Netherlands,Amsterdam,AFAS Live,concert hall,6000.0,1,2024,5,2,Wed,Wed,0,5,growing
,unreported,female,4,world tour,5,end stage,Europe,Spain,Madrid,Palacio Vistalegre,arena,14000.0,1,2024,5,2,Sat,Sat,1,5,growing
,unreported,female,4,world tour,5,end stage,Asia,Japan,Tokyo,Yoyogi National Gymnasium,arena,12898.0,3,2024,5,2,Fri,Sun,1,5,growing
,unreported,female,4,world tour,5,end stage,Asia,Japan,Osaka,Osaka-jō Hall,arena,16000.0,1,2024,5,2,Wed,Wed,0,5,growing
,unreported,female,4,world tour,5,end stage,North America,United States,Seattle,WaMu Theater,concert hall,7000.0,1,2024,6,2,Thu,Thu,0,5,growing
,unreported,female,4,world tour,5,end stage,North America,United States,Oakland,Oakland Arena,arena,19596.0,1,2024,6,2,Sat,Sat,1,5,growing
,unreported,female,4,world tour,5,end stage,North America,United States,Inglewood,Kia Forum,arena,17500.0,1,2024,6,2,Tue,Tue,0,5,growing
,unreported,female,4,world tour,5,end stage,North America,United States,Sugar Land,Smart Financial Centre,concert hall,6400.0,1,2024,6,2,Fri,Fri,1,5,growing
,unreported,female,4,world tour,5,end stage,North America,United States,Irving,Toyota Music Factory,theater,4000.0,1,2024,6,2,Sun,Sun,1,5,growing
4098.0,reported,female,4,world tour,5,end stage,North America,United States,Atlanta,Fox Theatre,theater,4665.0,1,2024,6,2,Tue,Tue,0,5,growing
6688.0,reported,female,4,world tour,5,end stage,North America,United States,Fairfax,EagleBank Arena,arena,15000.0,1,2024,6,2,Thu,Thu,0,5,growing
8040.0,reported,female,4,world tour,5,end stage,North America,United States,Newark,Prudential Center,arena,17000.0,1,2024,6,2,Sun,Sun,1,5,growing
,unreported,female,4,world tour,5,end stage,North America,United States,Rosemont,Rosemont Theatre,theater,4400.0,1,2024,6,2,Wed,Wed,0,5,growing
,unreported,female,4,world tour,5,end stage,North America,Canada,Toronto,Great Canadian Casino Resort,concert hall,,2,2024,6,2,Fri,Sat,1,5,growing
,unreported,female,4,world tour,5,end stage,Asia,Taiwan,Taipei,Taipei Arena,stadium,13000.0,1,2024,7,3,Sat,Sat,1,5,growing
,unreported,female,4,world tour,5,end stage,Asia,Philippines,Pasay,SM Mall of Asia Arena,arena,15000.0,1,2024,8,3,Sat,Sat,1,5,growing
,unreported,female,4,world tour,5,end stage,Asia,Hong Kong,Hong Kong,AsiaWorld–Expo,arena,14000.0,1,2024,8,3,Sat,Sat,1,5,growing
12334.0,parcial,female,4,world tour,5,end stage,Asia,South Korea,Seoul,Jamsil Indoor Stadium,arena,11069.0,3,2026,2,1,Fri,Sun,1,7,established
,unreported,female,4,world tour,5,end stage,Oceania,Australia,Melbourne,John Cain Arena,arena,10300.0,1,2026,4,2,Fri,Fri,1,7,established
,unreported,female,4,world tour,5,end stage,Oceania,Australia,Sydney,ICC Sydney Theatre,concert hall,2500.0,1,2026,4,2,Sun,Sun,1,7,established
,unreported,female,4,world tour,5,end stage,Oceania,New Zealand,Auckland,Spark Arena,arena,13280.0,1,2026,4,2,Wed,Wed,0,7,established
,unreported,female,4,world tour,5,end stage,Asia,Japan,Tokyo,Keio Arena Tokyo,arena,10000.0,2,2026,5,2,Sat,Sun,1,7,established
,unreported,female,4,world tour,5,end stage,Asia,Hong Kong,Hong Kong,AsiaWorld–Expo,arena,14000.0,1,2026,6,2,Sat,Sat,1,7,established
,unreported,female,4,world tour,5,end stage,Asia,Taiwan,Kaohsiung,Kaohsiung Arena,arena,15000.0,1,2026,6,2,Sat,Sat,1,7,established
,unreported,female,4,world tour,5,end stage,Asia,Thailand,Bangkok,IMPACT Arena,arena,12000.0,1,2026,7,3,Sat,Sat,1,7,established
,unreported,female,4,world tour,5,end stage,Asia,Philippines,Pasay,SM Mall of Asia Arena,arena,15000.0,1,2026,7,3,Sat,Sat,1,7,established
9989.0,reported,female,4,world tour,6,end stage,Asia,South Korea,Seoul,Jamsil Indoor Stadium,arena,11069.0,2,2023,10,4,Sat,Sun,1,1,rookie
24387.0,reported,female,4,world tour,6,end stage,Asia,Japan,Yokohama,K-Arena Yokohama,arena,20000.0,2,2023,11,4,Wed,Thu,0,1,rookie
,unreported,female,4,world tour,6,end stage,Asia,Thailand,Bangkok,IMPACT Arena,arena,12000.0,1,2024,1,1,Sat,Sat,1,2,rookie
18851.0,reported,female,4,world tour,6,end stage,Asia,Japan,Fukuoka,Marine Messe,arena,15000.0,2,2024,1,1,Wed,Thu,0,2,rookie
20748.0,reported,female,4,world tour,6,end stage,Asia,Japan,Osaka,Osaka-jō Hall,arena,16000.0,2,2024,2,1,Wed,Thu,0,2,rookie
,unreported,female,4,world tour,6,end stage,Asia,Malaysia,Kuala Lumpur,Unifi Arena,arena,11000.0,1,2024,2,1,Sat,Sat,1,2,rookie
,unreported,female,4,world tour,6,end stage,Asia,Singapore,Singapore,Singapore Indoor Stadium,arena,9000.0,1,2024,2,1,Sat,Sat,1,2,rookie
,unreported,female,4,world tour,6,end stage,Asia,Taiwan,Taoyuan,NTSU Arena,arena,15000.0,2,2024,3,1,Sat,Sun,1,2,rookie
,unreported,female,4,world tour,6,end stage,North America,United States,Inglewood,Kia Forum,arena,17500.0,1,2024,3,1,Wed,Wed,0,2,rookie
12063.0,reported,female,4,world tour,6,end stage,North America,United States,Oakland,Oakland Arena,arena,19596.0,1,2024,3,1,Sat,Sat,1,2,rookie
7320.0,reported,female,4,world tour,6,end stage,North America,United States,Fort Worth,Dickies Arena,arena,14000.0,1,2024,3,1,Wed,Wed,0,2,rookie
7154.0,reported,female,4,world tour,6,end stage,North America,United States,Atlanta,State Farm Arena,arena,18000.0,1,2024,3,1,Sun,Sun,1,2,rookie
7438.0,reported,female,4,world tour,6,end stage,North America,United States,Rosemont,Allstate Arena,arena,22000.0,1,2024,3,1,Tue,Tue,0,2,rookie
11617.0,reported,female,4,world tour,6,end stage,North America,United States,Newark,Prudential Center,arena,17000.0,1,2024,3,1,Fri,Fri,1,2,rookie
,unreported,female,4,world tour,6,end stage,Europe,France,Paris,Accor Arena,arena,20300.0,1,2024,6,2,Tue,Tue,0,2,rookie
,unreported,female,4,world tour,6,end stage,Europe,Spain,Barcelona,Palau Sant Jordi,arena,17960.0,1,2024,6,2,Fri,Fri,1,2,rookie
,unreported,female,4,world tour,6,end stage,Europe,Germany,Berlin,Uber Arena,arena,17000.0,1,2024,6,2,Mon,Mon,0,2,rookie
,unreported,female,4,world tour,6,end stage,Europe,Netherlands,Amsterdam,Ziggo Dome,arena,17000.0,1,2024,6,2,Thu,Thu,0,2,rookie
,unreported,female,4,world tour,6,end stage,Europe,England,London,The O2 Arena,arena,20000.0,1,2024,6,2,Sun,Sun,1,2,rookie
,unreported,female,4,world tour,6,end stage,North America,Mexico,Mexico City,Palacio de los Deportes,arena,26000.0,1,2024,6,2,Sun,Sun,1,2,rookie
,unreported,female,4,world tour,6,end stage,South America,Brazil,São Paulo,Espaço Unimed,concert hall,8000.0,1,2024,6,2,Wed,Wed,0,2,rookie
6414.0,reported,female,4,world tour,6,end stage,South America,Chile,Santiago,Movistar Arena,arena,15500.0,1,2024,6,2,Sun,Sun,1,2,rookie
,unreported,female,4,world tour,6,end stage,Asia,Hong Kong,Hong Kong,AsiaWorld–Expo,arena,14000.0,2,2024,7,3,Sat,Sun,1,2,rookie
,unreported,female,4,world tour,6,end stage,Asia,Philippines,Pasay,SM Mall of Asia Arena,arena,15000.0,1,2024,7,3,Sat,Sat,1,2,rookie
,unreported,female,4,world tour,6,end stage,Oceania,Australia,Melbourne,Rod Laver Arena,arena,14820.0,1,2024,7,3,Thu,Thu,0,2,rookie
12181.0,reported,female,4,world tour,6,end stage,Oceania,Australia,Sydney,Qudos Bank Arena,arena,18000.0,1,2024,7,3,Sun,Sun,1,2,rookie
16776.0,parcial,female,4,world tour,6,end stage,Asia,South Korea,Seoul,KSPO Dome,arena,15000.0,2,2025,8,3,Sun,Mon,1,3,growing
,unreported,female,4,world tour,6,end stage,Asia,Indonesia,Tangerang,ICE BSD,concert hall,,1,2025,8,3,Sun,Sun,1,3,growing
,unreported,female,4,world tour,6,end stage,Asia,Japan,Tokyo,Tokyo Dome,stadium,55000.0,2,2025,9,3,Thu,Fri,0,3,growing
28543.0,parcial,female,4,world tour,6,end stage,Asia,South Korea,Seoul,KSPO Dome,arena,15000.0,3,2025,10,4,Fri,Sun,1,3,growing
,unreported,female,4,world tour,6,end stage,Asia,Malaysia,Kuala Lumpur,Unifi Arena,arena,11000.0,1,2026,4,2,Sat,Sat,1,4,growing
,unreported,female,4,world tour,6,end stage,Asia,Japan,Osaka,Kyocera Dome,stadium,55000.0,2,2026,4,2,Sat,Sun,1,4,growing
,unreported,female,4,world tour,6,end stage,Asia,Philippines,Pasay,SM Mall of Asia Arena,arena,15000.0,1,2026,4,2,Sat,Sat,1,4,growing
,unreported,female,4,world tour,6,end stage,Asia,Singapore,Singapore,Singapore Indoor Stadium,arena,9000.0,1,2026,5,2,Sat,Sat,1,4,growing
,unreported,female,4,world tour,6,end stage,Asia,Macau,Macau,Venetian Arena,arena,14000.0,2,2026,5,2,Sat,Sun,1,4,growing
,unreported,female,4,world tour,6,end stage,Oceania,Australia,Sydney,Qudos Bank Arena,arena,18000.0,1,2026,6,2,Sat,Sat,1,4,growing
,unreported,female,4,world tour,6,end stage,Oceania,Australia,Melbourne,Rod Laver Arena,arena,14820.0,1,2026,6,2,Tue,Tue,0,4,growing
,unreported,female,4,world tour,6,end stage,Oceania,New Zealand,Auckland,Spark Arena,arena,13280.0,1,2026,6,2,Sat,Sat,1,4,growing
,unreported,female,4,world tour,6,end stage,Asia,Japan,Tokyo,Tokyo Dome,stadium,55000.0,1,2026,6,2,Wed,Wed,0,4,growing
8237.0,parcial,female,4,world tour,6,end stage,North America,Canada,Toronto,Scotiabank Arena,arena,19800.0,1,2026,7,3,Tue,Tue,0,4,growing
9373.0,parcial,female,4,world tour,6,end stage,North America,Canada,Montreal,Bell Center,arena,15000.0,1,2026,7,3,Thu,Thu,0,4,growing
7348.0,parcial,female,4,world tour,6,end stage,North America,United States,Newark,Prudential Center,arena,17000.0,1,2026,7,3,Sat,Sat,1,4,growing
4456.0,parcial,female,4,world tour,6,end stage,North America,United States,Austin,Moody Center,arena,16223.0,1,2026,7,3,Wed,Wed,0,4,growing
7745.0,parcial,female,4,world tour,6,end stage,North America,United States,Inglewood,Kia Forum,arena,17500.0,1,2026,8,3,Sat,Sat,1,4,growing
6645.0,parcial,female,4,world tour,6,end stage,North America,United States,Oakland,Oakland Arena,arena,19596.0,1,2026,8,3,Tue,Tue,0,4,growing
8055.0,parcial,female,4,world tour,6,end stage,North America,United States,Seattle,Climate Pledge Arena,arena,17200.0,1,2026,8,3,Fri,Fri,1,4,growing
8434.0,parcial,female,4,world tour,6,end stage,North America,Canada,Vancouver,Rogers Arena,arena,19000.0,1,2026,8,3,Sun,Sun,1,4,growing
,unreported,female,4,world tour,6,end stage,Asia,Hong Kong,Hong Kong,AsiaWorld–Expo,arena,14000.0,2,2026,9,3,Fri,Sat,1,4,growing
,unreported,female,4,world tour,6,end stage,Asia,Taiwan,Taipei,Taipei Arena,stadium,13000.0,2,2026,9,3,Fri,Sat,1,4,growing
10503.0,reported,female,4,asian tour,5,end stage,Asia,South Korea,Seoul,Jamsil Indoor Stadium,arena,11069.0,2,2023,8,3,Sat,Sun,1,1,rookie
17009.0,reported,female,4,asian tour,5,end stage,Asia,Japan,Nagoya,Nippon Gaishi Hall,arena,10000.0,2,2023,8,3,Wed,Thu,0,1,rookie
24348.0,reported,female,4,asian tour,5,end stage,Asia,Japan,Tokyo,Yoyogi National Gymnasium,arena,12898.0,2,2023,8,3,Wed,Thu,0,1,rookie
20056.0,reported,female,4,asian tour,5,end stage,Asia,Japan,Osaka,Osaka-jō Hall,arena,16000.0,2,2023,9,3,Wed,Thu,0,1,rookie
11200.0,reported,female,4,asian tour,5,end stage,Asia,Hong Kong,Hong Kong,AsiaWorld–Expo,arena,14000.0,2,2023,9,3,Sat,Sun,1,1,rookie
2625.0,reported,female,4,asian tour,5,end stage,Asia,Indonesia,Jakarta,JIExpo Kemayoran,theater,2500.0,1,2023,10,4,Tue,Tue,0,1,rookie
,unreported,female,4,asian tour,5,end stage,Asia,Thailand,Bangkok,IMPACT Thunder Dome,concert hall,3500.0,2,2023,10,4,Sat,Sun,1,1,rookie
8507.0,reported,female,4,world tour,5,end stage,Asia,South Korea,Incheon,Inspire Arena,arena,15000.0,2,2025,4,2,Sat,Sun,1,2,rookie
14161.0,reported,female,4,world tour,5,end stage,Asia,Japan,Nagoya,Portmesse Nagoya,concert hall,15000.0,2,2025,5,2,Tue,Wed,0,3,growing
16340.0,reported,female,4,world tour,5,end stage,Asia,Japan,Osaka,Osaka-jō Hall,arena,16000.0,2,2025,5,2,Tue,Wed,0,3,growing
16722.0,reported,female,4,world tour,5,end stage,Asia,Japan,Fukuoka,West Japan General Exhibition Center Annex,concert hall,,2,2025,6,2,Sat,Sun,1,3,growing
52947.0,reported,female,4,world tour,5,end stage,Asia,Japan,Saitama,Saitama Super Arena,arena,22500.0,3,2025,6,2,Thu,Sat,0,3,growing
18333.0,reported,female,4,world tour,5,end stage,Asia,Taiwan,Taoyuan,NTSU Arena,arena,15000.0,2,2025,7,3,Sat,Sun,1,3,growing
19584.0,reported,female,4,world tour,5,end stage,Asia,Hong Kong,Hong Kong,AsiaWorld–Expo,arena,14000.0,2,2025,7,3,Fri,Sat,1,3,growing
9043.0,reported,female,4,world tour,5,end stage,Asia,Philippines,Pasay,SM Mall of Asia Arena,arena,15000.0,1,2025,8,3,Sat,Sat,1,3,growing
8696.0,reported,female,4,world tour,5,end stage,Asia,Thailand,Bangkok,IMPACT Thunder Dome,concert hall,3500.0,2,2025,8,3,Sat,Sun,1,3,growing
6717.0,reported,female,4,world tour,5,end stage,Asia,Singapore,Singapore,Singapore Indoor Stadium,arena,9000.0,1,2025,8,3,Sat,Sat,1,3,growing
10178.0,reported,female,4,world tour,5,end stage,North America,United States,Newark,Prudential Center,arena,17000.0,1,2025,9,3,Wed,Wed,0,3,growing
5798.0,reported,female,4,world tour,5,end stage,North America,United States,Chicago,Wintrust Arena,arena,10387.0,1,2025,9,3,Fri,Fri,1,3,growing
3469.0,reported,female,4,world tour,5,end stage,North America,United States,Grand Prairie,Texas Trust CU Theatre,concert hall,6350.0,1,2025,9,3,Mon,Mon,0,3,growing
11385.0,reported,female,4,world tour,5,end stage,North America,United States,Inglewood,Kia Forum,arena,17500.0,1,2025,9,3,Fri,Fri,1,3,growing
4701.0,reported,female,4,world tour,5,end stage,North America,United States,San Francisco,Bill Graham Civic Auditorium,arena,8500.0,1,2025,9,3,Sun,Sun,1,3,growing
12335.0,reported,female,4,world tour,5,end stage,North America,United States,Seattle,Climate Pledge Arena,arena,17200.0,1,2025,9,3,Wed,Wed,0,3,growing
7540.0,reported,female,4,world tour,5,end stage,North America,United States,Las Vegas,Michelob Ultra Arena,arena,12000.0,1,2025,9,3,Sat,Sat,1,3,growing
13189.0,reported,female,4,world tour,5,end stage,North America,Mexico,Mexico City,Arena CDMX,arena,22300.0,1,2025,9,3,Tue,Tue,0,3,growing
73236.0,reported,female,4,world tour,5,end stage,Asia,Japan,Tokyo,Tokyo Dome,stadium,55000.0,2,2025,11,4,Tue,Wed,0,3,growing
10474.0,reported,female,4,world tour,5,end stage,Asia,South Korea,Seoul,Jamsil Indoor Stadium,arena,11069.0,2,2026,1,1,Sat,Sun,1,3,growing
,unreported,female,4,world tour,5,end stage,Asia,South Korea,Incheon,Inspire Arena,arena,15000.0,2,2026,7,3,Sat,Sun,1,4,growing
,unreported,female,4,world tour,5,end stage,Asia,Japan,Osaka,Osaka-jo Hall,arena,16000.0,2,2026,7,3,Sat,Sun,1,4,growing
,unreported,female,4,world tour,5,end stage,Asia,Japan,Yokohama,Yokohama Arena,arena,17000.0,3,2026,7,3,Thu,Sun,0,4,growing
,unreported,female,4,world tour,5,end stage,Asia,Japan,Shizuoka,Ecopa Arena,arena,10000.0,2,2026,8,3,Sat,Sun,1,4,growing
,unreported,female,4,world tour,5,end stage,Asia,Japan,Miyagi,Sekisui Heim Super Arena,arena,7063.0,2,2026,8,3,Tue,Wed,0,4,growing
,unreported,female,4,world tour,5,end stage,Asia,Japan,Fukuoka,Marine Messe,arena,15000.0,2,2026,9,3,Thu,Thu,0,4,growing
,unreported,female,4,world tour,5,end stage,North America,United States,Los Angeles,Crypto.com Arena,stadium,20000.0,1,2026,9,3,Wed,Wed,0,4,growing
,unreported,female,4,world tour,5,end stage,North America,United States,Tacoma,Tacoma Dome,arena,21000.0,1,2026,9,3,Sun,Sun,1,4,growing
,unreported,female,4,world tour,5,end stage,North America,United States,San Jose,SAP Center,arena,19190.0,1,2026,9,3,Wed,Wed,0,4,growing
,unreported,female,4,world tour,5,end stage,North America,United States,Phoenix,Mortgage Matchup Center,arena,12565.0,1,2026,9,3,Fri,Fri,1,4,growing
,unreported,female,4,world tour,5,end stage,North America,United States,Fort Worth,Dickies Arena,arena,14000.0,1,2026,9,3,Sun,Sun,1,4,growing
,unreported,female,4,world tour,5,end stage,North America,United States,Orlando,Kia Center,arena,17030.0,1,2026,9,3,Wed,Wed,0,4,growing
,unreported,female,4,world tour,5,end stage,North America,United States,Chicago,United Center,arena,23500.0,1,2026,10,4,Fri,Fri,1,4,growing
,unreported,female,4,world tour,5,end stage,North America,United States,Washington,Capital One Arena,arena,20356.0,1,2026,10,4,Mon,Mon,0,4,growing
,unreported,female,4,world tour,5,end stage,North America,United States,Newark,Prudential Center,arena,17000.0,1,2026,10,4,Thu,Thu,0,4,growing
,unreported,female,4,world tour,5,end stage,Europe,England,London,O2 Arena,arena,20000.0,1,2026,10,4,Fri,Fri,1,4,growing
,unreported,female,4,world tour,5,end stage,Europe,Netherlands,Amsterdam,Ziggo Dome,arena,17000.0,1,2026,10,4,Sun,Sun,1,4,growing
,unreported,female,4,world tour,5,end stage,Europe,France,Paris,Accor Arena,arena,20300.0,1,2026,10,4,Wed,Wed,0,4,growing
,unreported,female,4,world tour,5,end stage,Europe,Denmark,Copenhagen,Royal Arena,arena,17000.0,1,2026,10,4,Fri,Fri,1,4,growing
,unreported,female,4,world tour,5,end stage,Europe,Germany,Berlin,Uber Arena,arena,17000.0,1,2026,10,4,Mon,Mon,0,4,growing
,unreported,female,4,world tour,5,end stage,Asia,Taiwan,Taoyuan,NTSU Arena,arena,15000.0,2,2026,11,4,Sat,Sun,1,4,growing
,unreported,female,4,world tour,5,end stage,Asia,Singapore,Singapore,Singapore Indoor Stadium,arena,9000.0,1,2026,11,4,Sat,Sat,1,4,growing
,unreported,female,4,world tour,5,end stage,Asia,Philippines,Pasay,MOA Arena,arena,15000.0,2,2026,12,4,Sat,Sun,1,4,growing
67865.0,reported,female,3,dome tour,3,end stage,Asia,Japan,Saitama,Belluna Dome,stadium,31552.0,2,2024,11,4,Sun,Mon,1,1,rookie
79230.0,reported,female,3,dome tour,3,end stage,Asia,Japan,Osaka,Kyocera Dome,stadium,55000.0,2,2024,11,4,Sun,Mon,1,1,rookie
98449.0,reported,female,3,dome tour,3,end stage,Asia,Japan,Tokyo,Tokyo Dome,stadium,55000.0,2,2025,1,1,Wed,Thu,0,1,rookie
11574.0,parcial,female,4,world tour,6,end stage,Asia,South Korea,Incheon,Inspire Arena,arena,15000.0,2,2025,11,4,Sat,Sun,1,3,growing
,unreported,female,4,world tour,6,end stage,Europe,Spain,Madrid,Palacio Vistalegre,arena,14000.0,1,2026,3,1,Tue,Tue,0,4,growing
,unreported,female,4,world tour,6,end stage,Europe,Netherlands,Amsterdam,AFAS Live,concert hall,6000.0,1,2026,3,1,Fri,Fri,1,4,growing
,unreported,female,4,world tour,6,end stage,Europe,France,Paris,Salle Pleyel,concert hall,2000.0,1,2026,3,1,Sun,Sun,1,4,growing
,unreported,female,4,world tour,6,end stage,Europe,Germany,Frankfurt,Centennial Hall ,concert hall,4800.0,1,2026,3,1,Tue,Tue,0,4,growing
,unreported,female,4,world tour,6,end stage,Europe,England,London,Eventim Apollo,concert hall,5039.0,1,2026,3,1,Thu,Thu,0,4,growing
,unreported,female,4,world tour,6,end stage,North America,Canada,Toronto,Great Canadian Toronto,concert hall,,1,2026,3,1,Sun,Sun,1,4,growing
,unreported,female,4,world tour,6,end stage,North America,United States,New York,Brooklyn Paramount,theater,2700.0,1,2026,3,1,Tue,Tue,0,4,growing
2808.0,parcial,female,4,world tour,6,end stage,North America,United States,Oxon Hill,The Theater at MGM National Harbor,theater,,1,2026,4,2,Thu,Thu,0,4,growing
3738.0,parcial,female,4,world tour,6,end stage,North America,United States,Irving,Toyota Music Factory,theater,4000.0,1,2026,4,2,Sat,Sat,1,4,growing
3040.0,parcial,female,4,world tour,6,end stage,North America,United States,Oakland,Paramount Theatre,concert hall,3040.0,1,2026,4,2,Tue,Tue,0,4,growing
5428.0,parcial,female,4,world tour,6,end stage,North America,United States,Inglewood,YouTube Theater,theater,6000.0,1,2026,4,2,Thu,Thu,0,4,growing
,unreported,female,4,world tour,6,end stage,Asia,Thailand,Bangkok,EmSphere,arena,6000.0,1,2026,6,2,Sat,Sat,1,4,growing
,unreported,female,4,world tour,6,end stage,Asia,Singapore,Singapore,The Star Performing Arts Centre,concert hall,5000.0,1,2026,6,2,Sat,Sat,1,4,growing
,unreported,female,4,world tour,6,end stage,Asia,Taiwan,Kaohsiung,Kaohsiung Arena,arena,15000.0,1,2026,7,3,Sat,Sat,1,4,growing
,unreported,female,4,world tour,6,end stage,Asia,Hong Kong,Hong Kong,AsiaWorld–Expo,arena,14000.0,1,2026,7,3,Sat,Sat,1,4,growing
,unreported,female,4,world tour,6,end stage,Asia,Japan,Tokyo,Keio Arena Tokyo,arena,10000.0,2,2026,8,3,Sat,Sun,1,4,growing
23622.0,reported,female,3,world tour,9,end stage,Asia,South Korea,Seoul,KSPO Dome,arena,15000.0,2,2019,5,2,Sat,Sun,1,3,growing
8044.0,reported,female,3,world tour,9,end stage,Asia,Thailand,Bangkok,IMPACT Arena,arena,12000.0,1,2019,6,2,Sat,Sat,1,3,growing
8594.0,reported,female,3,world tour,9,end stage,Asia,Philippines,Pasay,SM Mall of Asia Arena,arena,15000.0,1,2019,6,2,Sat,Sat,1,3,growing
8514.0,reported,female,3,world tour,9,end stage,Asia,Singapore,Singapore,Singapore Indoor Stadium,arena,9000.0,1,2019,7,3,Sat,Sat,1,3,growing
11827.0,reported,female,3,world tour,9,end stage,North America,United States,Inglewood,Kia Forum,arena,17500.0,1,2019,7,3,Wed,Wed,0,3,growing
7942.0,reported,female,3,world tour,9,end stage,North America,Mexico,Mexico City,Palacio de los Deportes,arena,26000.0,1,2019,7,3,Fri,Fri,1,3,growing
10297.0,reported,female,3,world tour,9,end stage,North America,United States,Newark,Prudential Center,arena,17000.0,1,2019,7,3,Sun,Sun,1,3,growing
5911.0,reported,female,3,world tour,9,end stage,North America,United States,Chicago,Wintrust Arena,arena,10387.0,1,2019,7,3,Tue,Tue,0,3,growing
8113.0,reported,female,3,world tour,9,end stage,Asia,Malaysia,Kuala Lumpur,Unifi Arena,arena,11000.0,1,2019,8,3,Sat,Sat,1,3,growing
8753.0,reported,female,3,world tour,9,end stage,Asia,Japan,Sapporo,Makomanai Ice Arena,arena,10024.0,1,2019,10,4,Wed,Wed,0,4,growing
42158.0,reported,female,3,world tour,9,end stage,Asia,Japan,Chiba,Makuhari Messe,arena,,3,2019,10,4,Sun,Wed,1,4,growing
23860.0,reported,female,3,world tour,9,end stage,Asia,Japan,Osaka,Osaka-jō Hall,arena,16000.0,2,2019,11,4,Wed,Thu,0,4,growing
12866.0,reported,female,3,world tour,9,end stage,Asia,Japan,Miyagi,Sekisui Heim Super Arena,arena,7063.0,2,2019,11,4,Sat,Sun,1,4,growing
18000.0,reported,female,3,world tour,9,end stage,Asia,Japan,Nagoya,Portmesse Nagoya,concert hall,15000.0,3,2019,11,4,Fri,Sun,1,4,growing
23646.0,reported,female,3,world tour,9,end stage,Asia,Japan,Fukuoka,Marine Messe,arena,15000.0,2,2020,2,1,Tue,Wed,0,4,growing
20000.0,reported,female,3,world tour,9,end stage,Asia,Japan,Shizuoka,Ecopa Arena,arena,10000.0,2,2020,2,1,Sat,Sun,1,4,growing
,unreported,female,3,world tour,9,end stage,Asia,Japan,Tokyo,Tokyo Dome,stadium,55000.0,2,2020,3,1,Sat,Sun,1,4,growing
,unreported,female,3,world tour,9,end stage,Asia,Japan,Osaka,Kyocera Dome,stadium,55000.0,2,2020,4,2,Wed,Thu,0,4,growing
,unreported,female,3,world tour,9,end stage,Asia,South Korea,Seoul,KSPO Dome,arena,15000.0,1,2021,12,4,Sat,Sun,1,6,established
8874.0,reported,female,3,world tour,9,end stage,Asia,South Korea,Seoul,KSPO Dome,arena,15000.0,2,2021,12,4,Sat,Sun,1,6,established
25507.0,reported,female,3,world tour,9,end stage,North America,United States,Inglewood,Kia Forum,arena,17500.0,2,2022,2,1,Tue,Wed,0,6,established
12891.0,reported,female,3,world tour,9,end stage,North America,United States,Oakland,Oakland Arena,arena,19596.0,1,2022,2,1,Fri,Fri,1,6,established
10357.0,reported,female,3,world tour,9,end stage,North America,United States,Fort Worth,Dickies Arena,arena,14000.0,1,2022,2,1,Tue,Tue,0,6,established
11596.0,reported,female,3,world tour,9,end stage,North America,United States,Atlanta,State Farm Arena,arena,18000.0,1,2022,2,1,Thu,Thu,0,6,established
26768.0,reported,female,3,world tour,9,end stage,North America,United States,New York,UBS Arena,arena,19000.0,2,2022,2,1,Sat,Sun,1,6,established
146961.0,reported,female,3,world tour,9,end stage,Asia,Japan,Tokyo,Tokyo Dome,stadium,55000.0,3,2022,4,2,Sat,Mon,1,6,established
46710.0,reported,female,3,world tour,9,end stage,North America,United States,Los Angeles,BMO Stadium,stadium,22000.0,2,2022,5,2,Sat,Sun,1,6,established
24178.0,reported,female,3,fanmeeting,9,end stage,Asia,Japan,Tokyo,Yoyogi National Gymnasium,arena,12898.0,2,2022,10,4,Sat,Sun,1,6,established
34704.0,reported,female,3,fanmeeting,9,end stage,Asia,Japan,Osaka,Osaka-jō Hall,arena,16000.0,3,2022,10,4,Sat,Mon,1,6,established
16329.0,reported,female,3,world tour,9,end stage,Asia,South Korea,Seoul,KSPO Dome,arena,15000.0,2,2023,4,2,Sat,Sun,1,7,established
22919.0,reported,female,3,world tour,9,end stage,Oceania,Australia,Sydney,Qudos Bank Arena,arena,18000.0,2,2023,5,2,Tue,Wed,0,7,established
22581.0,reported,female,3,world tour,9,end stage,Oceania,Australia,Melbourne,Rod Laver Arena,arena,14820.0,2,2023,5,2,Sat,Sun,1,7,established
102239.0,reported,female,3,world tour,9,end stage,Asia,Japan,Osaka,Nagai Stadium,stadium,47853.0,2,2023,5,2,Sat,Sun,1,7,established
108131.0,reported,female,3,world tour,9,end stage,Asia,Japan,Tokyo,Ajinomoto Stadium,stadium,49970.0,2,2023,5,2,Sat,Sun,1,7,established
48345.0,reported,female,3,world tour,9,end stage,North America,United States,Inglewood,SoFi Stadium,stadium,70240.0,1,2023,6,2,Sat,Sat,1,7,established
23703.0,reported,female,3,world tour,9,end stage,North America,United States,Oakland,Oakland Arena,arena,19596.0,2,2023,6,2,Mon,Tue,0,7,established
18023.0,reported,female,3,world tour,9,end stage,North America,United States,Tacoma,Tacoma Dome,arena,21000.0,1,2023,6,2,Fri,Fri,1,7,established
24925.0,reported,female,3,world tour,9,end stage,North America,United States,Arlington,Globe Life Field,stadium,40300.0,1,2023,6,2,Wed,Wed,0,7,established
19605.0,reported,female,3,world tour,9,end stage,North America,United States,Houston,Toyota Center,arena,19000.0,2,2023,6,2,Sat,Sun,1,7,established
22263.0,reported,female,3,world tour,9,end stage,North America,United States,Chicago,United Center,arena,23500.0,2,2023,6,2,Wed,Thu,0,7,established
27648.0,reported,female,3,world tour,9,end stage,North America,Canada,Toronto,Scotiabank Arena,arena,19800.0,2,2023,7,3,Sun,Mon,1,7,established
47907.0,reported,female,3,world tour,9,end stage,North America,United States,East Rutherford,MetLife Stadium,stadium,82500.0,1,2023,7,3,Thu,Thu,0,7,established
28568.0,reported,female,3,world tour,9,end stage,North America,United States,Atlanta,Truist Park,stadium,41108.0,1,2023,7,3,Sun,Sun,1,7,established
18258.0,reported,female,3,world tour,9,end stage,Asia,Singapore,Singapore,Singapore Indoor Stadium,arena,9000.0,2,2023,9,3,Sat,Sun,1,7,established
28148.0,reported,female,3,world tour,9,end stage,Europe,England,London,The O2 Arena,arena,20000.0,2,2023,9,3,Thu,Fri,0,7,established
13523.0,reported,female,3,world tour,9,end stage,Europe,France,Paris,Accor Arena,arena,20300.0,1,2023,9,3,Mon,Mon,0,7,established
22099.0,reported,female,3,world tour,9,end stage,Europe,Germany,Berlin,Uber Arena,arena,17000.0,2,2023,9,3,Wed,Thu,0,7,established
21123.0,reported,female,3,world tour,9,end stage,Asia,Thailand,Bangkok,IMPACT Arena,arena,12000.0,2,2023,9,3,Sat,Sun,1,7,established
86930.0,reported,female,3,world tour,9,end stage,Asia,Philippines,Bulacan,Philippine Arena,arena,55000.0,2,2023,9,3,Sat,Sun,1,7,established
24636.0,reported,female,3,world tour,9,end stage,Oceania,Australia,Melbourne,Marvel Stadium,stadium,56347.0,1,2023,11,4,Sat,Sat,1,8,established
76543.0,reported,female,3,world tour,9,end stage,Asia,Japan,Nagoya,Vantelin Dome,stadium,36418.0,2,2023,12,4,Sat,Sun,1,8,established
21964.0,reported,female,3,world tour,9,end stage,Asia,Indonesia,Jakarta,International Stadium,arena,82000.0,1,2023,12,4,Sat,Sat,1,8,established
81709.0,reported,female,3,world tour,9,end stage,Asia,Japan,Fukuoka,PayPay Dome,stadium,47500.0,2,2023,12,4,Wed,Thu,0,8,established
114049.0,reported,female,3,world tour,9,end stage,North America,Mexico,Mexico City,Estadio GNP Seguros,stadium,65000.0,2,2024,2,1,Fri,Sat,1,8,established
65984.0,reported,female,3,world tour,9,end stage,South America,Brazil,São Paulo,Allianz Parque,stadium,55000.0,2,2024,2,1,Tue,Wed,0,8,established
39880.0,reported,female,3,world tour,9,end stage,North America,United States,Las Vegas,Allegiant Stadium,stadium,65000.0,1,2024,3,1,Sat,Sat,1,8,established
102093.0,reported,female,3,world tour,9,end stage,Asia,Japan,Osaka,Nagai Stadium,stadium,47853.0,2,2024,7,3,Sat,Sun,1,8,established
112289.0,reported,female,3,world tour,9,end stage,Asia,Japan,Tokyo,Ajinomoto Stadium,stadium,49970.0,2,2024,7,3,Sat,Sun,1,8,established
137866.0,reported,female,3,world tour,9,end stage,Asia,Japan,Yokohama,Nissan Stadium,stadium,72327.0,2,2024,7,3,Sat,Sun,1,8,established
24422.0,reported,female,3,world tour,9,center stage,Asia,South Korea,Incheon,Inspire Arena,arena,15000.0,2,2025,7,3,Sat,Sun,1,9,established
94657.0,reported,female,3,world tour,9,center stage,Asia,Japan,Osaka,Kyocera Dome,stadium,55000.0,2,2025,7,3,Sat,Sun,1,9,established
96391.0,reported,female,3,world tour,9,center stage,Asia,Japan,Nagoya,Vantelin Dome,stadium,36418.0,2,2025,8,3,Sat,Sun,1,9,established
90795.0,reported,female,3,world tour,9,center stage,Asia,Japan,Fukuoka,PayPay Dome,stadium,47500.0,2,2025,8,3,Sat,Sun,1,9,established
107584.0,reported,female,3,world tour,9,center stage,Asia,Japan,Tokyo,Tokyo Dome,stadium,55000.0,2,2025,9,3,Tue,Wed,0,9,established
27390.0,reported,female,3,world tour,9,center stage,Asia,Macau,Macau,Venetian Arena,arena,14000.0,2,2025,9,3,Sat,Sun,1,9,established
,unreported,female,3,world tour,9,center stage,Asia,Philippines,Bulacan,Philippine Arena,arena,55000.0,1,2025,10,4,Sat,Sat,1,9,established
22727.0,reported,female,3,world tour,9,center stage,Asia,Singapore,Singapore,Singapore Indoor Stadium,arena,9000.0,2,2025,10,4,Sat,Sun,1,9,established
,unreported,female,3,world tour,9,center stage,Asia,Malaysia,Kuala Lumpur,Malaysia National Hockey Stadium,stadium,20000.0,1,2025,10,4,Sat,Sat,1,10,established
29572.0,reported,female,3,world tour,9,center stage,Oceania,Australia,Sydney,Qudos Bank Arena,arena,18000.0,2,2025,11,4,Sat,Sun,1,10,established
27368.0,reported,female,3,world tour,9,center stage,Oceania,Australia,Melbourne,Rod Laver Arena,arena,14820.0,2,2025,11,4,Sat,Sun,1,10,established
,unreported,female,3,world tour,9,center stage,Asia,Taiwan,Kaohsiung,National Stadium,stadium,55000.0,2,2025,11,4,Sat,Sun,1,10,established
,unreported,female,3,world tour,9,center stage,Asia,Hong Kong,Hong Kong,Kai Tak Stadium,stadium,45995.0,2,2025,12,4,Sat,Sun,1,10,established
25919.0,reported,female,3,world tour,9,center stage,Asia,Thailand,Bangkok,IMPACT Arena,arena,12000.0,2,2025,12,4,Sat,Sun,1,10,established
,unreported,female,3,world tour,9,center stage,North America,Canada,Vancouver,Rogers Arena,arena,19000.0,2,2026,1,1,Fri,Sat,1,10,established
28096.0,reported,female,3,world tour,9,center stage,North America,United States,Seattle,Climate Pledge Arena,arena,17200.0,2,2026,1,1,Tue,Wed,0,10,established
,unreported,female,3,world tour,9,center stage,North America,United States,Oakland,Oakland Arena,arena,19596.0,2,2026,1,1,Sat,Sun,1,10,established
,unreported,female,3,world tour,9,center stage,North America,United States,Inglewood,Kia Forum,arena,17500.0,4,2026,1,1,Wed,Sun,0,10,established
14272.0,reported,female,3,world tour,9,center stage,North America,United States,Phoenix,Mortgage Matchup Center,arena,12565.0,1,2026,1,1,Wed,Wed,0,10,established
28797.0,reported,female,3,world tour,9,center stage,North America,United States,Dallas,American Airlines Center,arena,21000.0,2,2026,1,1,Sat,Sun,1,10,established
31339.0,reported,female,3,world tour,9,center stage,North America,United States,Washington,Capital One Arena,arena,20356.0,2,2026,2,1,Fri,Sat,1,10,established
42776.0,reported,female,3,world tour,9,center stage,North America,United States,New York,UBS Arena,arena,19000.0,3,2026,2,1,Wed,Sat,0,10,established
,unreported,female,3,world tour,9,center stage,North America,United States,Philadelphia,Xfinity Mobile Arena,arena,21000.0,1,2026,2,1,Tue,Tue,0,10,established
15084.0,reported,female,3,world tour,9,center stage,North America,United States,Atlanta,State Farm Arena,arena,18000.0,1,2026,2,1,Fri,Fri,1,10,established
19334.0,reported,female,3,world tour,9,center stage,North America,Canada,Montreal,Bell Center,arena,15000.0,1,2026,3,1,Tue,Tue,0,10,established
30146.0,reported,female,3,world tour,9,center stage,North America,Canada,Hamilton,TD Coliseum,arena,18000.0,2,2026,3,1,Fri,Sat,1,10,established
,unreported,female,3,world tour,9,center stage,Asia,Taiwan,Taipei,Taipei Dome,stadium,59833.0,3,2026,3,1,Fri,Sun,1,10,established
31835.0,unreported,female,3,world tour,9,center stage,North America,United States,Orlando,Kia Center,arena,17030.0,2,2026,3,1,Fri,Sat,1,10,established
16500.0,reported,female,3,world tour,9,center stage,North America,United States,Charlotte,Spectrum Center,arena,18504.0,1,2026,3,1,Tue,Tue,0,10,established
29310.0,reported,female,3,world tour,9,center stage,North America,United States,Boston,TD Garden,arena,20000.0,2,2026,4,2,Fri,Sat,1,10,established
,unreported,female,3,world tour,9,center stage,North America,United States,Chicago,United Center,arena,23500.0,2,2026,4,2,Mon,Tue,0,10,established
,unreported,female,3,world tour,9,center stage,North America,United States,Detroit,Little Caesars Arena,arena,22000.0,1,2026,4,2,Fri,Fri,1,10,established
,unreported,female,3,world tour,9,center stage,North America,United States,Saint Paul,Grand Casino Arena,arena,20554.0,1,2026,4,2,Sun,Sun,1,10,established
,unreported,female,3,world tour,9,center stage,North America,United States,Denver,Ball Arena,arena,21000.0,1,2026,4,2,Tue,Tue,0,10,established
26359.0,reported,female,3,world tour,9,center stage,North America,United States,Austin,Moody Center,arena,16223.0,2,2026,4,2,Fri,Sat,1,10,established
,unreported,female,3,world tour,9,center stage,Asia,Japan,Tokyo,Japan National Stadium,stadium,67750.0,3,2026,4,2,Sat,Tue,1,10,established
,unreported,female,3,world tour,9,center stage,Europe,Portugal,Lisbon,MEO Arena,arena,20100.0,1,2026,5,2,Sat,Sat,1,10,established
,unreported,female,3,world tour,9,center stage,Europe,Spain,Barcelona,Palau Sant Jordi,arena,17960.0,1,2026,5,2,Tue,Tue,0,10,established
,unreported,female,3,world tour,9,center stage,Europe,France,Paris,Accor Arena,arena,20300.0,2,2026,5,2,Sat,Sun,1,10,established
,unreported,female,3,world tour,9,center stage,Europe,Italy,Turin,Inalpi Arena,arena,15657.0,1,2026,5,2,Wed,Wed,0,10,established
,unreported,female,3,world tour,9,center stage,Europe,Germany,Berlin,Uber Arena,arena,17000.0,1,2026,5,2,Sat,Sat,1,10,established
,unreported,female,3,world tour,9,center stage,Europe,Germany,Cologne,Lanxess Arena,arena,20000.0,1,2026,5,2,Tue,Tue,0,10,established
,unreported,female,3,world tour,9,center stage,Europe,Netherlands,Amsterdam,Ziggo Dome,arena,17000.0,2,2026,5,2,Sat,Sun,1,10,established
,unreported,female,3,world tour,9,center stage,Europe,England,London,The O2 Arena,arena,20000.0,2,2026,6,2,Wed,Thu,0,10,established
1729.0,reported,male,4,asian tour,9,end stage,Asia,Thailand,Bangkok,MCC Hall,concert hall,,1,202,5,2,Mon,Mon,0,-1821,rookie
8100.0,reported,male,4,asian tour,9,end stage,Asia,Japan,Nagoya,Portmesse Nagoya,concert hall,15000.0,1,2025,5,2,Sat,Sat,1,2,rookie
20794.0,reported,male,4,asian tour,9,end stage,Asia,Japan,Tokyo,Ariake Arena,arena,15000.0,2,2025,5,2,Sat,Sun,1,2,rookie
19222.0,reported,male,4,asian tour,9,end stage,Asia,Japan,Fukuoka,Marine Messe,arena,15000.0,2,2025,5,2,Tue,Wed,0,2,rookie
14923.0,reported,male,4,asian tour,9,end stage,Asia,South Korea,Seoul,Jamsil Indoor Stadium,arena,11069.0,2,2025,6,2,Sat,Sun,1,2,rookie
7411.0,reported,male,4,asian tour,9,end stage,Asia,Indonesia,Tangerang,ICE BSD,concert hall,,1,2025,6,2,Sun,Sun,1,2,rookie
5589.0,reported,male,4,asian tour,9,end stage,Asia,Taiwan,Taipei,Nangang Exhibition Center,concert hall,,1,2025,6,2,Fri,Fri,1,2,rookie
18301.0,reported,male,4,asian tour,9,end stage,Asia,Japan,Kobe,Glion Arena Kobe,arena,10000.0,2,2025,7,3,Sat,Sun,1,2,rookie
4402.0,reported,male,4,asian tour,9,end stage,Asia,Hong Kong,Hong Kong,AsiaWorld–Expo,arena,14000.0,1,2025,7,3,Sat,Sat,1,2,rookie
54318.0,reported,male,4,asian tour,9,end stage,Asia,Japan,Saitama,Saitama Super Arena,arena,22500.0,2,2025,10,4,Sat,Sun,1,2,rookie
29414.0,reported,male,3,world tour,1,end stage,North America,United States,New York,UBS Arena,arena,19000.0,2,2023,4,2,Wed,Thu,0,0,rookie
13286.0,reported,male,3,world tour,1,end stage,North America,United States,Newark,Prudential Center,arena,17000.0,1,2023,4,2,Sat,Sat,1,0,rookie
36652.0,reported,male,3,world tour,1,end stage,North America,United States,Rosemont,Allstate Arena,arena,22000.0,3,2023,5,2,Wed,Sat,0,0,rookie
42492.0,reported,male,3,world tour,1,end stage,North America,United States,Inglewood,Kia Forum,arena,17500.0,3,2023,5,2,Wed,Sun,0,0,rookie
27149.0,reported,male,3,world tour,1,end stage,North America,United States,Oakland,Oakland Arena,arena,19596.0,2,2023,5,2,Tue,Wed,0,0,rookie
27746.0,reported,male,3,world tour,1,end stage,Asia,Indonesia,Tangerang,ICE BSD,concert hall,,3,2023,5,2,Fri,Sun,1,0,rookie
26809.0,reported,male,3,world tour,1,end stage,Asia,Japan,Yokohama,Pia Arena MM,arena,12141.0,3,2023,6,2,Fri,Sun,1,0,rookie
36107.0,reported,male,3,world tour,1,end stage,Asia,Thailand,Bangkok,IMPACT Arena,arena,12000.0,3,2023,6,2,Fri,Sun,1,0,rookie
27340.0,reported,male,3,world tour,1,end stage,Asia,Singapore,Singapore,Singapore Indoor Stadium,arena,9000.0,3,2023,6,2,Fri,Sun,1,0,rookie
14715.0,reported,male,3,world tour,1,end stage,Asia,South Korea,Seoul,Jamsil Indoor Stadium,arena,11069.0,2,2023,6,2,Sat,Sun,1,0,rookie
38523.0,reported,male,3,world tour,1,end stage,Asia,South Korea,Seoul,KSPO Dome,arena,15000.0,3,2023,8,3,Fri,Sun,1,0,rookie
9312.0,reported,male,4,world tour,8,end stage,Asia,South Korea,Seoul,Olympic Hall,concert hall,2452.0,3,2022,1,1,Fri,Sun,1,3,growing
9312.0,reported,male,4,world tour,8,end stage,North America,United States,Chicago,Wintrust Arena,arena,10387.0,1,2022,1,1,Tue,Tue,0,3,growing
7764.0,reported,male,4,world tour,8,end stage,North America,United States,Duluth,Gas South Arena,arena,13100.0,1,2022,1,1,Thu,Thu,0,3,growing
11148.0,reported,male,4,world tour,8,end stage,North America,United States,Newark,Prudential Center,arena,17000.0,1,2022,1,1,Mon,Mon,0,3,growing
6269.0,reported,male,4,world tour,8,end stage,North America,United States,Grand Prairie,Texas Trust CU Theatre,concert hall,6350.0,1,2022,1,1,Thu,Thu,0,3,growing
19868.0,reported,male,4,world tour,8,end stage,North America,United States,Inglewood,Kia Forum,arena,17500.0,2,2022,1,1,Sun,Mon,1,3,growing
14052.0,reported,male,4,world tour,8,end stage,Europe,Spain,Madrid,Palacio Vistalegre,arena,14000.0,2,2022,4,2,Sat,Sun,1,3,growing
18633.0,reported,male,4,world tour,8,end stage,Europe,England,London,Wembley Arena,arena,12500.0,2,2022,4,2,Sat,Sun,1,3,growing
12224.0,reported,male,4,world tour,8,end stage,Europe,France,Paris,Accor Arena,arena,20300.0,1,2022,5,2,Wed,Wed,0,3,growing
20843.0,reported,male,4,world tour,8,end stage,Europe,Germany,Berlin,Uber Arena,arena,17000.0,2,2022,5,2,Sun,Mon,1,3,growing
4904.0,reported,male,4,world tour,8,end stage,Europe,Netherlands,Amsterdam,AFAS Live,concert hall,6000.0,1,2022,5,2,Thu,Thu,0,3,growing
28635.0,reported,male,4,world tour,8,end stage,Asia,Japan,Yokohama,Pia Arena MM,arena,12141.0,3,2022,7,3,Sat,Mon,1,3,growing
10191.0,reported,male,4,world tour,8,end stage,Asia,South Korea,Seoul,Jamsil Indoor Stadium,arena,11069.0,2,2022,10,4,Sat,Sun,1,4,growing
7940.0,reported,male,4,world tour,8,end stage,North America,United States,Oakland,Oakland Arena,arena,19596.0,1,2022,11,4,Sat,Sat,1,4,growing
23396.0,reported,male,4,world tour,8,end stage,North America,United States,Anaheim,Honda Center,theater,10935.0,2,2022,11,4,Mon,Tue,0,4,growing
9129.0,reported,male,4,world tour,8,end stage,North America,United States,Glendale,Desert Diamond Arena,arena,19000.0,1,2022,11,4,Thu,Thu,0,4,growing
11023.0,reported,male,4,world tour,8,end stage,North America,United States,Fort Worth,Dickies Arena,arena,14000.0,1,2022,11,4,Wed,Wed,0,4,growing
6421.0,reported,male,4,world tour,8,end stage,North America,United States,Chicago,Wintrust Arena,arena,10387.0,1,2022,11,4,Sat,Sat,1,4,growing
21489.0,reported,male,4,world tour,8,end stage,North America,United States,Atlanta,State Farm Arena,arena,18000.0,2,2022,11,4,Mon,Tue,0,4,growing
21559.0,reported,male,4,world tour,8,end stage,North America,United States,Newark,Prudential Center,arena,17000.0,2,2022,11,4,Sun,Mon,1,4,growing
10971.0,reported,male,4,world tour,8,end stage,North America,Canada,Hamilton,TD Coliseum,arena,18000.0,1,2022,12,4,Fri,Fri,1,4,growing
28921.0,reported,male,4,world tour,8,end stage,Asia,Japan,Chiba,Makuhari Messe,arena,,2,2022,12,4,Sun,Mon,1,4,growing
11343.0,reported,male,4,world tour,8,end stage,Europe,Netherlands,Amsterdam,Ziggo Dome,arena,17000.0,1,2023,2,1,Fri,Fri,1,4,growing
,unreported,male,4,world tour,8,end stage,Europe,Germany,Berlin,Uber Arena,arena,17000.0,2,2023,2,1,Tue,Wed,0,4,growing
10174.0,reported,male,4,world tour,8,end stage,Europe,Belgium,Brussels,ING Arena,arena,15000.0,1,2023,2,1,Sat,Sat,1,4,growing
,unreported,male,4,world tour,8,end stage,Europe,England,London,The O2 Arena,arena,20000.0,1,2023,2,1,Wed,Wed,0,4,growing
9172.0,reported,male,4,world tour,8,end stage,Europe,Spain,Madrid,Movistar Arena,arena,15000.0,1,2023,2,1,Tue,Tue,0,4,growing
9041.0,reported,male,4,world tour,8,end stage,Europe,Denmark,Copenhagen,Royal Arena,arena,17000.0,1,2023,3,1,Sat,Sat,1,4,growing
19120.0,reported,male,4,world tour,8,end stage,Europe,France,Paris,Accor Arena,arena,20300.0,2,2023,3,1,Tue,Wed,0,4,growing
10093.0,reported,male,4,world tour,8,end stage,Asia,South Korea,Seoul,Jamsil Indoor Stadium,arena,11069.0,2,2023,4,2,Fri,Sat,1,4,growing
22271.0,reported,male,4,world tour,8,end stage,Asia,Japan,Tokyo,Ariake Arena,arena,15000.0,2,2023,5,2,Tue,Wed,0,4,growing
12000.0,reported,male,4,world tour,8,end stage,Asia,Japan,Kobe,World Memorial Hall,arena,8000.0,2,2023,5,2,Sat,Sun,1,4,growing
,unreported,male,4,world tour,8,end stage,Asia,Taiwan,Taipei,Nangang Exhibition Center,concert hall,,1,2023,7,3,Sat,Sat,1,4,growing
,unreported,male,4,world tour,8,end stage,Asia,Hong Kong,Hong Kong,AsiaWorld–Expo,arena,14000.0,1,2023,7,3,Sat,Sat,1,4,growing
,unreported,male,4,world tour,8,end stage,Middle East,Saudi Arabia,Jeddah,Jeddah Superdome,concert hall,40000.0,1,2023,7,3,Thu,Thu,0,4,growing
,unreported,male,4,world tour,8,end stage,Asia,Thailand,Bangkok,IMPACT Arena,arena,12000.0,1,2023,8,3,Sat,Sat,1,4,growing
17129.0,reported,male,4,world tour,8,end stage,North America,Mexico,Mexico City,Arena CDMX,arena,22300.0,1,2023,8,3,Wed,Wed,0,4,growing
,unreported,male,4,world tour,8,end stage,South America,Brazil,São Paulo,Allianz Parque,stadium,55000.0,1,2023,8,3,Sat,Sat,1,4,growing
13665.0,reported,male,4,world tour,8,end stage,South America,Chile,Santiago,Movistar Arena,arena,15500.0,1,2023,8,3,Wed,Wed,0,4,growing
,unreported,male,4,world tour,8,end stage,South America,Colombia,Bogotá,Coliseo Bicentenario,arena,7000.0,1,2023,9,3,Sun,Sun,1,4,growing
,unreported,male,4,world tour,8,end stage,Asia,Singapore,Singapore,Singapore Indoor Stadium,arena,9000.0,1,2023,9,3,Sat,Sat,1,4,growing
,unreported,male,4,world tour,8,end stage,Asia,Philippines,Manila,Smart Araneta Coliseum,arena,9679.0,1,2023,9,3,Sat,Sat,1,4,growing
12847.0,reported,male,4,world tour,8,end stage,Asia,South Korea,Seoul,Jamsil Indoor Stadium,arena,11069.0,2,2024,1,1,Sat,Sun,1,5,growing
45200.0,reported,male,4,world tour,8,end stage,Asia,Japan,Saitama,Saitama Super Arena,arena,22500.0,2,2024,2,1,Sat,Sun,1,5,growing
13661.0,reported,male,4,world tour,8,end stage,North America,United States,Tacoma,Tacoma Dome,arena,21000.0,1,2024,7,3,Sun,Sun,1,5,growing
11001.0,reported,male,4,world tour,8,end stage,North America,United States,Oakland,Oakland Arena,arena,19596.0,1,2024,7,3,Wed,Wed,0,5,growing
38145.0,reported,male,4,world tour,8,end stage,North America,United States,Los Angeles,BMO Stadium,stadium,22000.0,2,2024,7,3,Sat,Sun,1,5,growing
10763.0,reported,male,4,world tour,8,end stage,North America,United States,Phoenix,Mortgage Matchup Center,arena,12565.0,1,2024,7,3,Thu,Thu,0,5,growing
27938.0,reported,male,4,world tour,8,end stage,North America,United States,Arlington,Globe Life Field,stadium,40300.0,1,2024,7,3,Sun,Sun,1,5,growing
18865.0,reported,male,4,world tour,8,end stage,North America,United States,Duluth,Gas South Arena,arena,13100.0,2,2024,7,3,Tue,Wed,0,5,growing
28467.0,reported,male,4,world tour,8,end stage,North America,United States,New York,Citi Field,stadium,41922.0,1,2024,8,3,Sat,Sat,1,5,growing
12766.0,reported,male,4,world tour,8,end stage,North America,United States,Washington,Capital One Arena,arena,20356.0,1,2024,8,3,Tue,Tue,0,5,growing
10322.0,reported,male,4,world tour,8,end stage,North America,Canada,Toronto,Scotiabank Arena,arena,19800.0,1,2024,8,3,Thu,Thu,0,5,growing
20286.0,reported,male,4,world tour,8,end stage,North America,United States,Rosemont,Allstate Arena,arena,22000.0,2,2024,8,3,Sat,Sun,1,5,growing
10894.0,reported,male,4,world tour,8,end stage,Europe,France,Lyon,LDLC Arena,arena,16000.0,1,2025,1,1,Sat,Sat,1,6,established
9514.0,reported,male,4,world tour,8,end stage,Europe,Italy,Milan,Unipol Forum,arena,15800.0,1,2025,1,1,Mon,Mon,0,6,established
9607.0,reported,male,4,world tour,8,end stage,Europe,Switzerland,Zürich,Hallenstadion,arena,13000.0,1,2025,1,1,Thu,Thu,0,6,established
22129.0,reported,male,4,world tour,8,end stage,Europe,England,London,The O2 Arena,arena,20000.0,2,2025,1,1,Mon,Tue,0,6,established
11836.0,reported,male,4,world tour,8,end stage,Europe,England,Manchester,AO Arena,arena,21000.0,1,2025,1,1,Thu,Thu,0,6,established
13663.0,reported,male,4,world tour,8,end stage,Europe,Netherlands,Amsterdam,Ziggo Dome,arena,17000.0,1,2025,2,1,Mon,Mon,0,6,established
13765.0,reported,male,4,world tour,8,end stage,Europe,Spain,Barcelona,Palau Sant Jordi,arena,17960.0,1,2025,2,1,Fri,Fri,1,6,established
14156.0,reported,male,4,world tour,8,end stage,Europe,Germany,Cologne,Lanxess Arena,arena,20000.0,1,2025,2,1,Tue,Tue,0,6,established
11862.0,reported,male,4,world tour,8,end stage,Europe,Denmark,Copenhagen,Royal Arena,arena,17000.0,1,2025,2,1,Fri,Fri,1,6,established
24479.0,reported,male,4,world tour,8,end stage,Europe,Germany,Berlin,Uber Arena,arena,17000.0,2,2025,2,1,Tue,Wed,0,6,established
29225.0,reported,male,4,world tour,8,end stage,Europe,France,Paris,La Défense Arena,arena,45000.0,1,2025,2,1,Sat,Sat,1,6,established
9809.0,reported,male,4,world tour,8,end stage,Europe,Belgium,Brussels,ING Arena,arena,15000.0,1,2025,2,1,Tue,Tue,0,6,established
23280.0,reported,male,4,world tour,8,end stage,Asia,South Korea,Seoul,KSPO Dome,arena,15000.0,2,2025,3,1,Sat,Sun,1,6,established
,unreported,male,4,world tour,8,end stage,Asia,South Korea,Incheon,Inspire Arena,arena,15000.0,2,2025,7,3,Sat,Sun,1,6,established
10144.0,reported,male,4,world tour,8,end stage,North America,United States,Atlanta,State Farm Arena,arena,18000.0,1,2025,7,3,Thu,Thu,0,6,established
24694.0,reported,male,4,world tour,8,end stage,North America,United States,New York,Citi Field,stadium,41922.0,1,2025,7,3,Sun,Sun,1,6,established
9502.0,reported,male,4,world tour,8,end stage,North America,United States,Baltimore,CFG Bank Arena,arena,13000.0,1,2025,7,3,Wed,Wed,0,6,established
8558.0,reported,male,4,world tour,8,end stage,North America,United States,Nashville,Bridgestone Arena,arena,20000.0,1,2025,7,3,Sat,Sat,1,6,established
19877.0,reported,male,4,world tour,8,end stage,North America,United States,Orlando,Kia Center,arena,17030.0,2,2025,7,3,Mon,Tue,0,6,established
20186.0,reported,male,4,world tour,8,end stage,North America,United States,Chicago,Wrigley Field,stadium,41649.0,1,2025,7,3,Sat,Sat,1,6,established
12623.0,reported,male,4,world tour,8,end stage,North America,United States,Tacoma,Tacoma Dome,arena,21000.0,1,2025,7,3,Wed,Wed,0,6,established
10591.0,reported,male,4,world tour,8,end stage,North America,United States,San Jose,SAP Center,arena,19190.0,1,2025,8,3,Sat,Sat,1,6,established
36631.0,reported,male,4,world tour,8,end stage,North America,United States,Los Angeles,BMO Stadium,stadium,22000.0,2,2025,8,3,Fri,Sat,1,6,established
8666.0,reported,male,4,world tour,8,end stage,North America,United States,Glendale,Desert Diamond Arena,arena,19000.0,1,2025,8,3,Tue,Tue,0,6,established
29845.0,reported,male,4,world tour,8,end stage,North America,United States,Arlington,Globe Life Field,stadium,40300.0,1,2025,8,3,Sat,Sat,1,6,established
28134.0,reported,male,4,world tour,8,end stage,North America,Mexico,Mexico City,Estadio GNP Seguros,stadium,65000.0,1,2025,8,3,Sat,Sat,1,6,established
,unreported,male,4,world tour,8,end stage,Asia,Japan,Saitama,Saitama Super Arena,arena,22500.0,3,2025,9,3,Sat,Mon,1,6,established
,unreported,male,4,world tour,8,end stage,Asia,Japan,Nagoya,Portmesse Nagoya,concert hall,15000.0,2,2025,9,3,Sat,Sun,1,6,established
,unreported,male,4,world tour,8,end stage,Asia,Japan,Kobe,Glion Arena Kobe,arena,10000.0,2,2025,10,4,Wed,Thu,0,6,established
,unreported,male,4,world tour,8,end stage,Asia,Taiwan,Taoyuan,NTSU Arena,arena,15000.0,1,2026,1,1,Sat,Sat,1,7,established
,unreported,male,4,world tour,8,end stage,Asia,Indonesia,Tangerang,ICE BSD,concert hall,,1,2026,1,1,Sat,Sat,1,7,established
,unreported,male,4,world tour,8,end stage,Asia,Singapore,Singapore,Singapore Indoor Stadium,arena,9000.0,1,2026,2,1,Sun,Sun,1,7,established
,unreported,male,4,world tour,8,end stage,Oceania,Australia,Melbourne,Rod Laver Arena,arena,14820.0,2,2026,3,1,Mon,Tue,0,7,established
,unreported,male,4,world tour,8,end stage,Oceania,Australia,Sydney,Qudos Bank Arena,arena,18000.0,2,2026,3,1,Fri,Sat,1,7,established
,unreported,male,4,world tour,8,end stage,Asia,Philippines,Manila,Smart Araneta Coliseum,arena,9679.0,1,2026,3,1,Sat,Sat,1,7,established
,unreported,male,4,world tour,8,end stage,Asia,Malaysia,Kuala Lumpur,Unifi Arena,arena,11000.0,1,2026,3,1,Sun,Sun,1,7,established
,unreported,male,4,world tour,8,end stage,Asia,Macau,Macau,Venetian Arena,arena,14000.0,1,2026,3,1,Sat,Sat,1,7,established
,unreported,male,4,world tour,8,end stage,Asia,Thailand,Bangkok,IMPACT Arena,arena,12000.0,1,2026,4,2,Sat,Sat,1,7,established
11552.0,reported,male,5,asian tour,6,end stage,Asia,South Korea,Incheon,Inspire Arena,arena,15000.0,2,2024,12,4,Sat,Sun,1,1,rookie
2243.0,reported,male,5,asian tour,6,end stage,Asia,Japan,Tokyo,Tachikawa Stage Garden,concert hall,2448.0,1,2025,1,1,Thu,Thu,0,1,rookie
2099.0,reported,male,5,asian tour,6,end stage,Asia,Japan,Nagoya,Niterra Forest Hall,concert hall,,1,2025,2,1,Sun,Sun,1,1,rookie
7458.0,reported,male,5,asian tour,6,end stage,Asia,Japan,Osaka,Grand Cube Osaka,concert hall,,2,2025,2,1,Sat,Sun,1,1,rookie
2056.0,reported,male,5,asian tour,6,end stage,Asia,Japan,Sendai,Sendai Sun Plaza Hall,concert hall,2710.0,1,2025,2,1,Sat,Sat,1,1,rookie
4384.0,reported,male,5,asian tour,6,end stage,Asia,Japan,Fukuoka,Fukuoka Sunpalace Hotel Hall,concert hall,2316.0,2,2025,2,1,Tue,Wed,0,1,rookie
16479.0,reported,male,5,asian tour,6,end stage,Asia,Japan,Yokohama,Pacifico Yokohama,concert hall,6000.0,3,2025,2,1,Sat,Mon,1,1,rookie
3869.0,reported,male,5,asian tour,6,end stage,Asia,Singapore,Tampines,Singapore Expo,concert hall,,1,2025,3,1,Sat,Sat,1,1,rookie
3109.0,reported,male,5,asian tour,6,end stage,Asia,Philippines,Manila,Smart Araneta Coliseum,arena,9679.0,1,2025,3,1,Sat,Sat,1,1,rookie
,unreported,male,5,asian tour,6,end stage,Asia,Thailand,Bangkok,IMPACT Thunder Dome,concert hall,3500.0,1,2025,3,1,Sat,Sat,1,1,rookie
4472.0,reported,male,5,asian tour,6,end stage,Asia,Taiwan,Taipei,Nangang Exhibition Center,concert hall,,1,2025,4,2,Thu,Thu,0,1,rookie
4917.0,reported,male,5,asian tour,6,end stage,Asia,Hong Kong,Hong Kong,AsiaWorld–Expo,arena,14000.0,1,2025,4,2,Sun,Sun,1,1,rookie
3931.0,reported,male,5,asian tour,6,end stage,Asia,Indonesia,Jakarta,Istora Senayan,arena,7166.0,1,2025,4,2,Sat,Sat,1,1,rookie
27000.0,reported,male,5,asian tour,6,end stage,Asia,Japan,Tokyo,Keio Arena Tokyo,arena,10000.0,3,2025,6,2,Sat,Mon,1,2,rookie
31280.0,reported,male,5,asian tour,6,end stage,Asia,South Korea,Seoul,KSPO Dome,arena,15000.0,3,2025,7,3,Fri,Sun,1,2,rookie
,unreported,male,3,world tour,7,end stage,Asia,South Korea,Seoul,Gocheok Sky Dome,stadium,16744.0,2,2017,2,1,Sat,Sun,1,3,growing
,unreported,male,3,world tour,7,end stage,South America,Chile,Santiago,Movistar Arena,arena,15500.0,2,2017,3,1,Sat,Sun,1,3,growing
15327.0,reported,male,3,world tour,7,end stage,South America,Brazil,São Paulo,Vibra São Paulo,theater,7000.0,2,2017,3,1,Sun,Mon,1,3,growing
22612.0,reported,male,3,world tour,7,end stage,North America,United States,Newark,Prudential Center,arena,17000.0,2,2017,3,1,Thu,Fri,0,3,growing
,unreported,male,3,world tour,7,end stage,North America,United States,Rosemont,Allstate Arena,arena,22000.0,1,2017,3,1,Wed,Wed,0,3,growing
,unreported,male,3,world tour,7,end stage,North America,United States,Anaheim,Honda Center,theater,10935.0,2,2017,4,2,Sat,Sun,1,3,growing
,unreported,male,3,world tour,7,end stage,Asia,Thailand,Bangkok,IMPACT Arena,arena,12000.0,2,2017,4,2,Sat,Sun,1,3,growing
,unreported,male,3,world tour,7,end stage,Asia,Indonesia,Tangerang,ICE BSD,concert hall,,1,2017,4,2,Sat,Sat,1,3,growing
,unreported,male,3,world tour,7,end stage,Asia,Philippines,Pasay,SM Mall of Asia Arena,arena,15000.0,2,2017,5,2,Sat,Sun,1,3,growing
,unreported,male,3,world tour,7,end stage,Asia,Hong Kong,Hong Kong,AsiaWorld–Expo,arena,14000.0,2,2017,5,2,Sat,Sun,1,3,growing
11023.0,reported,male,3,world tour,7,end stage,Oceania,Australia,Sydney,Qudos Bank Arena,arena,18000.0,1,2017,5,2,Fri,Fri,1,3,growing
,unreported,male,3,world tour,7,end stage,Asia,Japan,Osaka,Osaka-jō Hall,arena,16000.0,3,2017,5,2,Tue,Thu,0,3,growing
,unreported,male,3,world tour,7,end stage,Asia,Japan,Hiroshima,Hiroshima Green Arena,arena,10000.0,1,2017,6,2,Wed,Wed,0,3,growing
,unreported,male,3,world tour,7,end stage,Asia,Japan,Nagoya,Nippon Gaishi Hall,arena,10000.0,2,2017,6,2,Wed,Thu,0,4,growing
,unreported,male,3,world tour,7,end stage,Asia,Japan,Saitama,Saitama Super Arena,arena,22500.0,3,2017,6,2,Tue,Thu,0,4,growing
,unreported,male,3,world tour,7,end stage,Asia,Japan,Fukuoka,Marine Messe,arena,15000.0,2,2017,6,2,Sat,Sun,1,4,growing
,unreported,male,3,world tour,7,end stage,Asia,Japan,Sapporo,Makomanai Ice Arena,arena,10024.0,2,2017,7,3,Sat,Sun,1,4,growing
,unreported,male,3,world tour,7,end stage,Asia,Japan,Osaka,Kyocera Dome,stadium,55000.0,2,2017,10,4,Sat,Sun,1,4,growing
,unreported,male,3,world tour,7,end stage,Asia,Taiwan,Taoyuan,NTSU Arena,arena,15000.0,2,2017,10,4,Sat,Sun,1,4,growing
,unreported,male,3,world tour,7,end stage,Asia,Macau,Macau,Venetian Arena,arena,14000.0,1,2017,11,4,Sat,Sat,1,4,growing
,unreported,male,3,world tour,7,end stage,Asia,South Korea,Seoul,Gocheok Sky Dome,stadium,16744.0,3,2017,12,4,Fri,Sun,1,4,growing
85366.0,reported,male,3,world tour,7,end stage,Asia,South Korea,Seoul,Seoul Olympic Stadium,stadium,65599.0,2,2018,8,3,Sat,Sun,1,5,growing
56220.0,reported,male,3,world tour,7,end stage,North America,United States,Los Angeles,Crypto.com Arena,stadium,20000.0,4,2018,9,3,Wed,Sun,0,5,growing
10743.0,reported,male,3,world tour,7,end stage,North America,United States,Oakland,Oakland Arena,arena,19596.0,1,2018,9,3,Wed,Wed,0,5,growing
17452.0,reported,male,3,world tour,7,end stage,North America,United States,Fort Worth,Fort Worth Convention Center,arena,13500.0,2,2018,9,3,Sat,Sun,1,5,growing
35574.0,reported,male,3,world tour,7,end stage,North America,Canada,Hamilton,TD Coliseum,arena,18000.0,3,2018,9,3,Thu,Sun,0,5,growing
25236.0,reported,male,3,world tour,7,end stage,North America,United States,Newark,Prudential Center,arena,17000.0,2,2018,9,3,Fri,Sat,1,5,growing
27880.0,reported,male,3,world tour,7,end stage,North America,United States,Chicago,United Center,arena,23500.0,2,2018,10,4,Tue,Wed,0,5,growing
34327.0,reported,male,3,world tour,7,end stage,North America,United States,New York,Citi Field,stadium,41922.0,1,2018,10,4,Sat,Sat,1,5,growing
31475.0,reported,male,3,world tour,7,end stage,Europe,England,London,The O2 Arena,arena,20000.0,2,2018,10,4,Tue,Wed,0,5,growing
13893.0,reported,male,3,world tour,7,end stage,Europe,Netherlands,Amsterdam,Ziggo Dome,arena,17000.0,1,2018,10,4,Sat,Sat,1,5,growing
24384.0,reported,male,3,world tour,7,end stage,Europe,Germany,Berlin,Uber Arena,arena,17000.0,2,2018,10,4,Tue,Wed,0,5,growing
28149.0,reported,male,3,world tour,7,end stage,Europe,France,Paris,Accor Arena,arena,20300.0,2,2018,10,4,Fri,Sat,1,5,growing
95939.0,reported,male,3,world tour,7,end stage,Asia,Japan,Tokyo,Tokyo Dome,stadium,55000.0,2,2018,11,4,Tue,Wed,0,5,growing
109679.0,reported,male,3,world tour,7,end stage,Asia,Japan,Osaka,Kyocera Dome,stadium,55000.0,3,2018,11,4,Wed,Sat,0,5,growing
50144.0,reported,male,3,world tour,7,end stage,Asia,Taiwan,Taoyuan,Rakuten Taoyuan Baseball Stadium,stadium,18000.0,2,2018,12,4,Sat,Sun,1,5,growing
79621.0,reported,male,3,world tour,7,end stage,Asia,Japan,Nagoya,Vantelin Dome,stadium,36418.0,2,2019,1,1,Sat,Sun,1,5,growing
39946.0,reported,male,3,world tour,7,end stage,Asia,Singapore,Singapore,Singapore National Stadium,stadium,55000.0,1,2019,1,1,Sat,Sat,1,5,growing
72801.0,reported,male,3,world tour,7,end stage,Asia,Japan,Fukuoka,PayPay Dome,stadium,47500.0,2,2019,2,1,Sat,Sun,1,5,growing
46630.0,reported,male,3,world tour,7,end stage,Asia,Hong Kong,Hong Kong,AsiaWorld–Expo,arena,14000.0,4,2019,3,1,Wed,Sun,0,5,growing
68900.0,reported,male,3,world tour,7,end stage,Asia,Thailand,Bangkok,Rajamangala Stadium,stadium,51560.0,2,2019,4,2,Sat,Sun,1,5,growing
113040.0,reported,male,3,world tour,7,end stage,North America,United States,Pasadena,Rose Bowl,concert hall,,2,2019,5,2,Sat,Sun,1,5,growing
98574.0,reported,male,3,world tour,7,end stage,North America,United States,Chicago,Soldier Field,stadium,62500.0,2,2019,5,2,Sat,Sun,1,5,growing
98574.0,reported,male,3,world tour,7,end stage,North America,United States,East Rutherford,MetLife Stadium,stadium,82500.0,2,2019,5,2,Sat,Sun,1,5,growing
84728.0,reported,male,3,world tour,7,end stage,South America,Brazil,São Paulo,Allianz Parque,stadium,55000.0,2,2019,5,2,Sat,Sun,1,5,growing
114583.0,reported,male,3,world tour,7,end stage,Europe,England,London,Wembley Stadium,stadium,90000.0,2,2019,6,2,Sat,Sun,1,5,growing
107328.0,reported,male,3,world tour,7,end stage,Europe,France,Paris,Stade de France,stadium,81338.0,2,2019,6,2,Fri,Sat,1,5,growing
101554.0,reported,male,3,world tour,7,end stage,Asia,Japan,Osaka,Nagai Stadium,stadium,47853.0,2,2019,7,3,Sat,Sun,1,6,established
107153.0,reported,male,3,world tour,7,end stage,Asia,Japan,Shizuoka,Shizuoka Stadium ECOPA,stadium,50889.0,2,2019,7,3,Sat,Sun,1,6,established
31899.0,reported,male,3,world tour,7,end stage,Middle East,Saudi Arabia,Riyadh,King Fahd Sports City Stadium,stadium,58398.0,1,2019,10,4,Fri,Fri,1,6,established
129268.0,reported,male,3,world tour,7,end stage,Asia,South Korea,Seoul,Seoul Olympic Stadium,stadium,65599.0,3,2019,10,4,Sat,Tue,1,6,established
106294.0,reported,male,3,american tour,7,end stage,North America,United States,Inglewood,SoFi Stadium,stadium,70240.0,2,2021,11,4,Sat,Sun,1,8,established
107458.0,reported,male,3,american tour,7,end stage,North America,United States,Inglewood,SoFi Stadium,stadium,70240.0,2,2021,12,4,Wed,Thu,0,8,established
44696.0,reported,male,3,american tour,7,end stage,Asia,South Korea,Seoul,Seoul Olympic Stadium,stadium,65599.0,3,2022,3,1,Thu,Sun,0,8,established
99277.0,reported,male,3,american tour,7,end stage,North America,United States,Las Vegas,Allegiant Stadium,stadium,65000.0,2,2022,4,2,Fri,Sat,1,8,established
100420.0,reported,male,3,american tour,7,end stage,North America,United States,Las Vegas,Allegiant Stadium,stadium,65000.0,2,2022,4,2,Fri,Sat,1,8,established
127218.0,reported,male,3,world tour,7,center stage,Asia,South Korea,Goyang,Goyang Stadium,stadium,41311.0,3,2026,4,2,Thu,Sun,0,12,legacy
96178.0,reported,male,3,world tour,7,center stage,Asia,Japan,Tokyo,Tokyo Dome,stadium,55000.0,2,2026,4,2,Fri,Sat,1,12,legacy
194335.0,reported,male,3,world tour,7,center stage,North America,United States,Tampa,Raymond James Stadium,stadium,69218.0,3,2026,4,2,Sat,Tue,1,12,legacy
97722.0,reported,male,3,world tour,7,center stage,North America,United States,El Paso,Sun Bowl,stadium,45971.0,2,2026,5,2,Sat,Sun,1,12,legacy
145763.0,reported,male,3,world tour,7,center stage,North America,Mexico,Mexico City,Estadio GNP Seguros,stadium,65000.0,3,2026,5,2,Thu,Sun,0,12,legacy
170721.0,parcial,male,3,world tour,7,center stage,North America,United States,Stanford,Stanford Stadium,stadium,50424.0,3,2026,5,2,Sat,Tue,1,12,legacy
241820.0,parcial,male,3,world tour,7,center stage,North America,United States,Las Vegas,Allegiant Stadium,stadium,65000.0,4,2026,5,2,Sat,Thu,1,12,legacy
,unreported,male,3,world tour,7,center stage,Europe,Spain,Madrid,Estadio Metropolitano,stadium,60000.0,2,2026,6,2,Fri,Sat,1,13,legacy
,unreported,male,3,world tour,7,center stage,Europe,Belgium,Brussels,King Baudouin Stadium,stadium,50093.0,2,2026,7,3,Wed,Thu,0,13,legacy
,unreported,male,3,world tour,7,center stage,Europe,England,London,Tottenham Hotspur Stadium,stadium,62850.0,2,2026,7,3,Mon,Tue,0,13,legacy
,unreported,male,3,world tour,7,center stage,Europe,Germany,Munich,Allianz Arena,stadium,70000.0,2,2026,7,3,Sat,Sun,1,13,legacy
,unreported,male,3,world tour,7,center stage,Europe,France,Paris,Stade de France,stadium,81338.0,2,2026,7,3,Fri,Sat,1,13,legacy
162194.0,parcial,male,3,world tour,7,center stage,North America,United States,East Rutherford,MetLife Stadium,stadium,82500.0,2,2026,8,3,Sat,Sun,1,13,legacy
138276.0,parcial,male,3,world tour,7,center stage,North America,United States,Foxborough,Gillette Stadium,stadium,64628.0,2,2026,8,3,Wed,Thu,0,13,legacy
,unreported,male,3,world tour,7,center stage,North America,United States,Baltimore,M&T Bank Stadium,stadium,70745.0,2,2026,8,3,Mon,Tue,0,13,legacy
,unreported,male,3,world tour,7,center stage,North America,United States,Arlington,AT&T Stadium,stadium,100000.0,2,2026,8,3,Sat,Sun,1,13,legacy
101094.0,parcial,male,3,world tour,7,center stage,North America,Canada,Toronto,Rogers Stadium,stadium,50000.0,2,2026,8,3,Sat,Sun,1,13,legacy
124242.0,parcial,male,3,world tour,7,center stage,North America,United States,Chicago,Soldier Field,stadium,62500.0,2,2026,8,3,Thu,Fri,0,13,legacy
287800.0,parcial,male,3,world tour,7,center stage,North America,United States,Inglewood,SoFi Stadium,stadium,70240.0,4,2026,9,3,Tue,Sun,0,13,legacy
,unreported,male,3,world tour,7,center stage,South America,Brazil,São Paulo,MorumBIS,stadium,72039.0,3,2026,10,4,Wed,Sat,0,13,legacy
,unreported,male,3,world tour,7,center stage,Asia,Singapore,Singapore,Singapore National Stadium,stadium,55000.0,4,2026,12,4,Thu,Tue,0,13,legacy
7966.0,reported,male,4,world tour,6,end stage,Asia,South Korea,Seoul,Handball Gymnasium,arena,6500.0,2,2022,9,3,Sat,Sun,1,1,rookie
19826.0,reported,male,4,world tour,6,end stage,North America,United States,Anaheim,Honda Center,theater,10935.0,2,2022,10,4,Sun,Mon,1,1,rookie
10043.0,reported,male,4,world tour,6,end stage,North America,United States,Fort Worth,Dickies Arena,arena,14000.0,1,2022,10,4,Thu,Thu,0,1,rookie
6122.0,reported,male,4,world tour,6,end stage,North America,United States,Sugar Land,Smart Financial Centre,concert hall,6400.0,1,2022,10,4,Sat,Sat,1,1,rookie
8515.0,reported,male,4,world tour,6,end stage,North America,United States,Duluth,Gas South Arena,arena,13100.0,1,2022,10,4,Tue,Tue,0,1,rookie
5961.0,reported,male,4,world tour,6,end stage,North America,United States,Chicago,Wintrust Arena,arena,10387.0,1,2022,10,4,Thu,Thu,0,1,rookie
5577.0,reported,male,4,world tour,6,end stage,North America,United States,New York,Radio City,theater,5960.0,1,2022,10,4,Sat,Sat,1,1,rookie
17019.0,reported,male,4,world tour,6,end stage,Asia,Japan,Nagoya,Nippon Gaishi Hall,arena,10000.0,2,2022,11,4,Tue,Wed,0,1,rookie
18800.0,reported,male,4,world tour,6,end stage,Asia,Japan,Osaka,Osaka-jō Hall,arena,16000.0,2,2022,11,4,Wed,Thu,0,1,rookie
22723.0,reported,male,4,world tour,6,end stage,Asia,Japan,Yokohama,Yokohama Arena,arena,17000.0,2,2022,11,4,Tue,Wed,0,1,rookie
80371.0,reported,male,4,world tour,6,end stage,Asia,Japan,Osaka,Kyocera Dome,stadium,55000.0,2,2023,1,1,Sat,Sun,1,2,rookie
19400.0,reported,male,4,world tour,6,end stage,Asia,Thailand,Bangkok,IMPACT Arena,arena,12000.0,2,2023,1,1,Sat,Sun,1,2,rookie
25650.0,reported,male,4,world tour,6,end stage,Asia,Philippines,Pasay,SM Mall of Asia Arena,arena,15000.0,3,2023,2,1,Fri,Sun,1,2,rookie
15376.0,reported,male,4,world tour,6,end stage,Asia,South Korea,Seoul,KSPO Dome,arena,15000.0,2,2023,7,3,Sat,Sun,1,2,rookie
60495.0,reported,male,4,world tour,6,end stage,Asia,Japan,Osaka,Kyocera Dome,stadium,55000.0,2,2023,9,3,Sat,Sun,1,2,rookie
76571.0,reported,male,4,world tour,6,end stage,Asia,Japan,Tokyo,Tokyo Dome,stadium,55000.0,2,2023,9,3,Wed,Thu,0,2,rookie
22446.0,reported,male,4,world tour,6,end stage,North America,United States,Carson,Dignity Health Sports Park,stadium,27000.0,1,2023,10,4,Fri,Fri,1,2,rookie
8551.0,reported,male,4,world tour,6,end stage,North America,United States,Glendale,Desert Diamond Arena,arena,19000.0,1,2023,10,4,Tue,Tue,0,2,rookie
9405.0,reported,male,4,world tour,6,end stage,North America,United States,Houston,Toyota Center,arena,19000.0,1,2023,10,4,Fri,Fri,1,2,rookie
11687.0,reported,male,4,world tour,6,end stage,North America,United States,Dallas,American Airlines Center,arena,21000.0,1,2023,10,4,Sat,Sat,1,2,rookie
20052.0,reported,male,4,world tour,6,end stage,North America,United States,Newark,Prudential Center,arena,17000.0,2,2023,10,4,Wed,Thu,0,2,rookie
12748.0,reported,male,4,world tour,6,end stage,North America,United States,Chicago,United Center,arena,23500.0,1,2023,10,4,Sun,Sun,1,2,rookie
15712.0,reported,male,4,world tour,6,end stage,Asia,Taiwan,Taoyuan,NTSU Arena,arena,15000.0,2,2024,1,1,Sat,Sun,1,3,growing
17374.0,reported,male,4,world tour,6,end stage,Asia,Singapore,Singapore,Singapore Indoor Stadium,arena,9000.0,2,2024,1,1,Sat,Sun,1,3,growing
31363.0,reported,male,4,world tour,6,end stage,Asia,Macau,Macau,Galaxy Arena,arena,16000.0,3,2024,1,1,Fri,Sun,1,3,growing
23764.0,reported,male,4,world tour,6,end stage,Asia,Philippines,New Clark City,New Clark Stadium,stadium,20000.0,1,2024,2,1,Sat,Sat,1,3,growing
25077.0,reported,male,4,world tour,6,end stage,Asia,South Korea,Seoul,KSPO Dome,arena,15000.0,3,2024,2,1,Fri,Sun,1,3,growing
11108.0,reported,male,4,world tour,6,end stage,North America,United States,Anaheim,Honda Center,theater,10935.0,1,2024,4,2,Wed,Wed,0,3,growing
11950.0,reported,male,4,world tour,6,end stage,North America,United States,Oakland,Oakland Arena,arena,19596.0,1,2024,4,2,Fri,Fri,1,3,growing
15684.0,reported,male,4,world tour,6,end stage,North America,United States,Tacoma,Tacoma Dome,arena,21000.0,1,2024,4,2,Sun,Sun,1,3,growing
11428.0,reported,male,4,world tour,6,end stage,North America,United States,Rosemont,Allstate Arena,arena,22000.0,1,2024,5,2,Wed,Wed,0,3,growing
12224.0,reported,male,4,world tour,6,end stage,North America,United States,New York,UBS Arena,arena,19000.0,1,2024,5,2,Fri,Fri,1,3,growing
51649.0,reported,male,4,world tour,6,end stage,Asia,Japan,Saitama,Saitama Super Arena,arena,22500.0,3,2024,6,2,Tue,Thu,0,3,growing
20323.0,reported,male,4,world tour,6,end stage,Asia,Japan,Fukuoka,Marine Messe,arena,15000.0,2,2024,6,2,Wed,Thu,0,3,growing
13639.0,reported,male,4,world tour,6,end stage,Asia,Japan,Hiroshima,Hiroshima Green Arena,arena,10000.0,2,2024,6,2,Wed,Thu,0,3,growing
21071.0,reported,male,4,world tour,6,end stage,Asia,Indonesia,Jakarta,Indonesia Arena,arena,16500.0,2,2024,8,3,Sat,Sun,1,3,growing
23011.0,reported,male,4,world tour,6,end stage,Asia,Japan,Nagoya,Portmesse Nagoya,concert hall,15000.0,2,2024,8,3,Sat,Sun,1,3,growing
15689.0,reported,male,4,world tour,6,end stage,Asia,Japan,Miyagi,Sekisui Heim Super Arena,arena,7063.0,2,2024,8,3,Sat,Sun,1,3,growing
16640.0,reported,male,4,world tour,6,end stage,Asia,South Korea,Goyang,Goyang Stadium,stadium,41311.0,2,2024,10,4,Sat,Sun,1,3,growing
59948.0,reported,male,4,world tour,6,end stage,Asia,Japan,Saitama,Belluna Dome,stadium,31552.0,2,2024,11,4,Sat,Sun,1,3,growing
50345.0,reported,male,4,world tour,6,end stage,Asia,Japan,Fukuoka,PayPay Dome,stadium,47500.0,2,2024,12,4,Sat,Sun,1,4,growing
75981.0,reported,male,4,world tour,6,end stage,Asia,Japan,Osaka,Kyocera Dome,stadium,55000.0,2,2025,1,1,Sat,Sun,1,4,growing
19482.0,reported,male,4,world tour,6,end stage,Asia,Philippines,Bulacan,Philippine Sports Stadium,stadium,25000.0,1,2025,3,1,Sat,Sat,1,4,growing
29882.0,reported,male,4,world tour,6,end stage,Asia,Thailand,Bangkok,Rajamangala Stadium,stadium,51560.0,1,2025,6,2,Sat,Sat,1,4,growing
77820.0,reported,male,4,world tour,6,end stage,Asia,Japan,Tokyo,Ajinomoto Stadium,stadium,49970.0,2,2025,7,3,Sat,Sun,1,4,growing
85868.0,reported,male,4,world tour,6,end stage,Asia,Japan,Osaka,Nagai Stadium,stadium,47853.0,2,2025,8,3,Sat,Sun,1,4,growing
22983.0,reported,male,4,world tour,6,end stage,North America,United States,New York,UBS Arena,arena,19000.0,2,2025,8,3,Wed,Thu,0,4,growing
12626.0,reported,male,4,world tour,6,end stage,North America,United States,Chicago,United Center,arena,23500.0,1,2025,8,3,Sat,Sat,1,4,growing
18859.0,reported,male,4,world tour,6,end stage,North America,United States,Houston,Toyota Center,arena,19000.0,2,2025,8,3,Tue,Wed,0,4,growing
22298.0,reported,male,4,world tour,6,end stage,North America,United States,Los Angeles,BMO Stadium,stadium,22000.0,1,2025,8,3,Sat,Sat,1,4,growing
15758.0,reported,male,4,world tour,6,end stage,Europe,England,London,The O2 Arena,arena,20000.0,1,2025,8,3,Fri,Fri,1,4,growing
9576.0,reported,male,4,world tour,6,end stage,Europe,England,Manchester,AO Arena,arena,21000.0,1,2025,8,3,Mon,Mon,0,4,growing
13460.0,reported,male,4,world tour,6,end stage,Europe,Netherlands,Amsterdam,Ziggo Dome,arena,17000.0,1,2025,8,3,Thu,Thu,0,4,growing
8363.0,reported,male,4,world tour,6,end stage,Europe,Belgium,Brussels,ING Arena,arena,15000.0,1,2025,8,3,Sat,Sat,1,4,growing
12597.0,reported,male,4,world tour,6,end stage,Europe,Germany,Berlin,Uber Arena,arena,17000.0,1,2025,9,3,Mon,Mon,0,4,growing
12898.0,reported,male,4,world tour,6,end stage,Europe,France,Paris,Accor Arena,arena,20300.0,1,2025,9,3,Wed,Wed,0,4,growing
23718.0,reported,male,4,world tour,6,end stage,Asia,Singapore,Singapore,Singapore Indoor Stadium,arena,9000.0,3,2025,10,4,Fri,Sun,1,4,growing
28799.0,reported,male,4,world tour,6,end stage,Asia,South Korea,Seoul,KSPO Dome,arena,15000.0,3,2025,10,4,Fri,Sun,1,4,growing
32280.0,missing,male,4,world tour,6,end stage,Asia,South Korea,Seoul,KSPO Dome,arena,15000.0,3,2026,5,2,Fri,Sun,1,5,growing
,unreported,male,4,world tour,6,end stage,South America,Brazil,São Paulo,Allianz Parque,stadium,55000.0,1,2026,7,3,Sat,Sat,1,5,growing
,unreported,male,4,world tour,6,end stage,South America,Peru,Lima,Estadio San Marcos,stadium,32000.0,1,2026,7,3,Wed,Wed,0,5,growing
,unreported,male,4,world tour,6,end stage,North America,Mexico,Mexico City,Arena CDMX,arena,22300.0,3,2026,7,3,Sat,Tue,1,5,growing
18818.0,parcial,male,4,world tour,6,end stage,North America,United States,Dallas,American Airlines Center,arena,21000.0,2,2026,7,3,Fri,Sat,1,5,growing
,unreported,male,4,world tour,6,end stage,North America,United States,Oakland,Oakland Arena,arena,19596.0,2,2026,7,3,Sat,Wed,1,5,growing
20956.0,parcial,male,4,world tour,6,end stage,North America,United States,San Diego,Snapdragon Stadium,,,1,2026,7,3,Tue,Tue,0,5,growing
,unreported,male,4,world tour,6,end stage,North America,United States,Tacoma,Tacoma Dome,arena,21000.0,1,2026,7,3,Sun,Sun,1,5,growing
,unreported,male,4,world tour,6,end stage,North America,United States,Las Vegas,T-Mobile Arena,arena,20000.0,1,2026,8,3,Sat,Sat,1,5,growing
,unreported,male,4,world tour,6,end stage,Asia,Macau,Macau,,,,2,2026,10,4,Sat,Sun,1,5,growing
,unreported,male,4,world tour,6,end stage,Asia,Japan,Tokyo,Tokyo Dome,stadium,55000.0,2,2026,12,4,Tue,Wed,0,6,established
,unreported,male,4,world tour,6,end stage,Asia,Japan,Nagoya,Vantelin Dome,stadium,36418.0,2,2026,12,4,Sat,Sun,1,6,established
,unreported,male,4,world tour,6,end stage,Asia,Indonesia,Jakarta,,,,1,2027,1,1,Sat,Sat,1,6,established
,unreported,male,4,world tour,6,end stage,Asia,Japan,Fukuoka,PayPay Dome,stadium,47500.0,2,2027,2,1,Sat,Sun,1,6,established
,unreported,male,4,world tour,6,end stage,Asia,Japan,Osaka,Kyocera Dome,stadium,55000.0,2,2027,2,1,Fri,Sat,1,6,established
,unreported,male,4,world tour,6,end stage,Europe,Italy,Milan,Unipol Dome,arena,16000.0,1,2027,2,1,Wed,Wed,0,6,established
,unreported,male,4,world tour,6,end stage,Europe,France,Paris,La Défense Arena,arena,45000.0,1,2027,2,1,Sat,Sat,1,6,established
,unreported,male,4,world tour,6,end stage,Europe,Netherlands,Amsterdam,Ziggo Dome,arena,17000.0,1,2027,3,1,Tue,Tue,0,6,established
,unreported,male,4,world tour,6,end stage,Europe,Germany,Berlin,Uber Arena,arena,17000.0,1,2027,3,1,Fri,Fri,1,6,established
,unreported,male,4,world tour,6,end stage,Europe,England,London,The O2 Arena,arena,20000.0,1,2027,3,1,Tue,Tue,0,6,established
,unreported,male,4,world tour,6,end stage,Asia,Singapore,Singapore,,,,1,2027,3,1,Sun,Sun,1,6,established
,unreported,male,3,world tour,5,end stage,Asia,South Korea,Seoul,KSPO Dome,arena,15000.0,5,2015,3,1,Sat,Sun,1,2,rookie
,unreported,male,3,world tour,5,end stage,Asia,China,Shanghai,Mercedes-Benz Arena,arena,18000.0,2,2015,5,2,Sat,Sun,1,3,growing
,unreported,male,3,world tour,5,end stage,Asia,Taiwan,Taipei,Taipei Arena,stadium,13000.0,2,2015,6,2,Fri,Sat,1,3,growing
,unreported,male,3,world tour,5,end stage,Asia,Thailand,Bangkok,IMPACT Arena,arena,12000.0,2,2015,6,2,Sat,Sun,1,3,growing
,unreported,male,3,world tour,5,end stage,Asia,China,Beijing,Cadillac Arena,arena,19000.0,2,2015,7,3,Sat,Sun,1,3,growing
,unreported,male,3,world tour,5,end stage,Asia,China,Chengdu,Chengdu Sports Centre,stadium,30000.0,1,2015,8,3,Sat,Sat,1,3,growing
,unreported,male,3,world tour,5,end stage,Asia,Hong Kong,Hong Kong,AsiaWorld–Expo,arena,14000.0,2,2015,8,3,Sun,Mon,1,3,growing
,unreported,male,3,world tour,5,end stage,Asia,China,Xi'an,Shaanxi Province Stadium,stadium,42383.0,1,2015,8,3,Sat,Sat,1,3,growing
,unreported,male,3,world tour,5,end stage,Asia,China,Chongqing,Chongqing Olympic Sports Center,stadium,58680.0,1,2015,9,3,Sat,Sat,1,3,growing
,unreported,male,3,world tour,5,end stage,Asia,China,Guangzhou,Guangzhou International Sports Arena,arena,18000.0,1,2015,10,4,Sat,Sat,1,3,growing
,unreported,male,3,world tour,5,end stage,Asia,Japan,Fukuoka,Marine Messe,arena,15000.0,2,2015,10,4,Sat,Sun,1,3,growing
,unreported,male,3,world tour,5,end stage,Asia,Japan,Tokyo,Tokyo Dome,stadium,55000.0,3,2015,11,4,Fri,Sun,1,3,growing
,unreported,male,3,world tour,5,end stage,Asia,Japan,Osaka,Kyocera Dome,stadium,55000.0,3,2015,11,4,Fri,Sun,1,3,growing
,unreported,male,3,world tour,5,end stage,Asia,Macau,Macau,Venetian Arena,arena,14000.0,1,2015,11,4,Sat,Sat,1,3,growing
,unreported,male,3,world tour,5,end stage,Asia,China,Nanjing,Nanjing Olympic Sports Center,arena,13000.0,1,2015,12,4,Sat,Sat,1,3,growing
,unreported,male,3,world tour,5,end stage,Asia,Singapore,Singapore,Singapore Indoor Stadium,arena,9000.0,2,2016,1,1,Sat,Sun,1,3,growing
,unreported,male,3,world tour,5,end stage,Asia,Philippines,Pasay,SM Mall of Asia Arena,arena,15000.0,2,2016,1,1,Sat,Sun,1,3,growing
,unreported,male,3,world tour,5,end stage,North America,United States,Grand Prairie,Texas Trust CU Theatre,concert hall,6350.0,1,2016,2,1,Wed,Wed,0,3,growing
,unreported,male,3,world tour,5,end stage,North America,Canada,Vancouver,UBC Thunderbird Arena,arena,8000.0,1,2016,2,1,Fri,Fri,1,3,growing
,unreported,male,3,world tour,5,end stage,North America,United States,Los Angeles,Memorial Sports Arena,arena,16740.0,1,2016,2,1,Sun,Sun,1,3,growing
,unreported,male,3,world tour,5,end stage,North America,United States,Rosemont,Rosemont Theatre,theater,4400.0,1,2016,2,1,Fri,Fri,1,3,growing
9919.0,reported,male,3,world tour,5,end stage,North America,United States,Newark,Prudential Center,arena,17000.0,1,2016,2,1,Sun,Sun,1,3,growing
,unreported,male,3,world tour,5,end stage,Asia,Indonesia,Tangerang,ICE BSD,concert hall,,1,2016,2,1,Sat,Sat,1,3,growing
,unreported,male,3,world tour,5,end stage,Asia,China,Dalian,Dalian Sports Centre Stadium,arena,18000.0,1,2016,3,1,Sat,Sat,1,3,growing
,unreported,male,3,world tour,5,end stage,Asia,Malaysia,Kuala Lumpur,Stadium Merdeka,stadium,25000.0,1,2016,3,1,Sat,Sat,1,3,growing
,unreported,male,3,world tour,5,end stage,Asia,South Korea,Seoul,KSPO Dome,arena,15000.0,3,2016,3,1,Fri,Sun,1,3,growing
,unreported,male,3,world tour,5,end stage,Asia,South Korea,Seoul,KSPO Dome,arena,15000.0,6,2016,7,3,Fri,Sun,1,4,growing
,unreported,male,3,world tour,5,end stage,Asia,Thailand,Bangkok,IMPACT Arena,arena,12000.0,2,2016,9,3,Sat,Sun,1,4,growing
,unreported,male,3,world tour,5,end stage,Asia,Japan,Hiroshima,Hiroshima Green Arena,arena,10000.0,2,2016,9,3,Tue,Wed,0,4,growing
,unreported,male,3,world tour,5,end stage,Asia,China,Hangzhou,Huanglong Sports Center,arena,8000.0,1,2016,9,3,Fri,Fri,1,4,growing
,unreported,male,3,world tour,5,end stage,Asia,Japan,Fukuoka,Marine Messe,arena,15000.0,3,2016,10,4,Sun,Tue,1,4,growing
,unreported,male,3,world tour,5,end stage,Asia,Japan,Sapporo,Makomanai Ice Arena,arena,10024.0,2,2016,10,4,Wed,Thu,0,4,growing
,unreported,male,3,world tour,5,end stage,Asia,Japan,Nagoya,Nippon Gaishi Hall,arena,10000.0,3,2016,11,4,Mon,Wed,0,4,growing
,unreported,male,3,world tour,5,end stage,Asia,Taiwan,Taipei,Taipei Arena,stadium,13000.0,2,2016,11,4,Sat,Sun,1,4,growing
,unreported,male,3,world tour,5,end stage,Asia,Japan,Tokyo,Tokyo Dome,stadium,55000.0,2,2016,11,4,Wed,Thu,0,4,growing
,unreported,male,3,world tour,5,end stage,Asia,Japan,Osaka,Kyocera Dome,stadium,55000.0,3,2016,12,4,Fri,Sun,1,4,growing
,unreported,male,3,world tour,5,end stage,Asia,Hong Kong,Hong Kong,AsiaWorld–Expo,arena,14000.0,2,2017,2,1,Sat,Sun,1,4,growing
,unreported,male,3,world tour,5,end stage,Asia,Philippines,Manila,Smart Araneta Coliseum,arena,9679.0,2,2017,2,1,Sat,Sun,1,4,growing
,unreported,male,3,world tour,5,end stage,Asia,Malaysia,Kuala Lumpur,Stadium Merdeka,stadium,25000.0,1,2017,3,1,Sat,Sat,1,4,growing
,unreported,male,3,world tour,5,end stage,Asia,Singapore,Singapore,Singapore Indoor Stadium,arena,9000.0,1,2017,4,2,Sun,Sun,1,4,growing
5999.0,reported,male,3,world tour,5,end stage,North America,United States,Newark,Prudential Center,arena,17000.0,1,2017,4,2,Tue,Tue,0,5,growing
,unreported,male,3,world tour,5,end stage,North America,Mexico,Mexico City,Arena CDMX,arena,22300.0,1,2017,4,2,Thu,Thu,0,5,growing
8668.0,reported,male,3,world tour,5,end stage,North America,United States,Inglewood,Kia Forum,arena,17500.0,1,2017,4,2,Fri,Fri,1,5,growing
,unreported,male,3,world tour,5,end stage,Asia,South Korea,Seoul,Seoul Olympic Stadium,stadium,65599.0,2,2017,5,2,Sat,Sun,1,5,growing
,unreported,male,3,asian tour,5,end stage,Asia,South Korea,Seoul,Gocheok Sky Dome,stadium,16744.0,3,2017,11,4,Fri,Sun,1,5,growing
,unreported,male,3,asian tour,5,end stage,Asia,Japan,Fukuoka,Marine Messe,arena,15000.0,3,2017,12,4,Fri,Sun,1,5,growing
,unreported,male,3,asian tour,5,end stage,Asia,Japan,Saitama,Saitama Super Arena,arena,22500.0,2,2018,1,1,Sat,Sun,1,5,growing
,unreported,male,3,asian tour,5,end stage,Asia,Taiwan,Taipei,Taipei Arena,stadium,13000.0,2,2018,2,1,Sat,Sun,1,5,growing
,unreported,male,3,asian tour,5,end stage,Asia,Japan,Osaka,Kyocera Dome,stadium,55000.0,2,2018,2,1,Fri,Sat,1,5,growing
,unreported,male,3,asian tour,5,end stage,Asia,Singapore,Singapore,Singapore Indoor Stadium,arena,9000.0,1,2018,3,1,Sat,Sat,1,5,growing
,unreported,male,3,asian tour,5,end stage,Asia,Thailand,Bangkok,IMPACT Arena,arena,12000.0,3,2018,3,1,Fri,Sun,1,5,growing
,unreported,male,3,asian tour,5,end stage,Asia,Philippines,Pasay,SM Mall of Asia Arena,arena,15000.0,1,2018,4,2,Sat,Sat,1,6,established
,unreported,male,3,asian tour,5,end stage,Asia,Hong Kong,Hong Kong,AsiaWorld–Expo,arena,14000.0,2,2018,6,2,Sat,Sun,1,6,established
,unreported,male,3,asian tour,5,end stage,Asia,Malaysia,Kuala Lumpur,Unifi Arena,arena,11000.0,1,2018,7,3,Sat,Sat,1,6,established
,unreported,male,3,asian tour,5,end stage,Asia,South Korea,Seoul,Gocheok Sky Dome,stadium,16744.0,3,2018,7,3,Fri,Sun,1,6,established
,unreported,male,3,asian tour,5,end stage,Asia,Macau,Macau,Venetian Arena,arena,14000.0,2,2018,8,3,Fri,Sat,1,6,established
68336.0,parcial,male,2,world tour,1,end stage,Asia,South Korea,Goyang,Goyang Stadium,stadium,41311.0,2,2025,3,1,Sat,Sun,1,15,legacy
96830.0,reported,male,2,world tour,1,end stage,Asia,Japan,Tokyo,Tokyo Dome,stadium,55000.0,2,2025,5,2,Sat,Sun,1,15,legacy
,unreported,male,2,world tour,1,end stage,Asia,Philippines,Bulacan,Philippine Arena,arena,55000.0,1,2025,5,2,Sat,Sat,1,15,legacy
78632.0,reported,male,2,world tour,1,end stage,Asia,Japan,Osaka,Kyocera Dome,stadium,55000.0,2,2025,5,2,Sun,Mon,1,15,legacy
31185.0,reported,male,2,world tour,1,end stage,Asia,Macau,Macau,Galaxy Arena,arena,16000.0,3,2025,6,2,Fri,Sun,1,15,legacy
22140.0,reported,male,2,world tour,1,end stage,Oceania,Australia,Sydney,Qudos Bank Arena,arena,18000.0,2,2025,7,3,Wed,Thu,0,15,legacy
21913.0,reported,male,2,world tour,1,end stage,Oceania,Australia,Melbourne,Rod Laver Arena,arena,14820.0,2,2025,7,3,Sun,Mon,1,15,legacy
31029.0,reported,male,2,world tour,1,end stage,Asia,Taiwan,Taipei,Taipei Arena,stadium,13000.0,3,2025,7,3,Fri,Sun,1,15,legacy
,unreported,male,2,world tour,1,end stage,Asia,Malaysia,Kuala Lumpur,Unifi Arena,arena,11000.0,2,2025,7,3,Sat,Sun,1,15,legacy
,unreported,male,2,world tour,1,end stage,Asia,Indonesia,Jakarta,Indonesia Arena,arena,16500.0,2,2025,7,3,Fri,Sat,1,15,legacy
,unreported,male,2,world tour,1,end stage,Asia,Thailand,Bangkok,Rajamangala Stadium,stadium,51560.0,1,2025,8,3,Sat,Sat,1,15,legacy
33245.0,reported,male,2,world tour,1,end stage,Asia,Hong Kong,Hong Kong,AsiaWorld–Expo,arena,14000.0,3,2025,8,3,Fri,Sun,1,15,legacy
20714.0,reported,male,2,world tour,1,end stage,North America,United States,Newark,Prudential Center,arena,17000.0,2,2025,8,3,Fri,Sat,1,16,legacy
13045.0,reported,male,2,world tour,1,end stage,North America,United States,Las Vegas,T-Mobile Arena,arena,20000.0,1,2025,8,3,Sun,Sun,1,16,legacy
,unreported,male,2,world tour,1,end stage,North America,United States,Los Angeles,Crypto.com Arena,stadium,20000.0,2,2025,9,3,Fri,Sat,1,16,legacy
,unreported,male,2,world tour,1,end stage,Europe,France,Paris,La Défense Arena,arena,45000.0,1,2025,9,3,Sat,Sat,1,16,legacy
,unreported,male,2,world tour,1,end stage,Asia,Japan,Osaka,Kyocera Dome,stadium,55000.0,2,2025,10,4,Mon,Tue,0,16,legacy
,unreported,male,2,world tour,1,end stage,Asia,Taiwan,Taipei,Taipei Dome,stadium,59833.0,2,2025,11,4,Sat,Sun,1,16,legacy
,unreported,male,2,world tour,1,end stage,Asia,Vietnam,Hung Yen,Vinhomes Ocean Park 3,concert hall,,2,2025,11,4,Sat,Sun,1,16,legacy
49139.0,parcial,male,2,world tour,1,end stage,Asia,South Korea,Seoul,Gocheok Sky Dome,stadium,16744.0,3,2025,12,4,Fri,Sun,1,16,legacy
37761.0,reported,male,3,world tour,1,end stage,Asia,South Korea,Seoul,KSPO Dome,arena,15000.0,3,2025,2,1,Fri,Sun,1,2,rookie
27169.0,reported,male,3,world tour,1,end stage,North America,United States,New York,Barclays Center,arena,20000.0,2,2025,3,1,Thu,Fri,0,2,rookie
24756.0,reported,male,3,world tour,1,end stage,North America,United States,Rosemont,Allstate Arena,arena,22000.0,2,2025,3,1,Mon,Tue,0,2,rookie
33129.0,reported,male,3,world tour,1,end stage,North America,Mexico,Mexico City,Palacio de los Deportes,arena,26000.0,2,2025,3,1,Sat,Sun,1,2,rookie
26809.0,reported,male,3,world tour,1,end stage,North America,United States,San Antonio,Frost Bank Center,arena,19000.0,2,2025,3,1,Wed,Thu,0,2,rookie
24094.0,reported,male,3,world tour,1,end stage,North America,United States,Oakland,Oakland Arena,arena,19596.0,2,2025,3,1,Mon,Tue,0,2,rookie
42799.0,reported,male,3,world tour,1,end stage,North America,United States,Los Angeles,BMO Stadium,stadium,22000.0,2,2025,4,2,Fri,Sun,1,2,rookie
22138.0,reported,male,3,world tour,1,end stage,Asia,Philippines,Pasay,SM Mall of Asia Arena,arena,15000.0,2,2025,4,2,Sat,Sun,1,2,rookie
38721.0,reported,male,3,world tour,1,end stage,Asia,Japan,Saitama,Saitama Super Arena,arena,22500.0,2,2025,4,2,Sat,Sun,1,2,rookie
19684.0,reported,male,3,world tour,1,end stage,Asia,Singapore,Singapore,Singapore Indoor Stadium,arena,9000.0,2,2025,4,2,Sat,Sun,1,2,rookie
20104.0,reported,male,3,world tour,1,end stage,Asia,Indonesia,Jakarta,Indonesia Arena,arena,16500.0,2,2025,5,2,Sat,Sun,1,2,rookie
25494.0,reported,male,3,world tour,1,end stage,Asia,Thailand,Bangkok,IMPACT Arena,arena,12000.0,2,2025,5,2,Sat,Sun,1,2,rookie
19417.0,reported,male,3,world tour,1,end stage,Asia,Macau,Macau,Galaxy Arena,arena,16000.0,2,2025,5,2,Sat,Sun,1,2,rookie
19403.0,reported,male,3,world tour,1,end stage,Asia,Taiwan,Taoyuan,NTSU Arena,arena,15000.0,2,2025,5,2,Sat,Sun,1,2,rookie
70153.0,reported,male,3,world tour,1,end stage,Asia,Japan,Osaka,Kyocera Dome,stadium,55000.0,2,2025,5,2,Sat,Sun,1,2,rookie
52449.0,reported,male,3,world tour,1,end stage,Asia,South Korea,Goyang,Goyang Stadium,stadium,41311.0,2,2025,6,2,Fri,Sat,1,2,rookie
19253.0,reported,male,3,world tour,1,end stage,Asia,South Korea,Goyang,Goyang Stadium,stadium,41311.0,2,2025,6,2,Sat,Sun,1,2,rookie
10718.0,parcial,male,3,world tour,1,end stage,Asia,South Korea,Seoul,Jamsil Indoor Stadium,arena,11069.0,2,2025,6,2,Sat,Sun,1,2,rookie
42686.0,reported,male,3,world tour,1,end stage,Asia,Japan,Chiba,Makuhari Messe,arena,,2,2025,7,3,Sat,Sun,1,2,rookie
82510.0,reported,male,3,world tour,1,end stage,Asia,Japan,Osaka,Kyocera Dome,stadium,55000.0,2,2025,7,3,Sat,Sun,1,2,rookie
23753.0,reported,male,3,world tour,1,end stage,North America,United States,Anaheim,Honda Center,theater,10935.0,2,2025,7,3,Thu,Fri,0,2,rookie
23162.0,reported,male,3,world tour,1,end stage,North America,United States,Dallas,American Airlines Center,arena,21000.0,2,2025,7,3,Tue,Wed,0,2,rookie
22144.0,reported,male,3,world tour,1,end stage,North America,United States,Tampa,Benchmark International Arena,arena,21500.0,2,2025,7,3,Sat,Sun,1,2,rookie
23056.0,reported,male,3,world tour,1,end stage,North America,United States,Newark,Prudential Center,arena,17000.0,2,2025,7,3,Wed,Thu,0,2,rookie
27917.0,reported,male,3,world tour,1,end stage,Europe,England,London,The O2 Arena,arena,20000.0,2,2025,8,3,Tue,Wed,0,2,rookie
22758.0,reported,male,3,world tour,1,end stage,Europe,Netherlands,Amsterdam,Ziggo Dome,arena,17000.0,2,2025,8,3,Sat,Sun,1,2,rookie
38375.0,parcial,male,3,world tour,1,end stage,Asia,South Korea,Incheon,Munhak Stadium,stadium,49084.0,2,2025,10,4,Fri,Sat,1,3,growing
24800.0,parcial,male,3,world tour,8,end stage,Asia,South Korea,Seoul,KSPO Dome,arena,15000.0,2,2019,1,1,Sat,Sun,1,2,rookie
4844.0,parcial,male,3,world tour,8,end stage,Asia,Japan,Osaka,Orix Theater,theater,2400.0,2,2019,2,1,Sat,Sun,1,2,rookie
5000.0,parcial,male,3,world tour,8,end stage,Asia,Japan,Hiroshima,HBG Hall,concert hall,2001.0,2,2019,2,1,Mon,Tue,0,2,rookie
3414.0,parcial,male,3,world tour,8,end stage,Asia,Japan,Kanazawa,Honda no Mori Hall,concert hall,1700.0,2,2019,2,1,Sat,Sun,1,2,rookie
4606.0,parcial,male,3,world tour,8,end stage,Asia,Japan,Sapporo,Sapporo Arts and Culture Theater,concert hall,2302.0,2,2019,3,1,Sat,Sun,1,2,rookie
4632.0,parcial,male,3,world tour,8,end stage,Asia,Japan,Fukuoka,Fukuoka Sunpalace Hotel Hall,concert hall,2316.0,2,2019,3,1,Sun,Mon,1,2,rookie
2400.0,parcial,male,3,world tour,8,end stage,Asia,Japan,Nagoya,Nagoya Civic Assembly Hall,concert hall,2000.0,1,2019,3,1,Thu,Thu,0,2,rookie
49921.0,parcial,male,3,world tour,8,end stage,Asia,Japan,Saitama,Saitama Super Arena,arena,22500.0,3,2019,3,1,Fri,Sun,1,2,rookie
5622.0,parcial,male,3,world tour,8,end stage,North America,United States,Newark,Prudential Center,arena,17000.0,1,2019,4,2,Wed,Wed,0,2,rookie
3197.0,parcial,male,3,world tour,8,end stage,North America,United States,Atlanta,Coca-Cola Roxy,concert hall,3600.0,1,2019,4,2,Fri,Fri,1,2,rookie
5206.0,parcial,male,3,world tour,8,end stage,North America,United States,Miami,Watsco Center,arena,8000.0,1,2019,4,2,Sun,Sun,1,2,rookie
6066.0,parcial,male,3,world tour,8,end stage,North America,United States,Grand Prairie,Texas Trust CU Theatre,concert hall,6350.0,1,2019,5,2,Wed,Wed,0,2,rookie
4725.0,parcial,male,3,world tour,8,end stage,North America,United States,Phoenix,Arizona Financial Theatre,theater,5000.0,1,2019,5,2,Fri,Fri,1,2,rookie
6294.0,parcial,male,3,world tour,8,end stage,North America,United States,Sugar Land,Smart Financial Centre,concert hall,6400.0,1,2019,5,2,Sun,Sun,1,2,rookie
4199.0,parcial,male,3,world tour,8,end stage,North America,United States,Rosemont,Rosemont Theatre,theater,4400.0,1,2019,5,2,Tue,Tue,0,2,rookie
5812.0,parcial,male,3,world tour,8,end stage,North America,United States,San Jose,San Jose Civic,theater,3036.0,2,2019,5,2,Thu,Fri,0,2,rookie
6534.0,parcial,male,3,world tour,8,end stage,North America,United States,Los Angeles,Peacock Theater,arena,7100.0,1,2019,5,2,Sun,Sun,1,2,rookie
4118.0,parcial,male,3,world tour,8,end stage,North America,Canada,Toronto,Coca-Cola Coliseum,concert hall,9250.0,1,2019,5,2,Fri,Fri,1,2,rookie
3228.0,parcial,male,3,world tour,8,end stage,North America,Canada,Vancouver,Pacific Coliseum,arena,17500.0,1,2019,5,2,Sun,Sun,1,2,rookie
2910.0,parcial,male,3,world tour,8,end stage,North America,Mexico,Mexico City,Teatro Metropolitan,theater,3165.0,1,2019,5,2,Tue,Tue,0,2,rookie
10746.0,parcial,male,3,world tour,8,end stage,Asia,Singapore,Singapore,Singapore Indoor Stadium,arena,9000.0,3,2019,6,2,Fri,Sun,1,2,rookie
4631.0,parcial,male,3,world tour,8,end stage,Europe,Russia,Saint Petersburg,Ice Palace,arena,12300.0,1,2019,6,2,Wed,Wed,0,2,rookie
6186.0,parcial,male,3,world tour,8,end stage,Europe,Russia,Moscow,Megasport Sport Palace,arena,16500.0,1,2019,6,2,Sat,Sat,1,2,rookie
6402.0,parcial,male,3,world tour,8,end stage,Europe,England,London,Wembley Arena,arena,12500.0,1,2019,7,3,Sun,Sun,1,3,growing
3752.0,parcial,male,3,world tour,8,end stage,Europe,France,Paris,La Seine Musicale,concert hall,6000.0,1,2019,7,3,Wed,Wed,0,3,growing
4218.0,parcial,male,3,world tour,8,end stage,Asia,Singapore,Singapore,Singapore Indoor Stadium,arena,9000.0,1,2019,7,3,Sat,Sat,1,3,growing
24352.0,parcial,male,3,world tour,8,end stage,Asia,Japan,Osaka,Osaka-jō Hall,arena,16000.0,2,2019,12,4,Wed,Thu,0,3,growing
15000.0,parcial,male,3,world tour,8,end stage,Asia,Japan,Fukuoka,Marine Messe,arena,15000.0,2,2020,1,1,Sat,Sun,1,3,growing
5500.0,parcial,male,3,world tour,8,end stage,Asia,Japan,Niigata,Toki Messe,concert hall,10000.0,1,2020,1,1,Sat,Sat,1,3,growing
29646.0,parcial,male,3,world tour,8,end stage,Asia,Japan,Tokyo,Keio Arena Tokyo,arena,10000.0,3,2020,2,1,Sat,Mon,1,3,growing
,unreported,male,3,world tour,8,end stage,North America,United States,New York,Madison Square Garden,,,1,2020,6,2,Fri,Fri,1,3,growing
,unreported,male,3,world tour,8,end stage,North America,United States,Duluth,Gas South Arena,arena,13100.0,1,2020,6,2,Wed,Wed,0,3,growing
,unreported,male,3,world tour,8,end stage,North America,United States,Chicago,Wintrust Arena,arena,10387.0,1,2020,6,2,Mon,Mon,0,3,growing
,unreported,male,3,world tour,8,end stage,North America,United States,San Jose,SAP Center,arena,19190.0,1,2020,6,2,Thu,Thu,0,3,growing
,unreported,male,3,world tour,8,end stage,North America,United States,Inglewood,Kia Forum,arena,17500.0,1,2020,6,2,Fri,Fri,1,3,growing
,unreported,male,3,world tour,8,end stage,North America,United States,Seattle,WAMU Theater,concert hall,7000.0,1,2020,6,2,Sun,Sun,1,3,growing
36900.0,parcial,male,3,world tour,13,end stage,Asia,South Korea,Seoul,KSPO Dome,arena,15000.0,3,2019,8,3,Fri,Sun,1,3,growing
23329.0,parcial,male,3,world tour,13,end stage,Asia,Japan,Osaka,Osaka-jō Hall,arena,16000.0,2,2019,10,4,Tue,Wed,0,3,growing
,unreported,male,3,world tour,13,end stage,Asia,Japan,Nagoya,Aichi Sky Expo,concert hall,10000.0,1,2019,10,4,Sat,Sat,1,3,growing
13000.0,parcial,male,3,world tour,13,end stage,Asia,Japan,Nagoya,Aichi Sky Expo,concert hall,10000.0,2,2019,10,4,Sun,Mon,1,3,growing
24155.0,parcial,male,3,world tour,13,end stage,Asia,Japan,Yokohama,Yokohama Arena,arena,17000.0,2,2019,10,4,Wed,Thu,0,3,growing
43500.0,parcial,male,3,world tour,13,end stage,Asia,Japan,Chiba,Makuhari Messe,arena,,3,2019,11,4,Thu,Sat,0,3,growing
4566.0,parcial,male,3,world tour,13,end stage,Asia,Indonesia,Jakarta,Istora Senayan,arena,7166.0,1,2019,11,4,Sat,Sat,1,3,growing
8538.0,parcial,male,3,world tour,13,end stage,Asia,Thailand,Bangkok,IMPACT Thunder Dome,concert hall,3500.0,2,2019,11,4,Sat,Sun,1,3,growing
,unreported,male,3,world tour,13,end stage,North America,United States,Newark,Prudential Center,arena,17000.0,1,2020,1,1,Fri,Fri,1,3,growing
,unreported,male,3,world tour,13,end stage,North America,United States,Chicago,United Center,arena,23500.0,1,2020,1,1,Sun,Sun,1,3,growing
,unreported,male,3,world tour,13,end stage,North America,United States,Irving,Toyota Music Factory,theater,4000.0,1,2020,1,1,Tue,Tue,0,3,growing
4793.0,parcial,male,3,world tour,13,end stage,North America,United States,Sugar Land,Smart Financial Centre,concert hall,6400.0,1,2020,1,1,Wed,Wed,0,3,growing
7233.0,parcial,male,3,world tour,13,end stage,North America,Mexico,Mexico City,Palacio de los Deportes,arena,26000.0,1,2020,1,1,Fri,Fri,1,3,growing
,unreported,male,3,world tour,13,end stage,North America,United States,Inglewood,Kia Forum,arena,17500.0,1,2020,1,1,Sun,Sun,1,3,growing
,unreported,male,3,world tour,13,end stage,North America,United States,San Jose,SAP Center,arena,19190.0,1,2020,1,1,Tue,Tue,0,3,growing
3878.0,parcial,male,3,world tour,13,end stage,North America,United States,Kent,accesso ShoWare Center,arena,7141.0,1,2020,1,1,Thu,Thu,0,3,growing
7636.0,parcial,male,3,world tour,13,end stage,Asia,Philippines,Pasay,SM Mall of Asia Arena,arena,15000.0,1,2020,2,1,Sat,Sat,1,3,growing
,unreported,male,3,world tour,13,end stage,Asia,Malaysia,Kuala Lumpur,Unifi Arena,arena,11000.0,1,2020,2,1,Sat,Sat,1,3,growing
,unreported,male,3,world tour,13,end stage,Asia,Taiwan,Taoyuan,NTSU Arena,arena,15000.0,1,2020,2,1,Sat,Sat,1,3,growing
,unreported,male,3,world tour,13,end stage,Europe,Spain,Madrid,Movistar Arena,arena,15000.0,1,2020,3,1,Tue,Tue,0,3,growing
,unreported,male,3,world tour,13,end stage,Europe,France,Paris,La Seine Musicale,concert hall,6000.0,1,2020,3,1,Thu,Thu,0,3,growing
,unreported,male,3,world tour,13,end stage,Europe,England,London,Wembley Arena,arena,12500.0,1,2020,3,1,Sun,Sun,1,3,growing
,unreported,male,3,world tour,13,end stage,Europe,Germany,Berlin,Uber Arena,arena,17000.0,1,2020,3,1,Tue,Tue,0,3,growing
34923.0,reported,male,3,world tour,13,end stage,Asia,South Korea,Seoul,Gocheok Sky Dome,stadium,16744.0,2,2022,6,2,Sat,Sun,1,6,established
8377.0,reported,male,3,world tour,13,end stage,North America,Canada,Vancouver,Rogers Arena,arena,19000.0,1,2022,8,3,Wed,Wed,0,6,established
8806.0,reported,male,3,world tour,13,end stage,North America,United States,Seattle,Climate Pledge Arena,arena,17200.0,1,2022,8,3,Fri,Fri,1,6,established
12601.0,reported,male,3,world tour,13,end stage,North America,United States,Oakland,Oakland Arena,arena,19596.0,1,2022,8,3,Sun,Sun,1,6,established
12561.0,reported,male,3,world tour,13,end stage,North America,United States,Inglewood,Kia Forum,arena,17500.0,1,2022,8,3,Wed,Wed,0,6,established
9124.0,reported,male,3,world tour,13,end stage,North America,United States,Houston,Toyota Center,arena,19000.0,1,2022,8,3,Sat,Sat,1,6,established
9282.0,reported,male,3,world tour,13,end stage,North America,United States,Fort Worth,Dickies Arena,arena,14000.0,1,2022,8,3,Tue,Tue,0,6,established
12421.0,reported,male,3,world tour,13,end stage,North America,United States,Chicago,United Center,arena,23500.0,1,2022,8,3,Thu,Thu,0,6,established
11341.0,reported,male,3,world tour,13,end stage,North America,United States,Washington,Capital One Arena,arena,20356.0,1,2022,8,3,Sun,Sun,1,6,established
9503.0,reported,male,3,world tour,13,end stage,North America,United States,Atlanta,State Farm Arena,arena,18000.0,1,2022,8,3,Tue,Tue,0,6,established
9028.0,reported,male,3,world tour,13,end stage,North America,United States,New York,UBS Arena,arena,19000.0,1,2022,9,3,Thu,Thu,0,6,established
13763.0,reported,male,3,world tour,13,end stage,North America,Canada,Toronto,Scotiabank Arena,arena,19800.0,1,2022,9,3,Sat,Sat,1,6,established
10717.0,reported,male,3,world tour,13,end stage,North America,United States,Newark,Prudential Center,arena,17000.0,1,2022,9,3,Tue,Tue,0,6,established
17336.0,reported,male,3,world tour,13,end stage,Asia,Indonesia,Tangerang,ICE BSD,concert hall,,2,2022,9,3,Sat,Sun,1,6,established
19270.0,reported,male,3,world tour,13,end stage,Asia,Thailand,Bangkok,IMPACT Arena,arena,12000.0,2,2022,10,4,Sat,Sun,1,6,established
16956.0,reported,male,3,world tour,13,end stage,Asia,Philippines,Pasay,SM Mall of Asia Arena,arena,15000.0,2,2022,10,4,Sat,Sun,1,6,established
8191.0,reported,male,3,world tour,13,end stage,Asia,Singapore,Singapore,Singapore Indoor Stadium,arena,9000.0,1,2022,10,4,Thu,Thu,0,6,established
78593.0,reported,male,3,world tour,13,end stage,Asia,Japan,Osaka,Kyocera Dome,stadium,55000.0,2,2022,11,4,Sat,Sun,1,6,established
93063.0,reported,male,3,world tour,13,end stage,Asia,Japan,Tokyo,Tokyo Dome,stadium,55000.0,2,2022,11,4,Sat,Sun,1,6,established
81644.0,reported,male,3,world tour,13,end stage,Asia,Japan,Nagoya,Vantelin Dome,stadium,36418.0,2,2022,12,4,Sat,Sun,1,6,established
39480.0,reported,male,3,world tour,13,end stage,Asia,Philippines,Bulacan,Philippine Arena,arena,55000.0,1,2022,12,4,Sat,Sat,1,6,established
25079.0,reported,male,3,world tour,13,end stage,Asia,Indonesia,Jakarta,Madya Stadium,stadium,,1,2022,12,4,Wed,Wed,0,6,established
34341.0,reported,male,3,asian tour,13,end stage,Asia,South Korea,Seoul,Gocheok Sky Dome,stadium,16744.0,2,2023,7,3,Fri,Sat,1,7,established
89119.0,reported,male,3,asian tour,13,end stage,Asia,Japan,Tokyo,Tokyo Dome,stadium,55000.0,2,2023,9,3,Wed,Thu,0,7,established
61088.0,reported,male,3,asian tour,13,end stage,Asia,Japan,Saitama,Belluna Dome,stadium,31552.0,2,2023,11,4,Thu,Fri,0,7,established
108239.0,reported,male,3,asian tour,13,end stage,Asia,Japan,Nagoya,Vantelin Dome,stadium,36418.0,3,2023,11,4,Thu,Sun,0,7,established
107848.0,reported,male,3,asian tour,13,end stage,Asia,Japan,Osaka,Kyocera Dome,stadium,55000.0,3,2023,12,4,Thu,Sun,0,7,established
68670.0,reported,male,3,asian tour,13,end stage,Asia,Japan,Fukuoka,PayPay Dome,stadium,47500.0,2,2023,12,4,Sat,Sun,1,7,established
59023.0,reported,male,3,asian tour,13,end stage,Asia,Thailand,Bangkok,Rajamangala Stadium,stadium,51560.0,2,2023,12,4,Sat,Sun,1,7,established
54035.0,reported,male,3,asian tour,13,end stage,Asia,Philippines,Bulacan,Philippine Sports Stadium,stadium,25000.0,2,2024,1,1,Sat,Sun,1,7,established
37486.0,reported,male,3,asian tour,13,end stage,Asia,Macau,Macau,Macau Olympic Sports Center,stadium,16272.0,2,2024,1,1,Sat,Sun,1,7,established
56047.0,reported,male,3,asian tour,13,end stage,Asia,South Korea,Incheon,Incheon Stadium,stadium,29376.0,2,2024,3,1,Sat,Sun,1,7,established
71525.0,reported,male,3,asian tour,13,end stage,Asia,South Korea,Seoul,World Cup Stadium,stadium,66704.0,2,2024,4,2,Sat,Sun,1,7,established
100565.0,reported,male,3,asian tour,13,end stage,Asia,Japan,Osaka,Nagai Stadium,stadium,47853.0,2,2024,5,2,Sat,Sun,1,7,established
140328.0,reported,male,3,asian tour,13,end stage,Asia,Japan,Yokohama,Nissan Stadium,stadium,72327.0,2,2024,5,2,Sat,Sun,1,7,established
57421.0,reported,male,3,world tour,13,end stage,Asia,South Korea,Goyang,Goyang Stadium,stadium,41311.0,2,2024,10,4,Sat,Sun,1,8,established
21808.0,reported,male,3,world tour,13,end stage,North America,United States,Rosemont,Allstate Arena,arena,22000.0,2,2024,10,4,Tue,Wed,0,8,established
25532.0,reported,male,3,world tour,13,end stage,North America,United States,New York,UBS Arena,arena,19000.0,2,2024,10,4,Fri,Sun,1,8,established
25723.0,reported,male,3,world tour,13,end stage,North America,United States,San Antonio,Frost Bank Center,arena,19000.0,2,2024,10,4,Thu,Fri,0,8,established
23409.0,reported,male,3,world tour,13,end stage,North America,United States,Oakland,Oakland Arena,arena,19596.0,2,2024,11,4,Tue,Wed,0,8,established
43069.0,reported,male,3,world tour,13,end stage,North America,United States,Los Angeles,BMO Stadium,stadium,22000.0,2,2024,11,4,Sat,Sun,1,8,established
76020.0,reported,male,3,world tour,13,end stage,Asia,Japan,Nagoya,Vantelin Dome,stadium,36418.0,2,2024,11,4,Fri,Sat,1,8,established
87763.0,reported,male,3,world tour,13,end stage,Asia,Japan,Tokyo,Tokyo Dome,stadium,55000.0,2,2024,12,4,Wed,Thu,0,8,established
112150.0,reported,male,3,world tour,13,end stage,Asia,Japan,Osaka,Kyocera Dome,stadium,55000.0,3,2024,12,4,Thu,Sun,0,8,established
106571.0,reported,male,3,world tour,13,end stage,Asia,Japan,Fukuoka,PayPay Dome,stadium,47500.0,3,2024,12,4,Thu,Sun,0,8,established
57632.0,reported,male,3,world tour,13,end stage,Asia,Philippines,Bulacan,Philippine Sports Stadium,stadium,25000.0,2,2025,1,1,Sat,Sun,1,8,established
73985.0,reported,male,3,world tour,13,end stage,Asia,Singapore,Singapore,Singapore National Stadium,stadium,55000.0,2,2025,1,1,Sat,Sun,1,8,established
64819.0,reported,male,3,world tour,13,end stage,Asia,Indonesia,Jakarta,International Stadium,arena,82000.0,2,2025,2,1,Sat,Sun,1,8,established
68845.0,reported,male,3,world tour,13,end stage,Asia,Thailand,Bangkok,Rajamangala Stadium,stadium,51560.0,2,2025,2,1,Sat,Sun,1,8,established
50053.0,reported,male,3,world tour,13,end stage,Asia,South Korea,Incheon,Incheon Stadium,stadium,29376.0,2,2025,9,3,Sat,Sun,1,9,established
71192.0,reported,male,3,world tour,13,end stage,Asia,Hong Kong,Hong Kong,Kai Tak Stadium,stadium,45995.0,2,2025,9,3,Sat,Sun,1,9,established
11319.0,reported,male,3,world tour,13,end stage,North America,United States,Tacoma,Tacoma Dome,arena,21000.0,1,2025,10,4,Sat,Sat,1,9,established
26734.0,reported,male,3,world tour,13,end stage,North America,United States,Los Angeles,BMO Stadium,stadium,22000.0,2,2025,10,4,Thu,Fri,0,9,established
13220.0,reported,male,3,world tour,13,end stage,North America,United States,Austin,Moody Center,arena,16223.0,2,2025,10,4,Tue,Wed,0,9,established
15527.0,reported,male,3,world tour,13,end stage,North America,United States,Sunrise,Amerant Bank Arena,arena,23000.0,2,2025,10,4,Sun,Mon,1,9,established
18437.0,reported,male,3,world tour,13,end stage,North America,United States,Washington,Capital One Arena,arena,20356.0,2,2025,10,4,Wed,Thu,0,9,established
,unreported,male,3,world tour,13,end stage,Asia,Japan,Nagoya,Vantelin Dome,stadium,36418.0,3,2025,11,4,Thu,Sun,0,9,established
,unreported,male,3,world tour,13,end stage,Asia,Japan,Osaka,Kyocera Dome,stadium,55000.0,3,2025,12,4,Thu,Sun,0,9,established
,unreported,male,3,world tour,13,end stage,Asia,Japan,Tokyo,Tokyo Dome,stadium,55000.0,2,2025,12,4,Thu,Fri,0,9,established
,unreported,male,3,world tour,13,end stage,Asia,Japan,Fukuoka,PayPay Dome,stadium,47500.0,2,2025,12,4,Sat,Sun,1,9,established
,unreported,male,3,world tour,13,end stage,Asia,Hong Kong,Hong Kong,Kai Tak Stadium,stadium,45995.0,2,2026,2,1,Sat,Sun,1,9,established
,unreported,male,3,world tour,13,end stage,Asia,Singapore,Singapore,Singapore National Stadium,stadium,55000.0,1,2026,3,1,Sat,Sat,1,9,established
,unreported,male,3,world tour,13,end stage,Asia,Thailand,Bangkok,Suphachalasai Stadium,stadium,35000.0,2,2026,3,1,Sat,Sun,1,9,established
,unreported,male,3,world tour,13,end stage,Asia,Philippines,Bulacan,Philippine Sports Stadium,stadium,25000.0,1,2026,3,1,Sat,Sat,1,9,established
,unreported,male,3,world tour,13,end stage,Asia,South Korea,Incheon,Incheon Stadium,stadium,29376.0,2,2026,4,2,Sat,Sun,1,9,established
15693.0,reported,male,4,world tour,8,end stage,Asia,South Korea,Seoul,Jamsil Indoor Stadium,arena,11069.0,3,2022,4,2,Fri,Sun,1,4,growing
12000.0,reported,male,4,world tour,8,end stage,Asia,Japan,Kobe,World Memorial Hall,arena,8000.0,2,2022,6,2,Sat,Sun,1,4,growing
21580.0,reported,male,4,world tour,8,end stage,Asia,Japan,Tokyo,Yoyogi National Gymnasium,arena,12898.0,2,2022,6,2,Sat,Sun,1,4,growing
24186.0,reported,male,4,world tour,8,end stage,North America,United States,Newark,Prudential Center,arena,17000.0,2,2022,6,2,Tue,Wed,0,4,growing
12718.0,reported,male,4,world tour,8,end stage,North America,United States,Chicago,United Center,arena,23500.0,1,2022,7,3,Fri,Fri,1,4,growing
24920.0,reported,male,4,world tour,8,end stage,North America,United States,Inglewood,Kia Forum,arena,17500.0,2,2022,7,3,Sat,Sun,1,4,growing
12507.0,reported,male,4,world tour,8,end stage,North America,United States,Oakland,Oakland Arena,arena,19596.0,1,2022,7,3,Tue,Tue,0,4,growing
23522.0,reported,male,4,world tour,8,end stage,North America,United States,Seattle,Climate Pledge Arena,arena,17200.0,2,2022,7,3,Thu,Fri,0,4,growing
20026.0,reported,male,4,world tour,8,end stage,North America,United States,Anaheim,Honda Center,theater,10935.0,2,2022,7,3,Tue,Wed,0,4,growing
21641.0,reported,male,4,world tour,8,end stage,Asia,Japan,Tokyo,Yoyogi National Gymnasium,arena,12898.0,2,2022,7,3,Tue,Wed,0,4,growing
20231.0,reported,male,4,world tour,8,end stage,Asia,South Korea,Seoul,KSPO Dome,arena,15000.0,2,2022,9,3,Sat,Sun,1,4,growing
15862.0,reported,male,4,world tour,8,end stage,Asia,Indonesia,Jakarta,Beach City International Stadium,arena,15000.0,2,2022,11,4,Sat,Sun,1,4,growing
20817.0,reported,male,4,world tour,8,end stage,Asia,Thailand,Bangkok,IMPACT Arena,arena,12000.0,2,2023,2,1,Thu,Fri,0,4,growing
8813.0,reported,male,4,world tour,8,end stage,Asia,Singapore,Singapore,Singapore Indoor Stadium,arena,9000.0,1,2023,2,1,Sun,Sun,1,4,growing
56862.0,reported,male,4,world tour,8,end stage,Asia,Japan,Saitama,Saitama Super Arena,arena,22500.0,2,2023,2,1,Sat,Sun,1,4,growing
23139.0,reported,male,4,world tour,8,end stage,Oceania,Australia,Melbourne,Rod Laver Arena,arena,14820.0,2,2023,2,1,Fri,Sat,1,4,growing
23897.0,reported,male,4,world tour,8,end stage,Oceania,Australia,Sydney,Qudos Bank Arena,arena,18000.0,2,2023,2,1,Tue,Wed,0,4,growing
79331.0,reported,male,4,world tour,8,end stage,Asia,Japan,Osaka,Kyocera Dome,stadium,55000.0,2,2023,2,1,Sat,Sun,1,4,growing
17629.0,reported,male,4,world tour,8,end stage,Asia,Philippines,Pasay,SM Mall of Asia Arena,arena,15000.0,2,2023,3,1,Sat,Sun,1,4,growing
23019.0,reported,male,4,world tour,8,end stage,North America,United States,Atlanta,State Farm Arena,arena,18000.0,2,2023,3,1,Wed,Thu,0,4,growing
22626.0,reported,male,4,world tour,8,end stage,North America,United States,Fort Worth,Dickies Arena,arena,14000.0,2,2023,3,1,Sun,Mon,1,5,growing
45380.0,reported,male,4,world tour,8,end stage,North America,United States,Los Angeles,BMO Stadium,stadium,22000.0,2,2023,3,1,Fri,Sun,1,5,growing
73789.0,reported,male,4,dome tour,8,end stage,Asia,Japan,Fukuoka,PayPay Dome,stadium,47500.0,2,2023,8,3,Wed,Thu,0,5,growing
75516.0,reported,male,4,dome tour,8,end stage,Asia,Japan,Nagoya,Vantelin Dome,stadium,36418.0,2,2023,9,3,Sat,Sun,1,5,growing
77833.0,reported,male,4,dome tour,8,end stage,Asia,Japan,Osaka,Kyocera Dome,stadium,55000.0,2,2023,9,3,Sat,Sun,1,5,growing
31267.0,reported,male,4,dome tour,8,end stage,Asia,South Korea,Seoul,Gocheok Sky Dome,stadium,16744.0,2,2023,10,4,Sat,Sun,1,5,growing
95371.0,reported,male,4,dome tour,8,end stage,Asia,Japan,Tokyo,Tokyo Dome,stadium,55000.0,2,2023,10,4,Sat,Sun,1,5,growing
40907.0,reported,male,4,world tour,8,end stage,Asia,South Korea,Seoul,KSPO Dome,arena,15000.0,4,2024,8,3,Sat,Sun,1,6,established
31462.0,reported,male,4,world tour,8,end stage,Asia,Singapore,Singapore,Singapore National Stadium,stadium,55000.0,1,2024,9,3,Sat,Sat,1,6,established
27336.0,reported,male,4,world tour,8,end stage,Oceania,Australia,Melbourne,Marvel Stadium,stadium,56347.0,1,2024,10,4,Sat,Sat,1,6,established
36589.0,reported,male,4,world tour,8,end stage,Oceania,Australia,Sydney,Allianz Stadium,stadium,42500.0,1,2024,10,4,Sat,Sat,1,6,established
41273.0,reported,male,4,world tour,8,end stage,Asia,Taiwan,Kaohsiung,National Stadium,stadium,55000.0,1,2024,11,4,Sun,Sun,1,6,established
143575.0,reported,male,4,world tour,8,end stage,Asia,Japan,Tokyo,Tokyo Dome,stadium,55000.0,3,2024,11,4,Thu,Sun,0,6,established
23047.0,reported,male,4,world tour,8,end stage,Asia,Philippines,Bulacan,Philippine Arena,arena,55000.0,1,2024,11,4,Sat,Sat,1,6,established
21277.0,reported,male,4,world tour,8,end stage,Asia,Macau,Macau,Galaxy Arena,arena,16000.0,2,2024,11,4,Fri,Sat,1,6,established
114703.0,reported,male,4,world tour,8,end stage,Asia,Japan,Osaka,Kyocera Dome,stadium,55000.0,3,2024,12,4,Thu,Sun,0,6,established
20600.0,reported,male,4,world tour,8,end stage,Asia,Thailand,Bangkok,Suphachalasai Stadium,stadium,35000.0,1,2024,12,4,Sat,Sat,1,6,established
9726.0,reported,male,4,world tour,8,end stage,Asia,Indonesia,Jakarta,Indonesia Arena,arena,16500.0,1,2024,12,4,Sat,Sat,1,6,established
20922.0,reported,male,4,world tour,8,end stage,Asia,Hong Kong,Hong Kong,AsiaWorld–Expo,arena,14000.0,2,2025,1,1,Sat,Sun,1,6,established
48229.0,reported,male,4,world tour,8,end stage,South America,Chile,Santiago,Estadio Bicentenario La Florida,stadium,25000.0,2,2025,3,1,Thu,Fri,0,7,established
49063.0,reported,male,4,world tour,8,end stage,South America,Brazil,Rio De Janeiro,Nilton Santos,stadium,70000.0,1,2025,4,2,Tue,Tue,0,7,established
110479.0,reported,male,4,world tour,8,end stage,South America,Brazil,São Paulo,MorumBIS,stadium,72039.0,2,2025,4,2,Sat,Sun,1,7,established
43806.0,reported,male,4,world tour,8,end stage,South America,Peru,Lima,Estadio San Marcos,stadium,32000.0,1,2025,4,2,Wed,Wed,0,7,established
109963.0,reported,male,4,world tour,8,end stage,North America,Mexico,Mexico City,Estadio GNP Seguros,stadium,65000.0,2,2025,4,2,Sat,Sun,1,7,established
207917.0,reported,male,4,world tour,8,end stage,Asia,Japan,Shizuoka,Shizuoka Stadium ECOPA,stadium,50889.0,4,2025,5,2,Sat,Sun,1,7,established
41264.0,reported,male,4,world tour,8,end stage,North America,United States,Seattle,T-Mobile Park,stadium,47368.0,1,2025,5,2,Sat,Sat,1,7,established
33403.0,reported,male,4,world tour,8,end stage,North America,United States,San Francisco,Oracle Park,stadium,45000.0,1,2025,5,2,Wed,Wed,0,7,established
79389.0,reported,male,4,world tour,8,end stage,North America,United States,Inglewood,SoFi Stadium,stadium,70240.0,2,2025,5,2,Sat,Sun,1,7,established
68253.0,reported,male,4,world tour,8,end stage,North America,United States,Arlington,Globe Life Field,stadium,40300.0,2,2025,6,2,Fri,Sat,1,7,established
36732.0,reported,male,4,world tour,8,end stage,North America,United States,Atlanta,Truist Park,stadium,41108.0,1,2025,6,2,Tue,Tue,0,7,established
46766.0,reported,male,4,world tour,8,end stage,North America,United States,Orlando,Camping World Stadium,stadium,60219.0,1,2025,6,2,Sat,Sat,1,7,established
63005.0,reported,male,4,world tour,8,end stage,North America,United States,New York,Citi Field,stadium,41922.0,2,2025,6,2,Wed,Thu,0,7,established
37095.0,reported,male,4,world tour,8,end stage,North America,United States,Washington,Nationals Park,stadium,41373.0,1,2025,6,2,Mon,Mon,0,7,established
35799.0,reported,male,4,world tour,8,end stage,North America,United States,Chicago,Wrigley Field,stadium,41649.0,1,2025,6,2,Thu,Thu,0,7,established
49745.0,reported,male,4,world tour,8,end stage,North America,Canada,Toronto,Rogers Stadium,stadium,50000.0,1,2025,6,2,Sun,Sun,1,7,established
43788.0,reported,male,4,world tour,8,end stage,Europe,Netherlands,Amsterdam,Johan Cruijff ArenA,stadium,71000.0,1,2025,7,3,Fri,Fri,1,7,established
41631.0,reported,male,4,world tour,8,end stage,Europe,Germany,Frankfurt,Deutsche Bank Park,stadium,65000.0,1,2025,7,3,Tue,Tue,0,7,established
89225.0,reported,male,4,world tour,8,end stage,Europe,England,London,Tottenham Hotspur Stadium,stadium,62850.0,2,2025,7,3,Fri,Sat,1,7,established
49096.0,reported,male,4,world tour,8,end stage,Europe,Spain,Madrid,Estadio Metropolitano,stadium,60000.0,1,2025,7,3,Tue,Tue,0,7,established
,unreported,male,4,world tour,8,end stage,Europe,Spain,Madrid,Estadio Metropolitano,stadium,60000.0,1,2025,7,3,Tue,Tue,0,7,established
117382.0,reported,male,4,world tour,8,end stage,Europe,France,Paris,Stade de France,stadium,81338.0,2,2025,7,3,Sat,Sun,1,7,established
50374.0,reported,male,4,world tour,8,end stage,Europe,Italy,Rome,Stadio Olimpico,stadium,70634.0,1,2025,7,3,Wed,Wed,0,7,established
,unreported,male,4,world tour,8,end stage,Asia,South Korea,Incheon,Incheon Stadium,stadium,29376.0,2,2025,10,4,Sat,Sun,1,7,established
22987.0,missing,male,4,world tour,10,end stage,Asia,South Korea,Seoul,KSPO Dome,arena,15000.0,3,2025,8,3,Fri,Sun,1,7,established
,unreported,male,4,world tour,10,end stage,Asia,Japan,Nagoya,Portmesse Nagoya,concert hall,15000.0,2,2025,8,3,Sat,Sun,1,7,established
,unreported,male,4,world tour,10,end stage,Asia,Japan,Yokohama,Pia Arena MM,arena,12141.0,2,2025,8,3,Sat,Sun,1,7,established
,unreported,male,4,world tour,10,end stage,Asia,Japan,Kobe,World Memorial Hall,arena,8000.0,2,2025,8,3,Sat,Sun,1,7,established
2020.0,reported,male,4,world tour,10,end stage,North America,United States,New York,The Theater,theater,5600.0,1,2025,9,3,Fri,Fri,1,7,established
1116.0,reported,male,4,world tour,10,end stage,North America,United States,Chicago,Chicago Theatre,theater,3600.0,1,2025,9,3,Sun,Sun,1,7,established
564.0,reported,male,4,world tour,10,end stage,North America,United States,Atlanta,Center Stage Theater,theater,1050.0,1,2025,9,3,Tue,Tue,0,7,established
,unreported,male,4,world tour,10,end stage,North America,United States,Oakland,Paramount Theatre,concert hall,3040.0,1,2025,9,3,Fri,Fri,1,7,established
1186.0,reported,male,4,world tour,10,end stage,North America,United States,Los Angeles,Orpheum Theatre,theater,2000.0,1,2025,9,3,Sun,Sun,1,7,established
787.0,reported,male,4,world tour,10,end stage,North America,United States,Tacoma,Pantages Theater,theater,,1,2025,9,3,Wed,Wed,0,7,established
,unreported,male,4,world tour,10,end stage,Asia,Japan,Tokyo,Keio Arena Tokyo,arena,10000.0,2,2025,10,4,Sat,Sun,1,7,established
,unreported,male,4,world tour,10,end stage,Asia,Macau,Macau,Studio City,concert hall,,1,2025,10,4,Sat,Sat,1,7,established
,unreported,male,4,world tour,10,end stage,Asia,Malaysia,Kuala Lumpur,Idea Live Arena,concert hall,,1,2025,10,4,Sat,Sat,1,7,established
,unreported,male,4,world tour,10,end stage,Asia,Taiwan,Taoyuan,NTSU Arena,arena,15000.0,1,2025,10,4,Sat,Sat,1,7,established
,unreported,male,4,world tour,10,end stage,Asia,Thailand,Bangkok,Idea Live,concert hall,8000.0,1,2025,11,4,Sat,Sat,1,7,established
,unreported,male,4,world tour,10,end stage,Asia,Indonesia,Tangerang,ICE BSD,concert hall,,1,2025,11,4,Sat,Sat,1,7,established
10267.0,reported,male,4,world tour,5,end stage,Asia,South Korea,Seoul,Jamsil Indoor Stadium,arena,11069.0,2,2022,7,3,Sat,Sun,1,3,growing
4340.0,reported,male,4,world tour,5,end stage,North America,United States,Rosemont,Rosemont Theatre,theater,4400.0,1,2022,7,3,Thu,Thu,0,3,growing
5239.0,reported,male,4,world tour,5,end stage,North America,United States,New York,The Theater,theater,5600.0,1,2022,7,3,Sat,Sat,1,3,growing
4509.0,reported,male,4,world tour,5,end stage,North America,United States,Atlanta,Fox Theatre,theater,4665.0,1,2022,7,3,Tue,Tue,0,3,growing
6202.0,reported,male,4,world tour,5,end stage,North America,United States,Grand Prairie,Texas Trust CU Theatre,concert hall,6350.0,1,2022,7,3,Thu,Thu,0,3,growing
6250.0,reported,male,4,world tour,5,end stage,North America,United States,Sugar Land,Smart Financial Centre,concert hall,6400.0,1,2022,7,3,Sun,Sun,1,3,growing
5168.0,reported,male,4,world tour,5,end stage,North America,United States,San Francisco,Bill Graham Civic Auditorium,arena,8500.0,1,2022,7,3,Thu,Thu,0,3,growing
13562.0,reported,male,4,world tour,5,end stage,North America,United States,Los Angeles,Peacock Theater,arena,7100.0,2,2022,7,3,Sat,Sun,1,3,growing
12117.0,reported,male,4,world tour,5,end stage,Asia,Japan,Osaka,Ookini Arena Maishima,arena,7056.0,2,2022,9,3,Sat,Sun,1,3,growing
12290.0,reported,male,4,world tour,5,end stage,Asia,Japan,Chiba,Makuhari Messe,arena,,2,2022,9,3,Thu,Fri,0,3,growing
6067.0,reported,male,4,world tour,5,end stage,Asia,Indonesia,Tangerang,ICE BSD,concert hall,,1,2022,10,4,Wed,Wed,0,3,growing
15999.0,reported,male,4,world tour,5,end stage,Asia,Philippines,Pasay,SM Mall of Asia Arena,arena,15000.0,2,2022,10,4,Sat,Sun,1,3,growing
8588.0,reported,male,4,world tour,5,end stage,Asia,Thailand,Bangkok,IMPACT Arena,arena,12000.0,2,2022,10,4,Thu,Fri,0,3,growing
21445.0,reported,male,4,world tour,5,end stage,Asia,South Korea,Seoul,KSPO Dome,arena,15000.0,2,2023,3,1,Sat,Sun,1,4,growing
7830.0,reported,male,4,world tour,5,end stage,Asia,Singapore,Singapore,Singapore Indoor Stadium,arena,9000.0,1,2023,4,2,Sat,Sat,1,4,growing
16042.0,reported,male,4,world tour,5,end stage,Asia,Taiwan,Taipei,Nangang Exhibition Center,concert hall,,2,2023,4,2,Tue,Wed,0,4,growing
17204.0,reported,male,4,world tour,5,end stage,Asia,Japan,Osaka,Asue Arena,arena,16000.0,2,2023,4,2,Fri,Sat,1,4,growing
40390.0,reported,male,4,world tour,5,end stage,Asia,Japan,Saitama,Saitama Super Arena,arena,22500.0,2,2023,4,2,Tue,Wed,0,4,growing
22497.0,reported,male,4,world tour,5,end stage,Asia,Japan,Yokohama,Yokohama Arena,arena,17000.0,2,2023,4,2,Tue,Wed,0,4,growing
27234.0,reported,male,4,world tour,5,end stage,Asia,Japan,Nagoya,Portmesse Nagoya,concert hall,15000.0,2,2023,4,2,Sat,Sun,1,4,growing
12662.0,reported,male,4,world tour,5,end stage,North America,United States,Charlotte,Spectrum Center,arena,18504.0,1,2023,5,2,Sat,Sat,1,4,growing
22506.0,reported,male,4,world tour,5,end stage,North America,United States,New York,UBS Arena,arena,19000.0,2,2023,5,2,Tue,Wed,0,4,growing
12073.0,reported,male,4,world tour,5,end stage,North America,United States,Washington,Capital One Arena,arena,20356.0,1,2023,5,2,Tue,Tue,0,4,growing
17804.0,reported,male,4,world tour,5,end stage,North America,United States,Duluth,Gas South Arena,arena,13100.0,2,2023,5,2,Fri,Sat,1,4,growing
24456.0,reported,male,4,world tour,5,end stage,North America,United States,San Antonio,Frost Bank Center,arena,19000.0,2,2023,5,2,Tue,Wed,0,4,growing
46757.0,reported,male,4,world tour,5,end stage,North America,United States,Los Angeles,BMO Stadium,stadium,22000.0,2,2023,5,2,Sat,Sun,1,4,growing
71757.0,reported,male,4,world tour,5,end stage,Asia,Japan,Osaka,Kyocera Dome,stadium,55000.0,2,2023,7,3,Sat,Sun,1,4,growing
7231.0,reported,male,4,world tour,5,end stage,Asia,Indonesia,Jakarta,Beach City International Stadium,arena,15000.0,1,2023,8,3,Wed,Wed,0,4,growing
10886.0,reported,male,4,world tour,5,end stage,Asia,Philippines,Bulacan,Philippine Arena,arena,55000.0,1,2023,8,3,Sun,Sun,1,4,growing
25042.0,reported,male,4,world tour,5,end stage,Asia,South Korea,Seoul,Gocheok Sky Dome,stadium,16744.0,2,2023,12,4,Sat,Sun,1,4,growing
32125.0,reported,male,4,world tour,5,end stage,Asia,South Korea,Seoul,KSPO Dome,arena,15000.0,3,2024,5,2,Fri,Sun,1,5,growing
10691.0,reported,male,4,world tour,5,end stage,North America,United States,Tacoma,Tacoma Dome,arena,21000.0,1,2024,5,2,Tue,Tue,0,5,growing
15662.0,reported,male,4,world tour,5,end stage,North America,United States,Oakland,Oakland Coliseum,stadium,64829.0,1,2024,5,2,Sat,Sat,1,5,growing
23849.0,reported,male,4,world tour,5,end stage,North America,United States,Los Angeles,Crypto.com Arena,stadium,20000.0,2,2024,5,2,Tue,Wed,0,5,growing
21734.0,reported,male,4,world tour,5,end stage,North America,United States,Houston,Minute Maid Park,stadium,41168.0,1,2024,5,2,Sun,Sun,1,5,growing
10072.0,reported,male,4,world tour,5,end stage,North America,United States,Atlanta,State Farm Arena,arena,18000.0,1,2024,5,2,Wed,Wed,0,5,growing
24775.0,reported,male,4,world tour,5,end stage,North America,United States,New York,The Theater,theater,5600.0,2,2024,6,2,Sat,Sun,1,5,growing
21446.0,reported,male,4,world tour,5,end stage,North America,United States,Rosemont,Allstate Arena,arena,22000.0,2,2024,6,2,Wed,Thu,0,5,growing
13169.0,reported,male,4,world tour,5,end stage,North America,United States,Washington,Capital One Arena,arena,20356.0,1,2024,6,2,Sat,Sat,1,5,growing
71611.0,reported,male,4,world tour,5,end stage,Asia,Japan,Tokyo,Tokyo Dome,stadium,55000.0,2,2024,7,3,Wed,Thu,0,5,growing
53645.0,reported,male,4,world tour,5,end stage,Asia,Japan,Osaka,Kyocera Dome,stadium,55000.0,2,2024,7,3,Sat,Sun,1,5,growing
46054.0,reported,male,4,world tour,5,end stage,Asia,Japan,Nagoya,Vantelin Dome,stadium,36418.0,2,2024,8,3,Sun,Mon,1,5,growing
21293.0,reported,male,4,world tour,5,end stage,Asia,Macau,Macau,Galaxy Arena,arena,16000.0,2,2024,8,3,Fri,Sat,1,5,growing
8183.0,reported,male,4,world tour,5,end stage,Asia,Singapore,Singapore,Singapore Indoor Stadium,arena,9000.0,1,2024,9,3,Sat,Sat,1,5,growing
54074.0,reported,male,4,world tour,5,end stage,Asia,Japan,Fukuoka,PayPay Dome,stadium,47500.0,2,2024,9,3,Sat,Sun,1,5,growing
4593.0,reported,male,4,world tour,5,end stage,Asia,Indonesia,Tangerang,ICE BSD,concert hall,,1,2024,10,4,Wed,Wed,0,5,growing
18160.0,reported,male,4,world tour,5,end stage,Asia,Taiwan,Taoyuan,NTSU Arena,arena,15000.0,2,2024,10,4,Sat,Sun,1,5,growing
31582.0,reported,male,4,world tour,5,end stage,Asia,South Korea,Seoul,KSPO Dome,arena,15000.0,3,2024,11,4,Fri,Sun,1,5,growing
73748.0,reported,male,4,world tour,5,end stage,Asia,Japan,Osaka,Kyocera Dome,stadium,55000.0,2,2024,11,4,Sat,Sun,1,5,growing
24625.0,reported,male,4,world tour,5,end stage,Asia,South Korea,Incheon,Inspire Arena,arena,15000.0,3,2025,3,1,Fri,Sun,1,6,established
36000.0,reported,male,4,world tour,5,end stage,Asia,Japan,Yokohama,K-Arena Yokohama,arena,20000.0,2,2025,3,1,Wed,Thu,0,6,established
10453.0,reported,male,4,world tour,5,end stage,Europe,Spain,Barcelona,Palau Sant Jordi,arena,17960.0,1,2025,3,1,Thu,Thu,0,6,established
15581.0,reported,male,4,world tour,5,end stage,Europe,England,London,The O2 Arena,arena,20000.0,1,2025,3,1,Tue,Tue,0,6,established
11951.0,reported,male,4,world tour,5,end stage,Europe,Germany,Berlin,Uber Arena,arena,17000.0,1,2025,3,1,Thu,Thu,0,6,established
14153.0,reported,male,4,world tour,5,end stage,Europe,France,Paris,Accor Arena,arena,20300.0,1,2025,3,1,Sun,Sun,1,6,established
13055.0,reported,male,4,world tour,5,end stage,Europe,Netherlands,Amsterdam,Ziggo Dome,arena,17000.0,1,2025,4,2,Tue,Tue,0,6,established
14546.0,reported,male,4,world tour,5,end stage,Asia,Japan,Kagawa,Anabuki Arena,arena,,2,2025,4,2,Sat,Sun,1,6,established
16992.0,reported,male,4,world tour,5,end stage,Asia,Japan,Nagoya,Aichi Sky Expo,concert hall,10000.0,2,2025,4,2,Fri,Sat,1,6,established
26250.0,reported,male,4,world tour,5,end stage,Asia,Japan,Fukuoka,Marine Messe,arena,15000.0,2,2025,4,2,Tue,Wed,0,6,established
31365.0,reported,male,4,world tour,5,end stage,Asia,Macau,Macau,Galaxy Arena,arena,16000.0,3,2025,5,2,Fri,Sun,1,6,established
15246.0,reported,male,4,world tour,5,end stage,Asia,Japan,Osaka,Asue Arena,arena,16000.0,2,2025,5,2,Sat,Sun,1,6,established
22848.0,reported,male,4,world tour,5,end stage,Asia,Japan,Tokyo,Ariake Arena,arena,15000.0,2,2025,5,2,Sat,Sun,1,6,established
30599.0,reported,male,4,world tour,5,end stage,Asia,South Korea,Seoul,Gocheok Sky Dome,stadium,16744.0,2,2025,8,3,Fri,Sat,1,6,established
10119.0,reported,male,4,world tour,5,end stage,North America,United States,San Jose,SAP Center,arena,19190.0,1,2025,9,3,Tue,Tue,0,6,established
16987.0,reported,male,4,world tour,5,end stage,North America,United States,Los Angeles,BMO Stadium,stadium,22000.0,1,2025,9,3,Fri,Fri,1,6,established
10193.0,reported,male,4,world tour,5,end stage,North America,United States,Dallas,American Airlines Center,arena,21000.0,1,2025,9,3,Tue,Tue,0,6,established
16466.0,reported,male,4,world tour,5,end stage,North America,United States,Rosemont,Allstate Arena,arena,22000.0,2,2025,9,3,Sun,Mon,1,6,established
9753.0,reported,male,4,world tour,5,end stage,North America,United States,Atlanta,State Farm Arena,arena,18000.0,1,2025,9,3,Thu,Thu,0,6,established
10018.0,reported,male,4,world tour,5,end stage,North America,United States,Washington,Capital One Arena,arena,20356.0,1,2025,9,3,Sun,Sun,1,6,established
18656.0,reported,male,4,world tour,5,end stage,North America,United States,Newark,Prudential Center,arena,17000.0,2,2025,10,4,Wed,Thu,0,6,established
59061.0,reported,male,4,world tour,5,end stage,Asia,Japan,Saitama,Belluna Dome,stadium,31552.0,2,2025,11,4,Sat,Sun,1,6,established
66209.0,reported,male,4,world tour,5,end stage,Asia,Japan,Nagoya,Vantelin Dome,stadium,36418.0,2,2025,12,4,Sat,Sun,1,6,established
49062.0,reported,male,4,world tour,5,end stage,Asia,Japan,Fukuoka,PayPay Dome,stadium,47500.0,2,2025,12,4,Sat,Sun,1,6,established
,reported,male,4,world tour,5,end stage,Asia,Hong Kong,Hong Kong,AsiaWorld–Expo,arena,14000.0,3,2026,1,1,Fri,Sun,1,6,established
,reported,male,4,world tour,5,end stage,Asia,Singapore,Singapore,Singapore Indoor Stadium,arena,9000.0,2,2026,1,1,Sat,Sun,1,6,established
,reported,male,4,world tour,5,end stage,Asia,Japan,Tokyo,Tokyo Dome,stadium,55000.0,2,2026,1,1,Wed,Thu,0,6,established
,reported,male,4,world tour,5,end stage,Asia,Taiwan,Taipei,Taipei Dome,stadium,59833.0,2,2026,1,1,Sat,Sun,1,6,established
,reported,male,4,world tour,5,end stage,Asia,Japan,Osaka,Kyocera Dome,stadium,55000.0,2,2026,2,1,Sat,Sun,1,6,established
,reported,male,4,world tour,5,end stage,Asia,Malaysia,Kuala Lumpur,Unifi Arena,arena,11000.0,1,2026,2,1,Sat,Sat,1,6,established
