attendance,reporting_status,venue_type,venue_capacity,continent,country,city,show_nights,artist_name,gender,generation,members,company,years_since_debut,artist_age_bucket
7493.0,parcial,arena,11069.0,Asia,South Korea,Seoul,2,aespa,female,4,4,"SM,KAKAO",2,rookie
,unreported,arena,16000.0,Asia,Japan,Osaka,4,aespa,female,4,4,"SM,KAKAO",2,rookie
,unreported,arena,12898.0,Asia,Japan,Tokyo,2,aespa,female,4,4,"SM,KAKAO",2,rookie
,unreported,arena,22500.0,Asia,Japan,Saitama,2,aespa,female,4,4,"SM,KAKAO",2,rookie
,unreported,arena,10000.0,Asia,Japan,Nagoya,2,aespa,female,4,4,"SM,KAKAO",2,rookie
,unreported,concert hall,,Asia,Indonesia,Tangerang,1,aespa,female,4,4,"SM,KAKAO",2,rookie
,unreported,concert hall,3500.0,Asia,Thailand,Bangkok,2,aespa,female,4,4,"SM,KAKAO",2,rookie
,unreported,stadium,55000.0,Asia,Japan,Tokyo,2,aespa,female,4,4,"SM,KAKAO",2,rookie
9452.0,reported,stadium,20000.0,North America,United States,Los Angeles,1,aespa,female,4,4,"SM,KAKAO",2,rookie
,unreported,theater,4000.0,North America,United States,Irving,1,aespa,female,4,4,"SM,KAKAO",2,rookie
,unreported,theater,4605.0,North America,United States,Miami,1,aespa,female,4,4,"SM,KAKAO",2,rookie
3593.0,reported,theater,4665.0,North America,United States,Atlanta,1,aespa,female,4,4,"SM,KAKAO",2,rookie
2900.0,reported,theater,,North America,United States,Oxon Hill,1,aespa,female,4,4,"SM,KAKAO",2,rookie
3948.0,reported,theater,4400.0,North America,United States,Rosemont,1,aespa,female,4,4,"SM,KAKAO",2,rookie
4061.0,reported,concert hall,5007.0,North America,United States,Boston,1,aespa,female,4,4,"SM,KAKAO",2,rookie
6654.0,reported,arena,20000.0,North America,United States,New York,1,aespa,female,4,4,"SM,KAKAO",2,rookie
8550.0,reported,arena,26000.0,North America,Mexico,Mexico City,1,aespa,female,4,4,"SM,KAKAO",2,rookie
,unreported,concert hall,8000.0,South America,Brazil,São Paulo,1,aespa,female,4,4,"SM,KAKAO",2,rookie
4151.0,reported,theater,4500.0,South America,Chile,Santiago,1,aespa,female,4,4,"SM,KAKAO",2,rookie
,unreported,concert hall,4900.0,Europe,Germany,Berlin,1,aespa,female,4,4,"SM,KAKAO",2,rookie
,unreported,arena,20000.0,Europe,England,London,1,aespa,female,4,4,"SM,KAKAO",2,rookie
,unreported,concert hall,4600.0,Europe,France,Paris,1,aespa,female,4,4,"SM,KAKAO",2,rookie
12600.0,reported,arena,11069.0,Asia,South Korea,Seoul,2,aespa,female,4,4,"SM,KAKAO",3,growing
10293.0,reported,arena,15000.0,Asia,Japan,Fukuoka,1,aespa,female,4,4,"SM,KAKAO",3,growing
15997.0,reported,concert hall,10000.0,Asia,Japan,Nagoya,2,aespa,female,4,4,"SM,KAKAO",3,growing
38281.0,reported,arena,22500.0,Asia,Japan,Saitama,2,aespa,female,4,4,"SM,KAKAO",3,growing
,unreported,arena,9000.0,Asia,Singapore,Singapore,1,aespa,female,4,4,"SM,KAKAO",3,growing
25872.0,reported,arena,16000.0,Asia,Japan,Osaka,2,aespa,female,4,4,"SM,KAKAO",3,growing
12155.0,reported,arena,15000.0,Asia,Japan,Fukuoka,2,aespa,female,4,4,"SM,KAKAO",3,growing
,unreported,arena,14000.0,Asia,Hong Kong,Hong Kong,2,aespa,female,4,4,"SM,KAKAO",3,growing
,unreported,arena,15000.0,Asia,Taiwan,Taoyuan,3,aespa,female,4,4,"SM,KAKAO",3,growing
93639.0,reported,stadium,55000.0,Asia,Japan,Tokyo,2,aespa,female,4,4,"SM,KAKAO",3,growing
,unreported,arena,15000.0,Asia,Indonesia,Jakarta,1,aespa,female,4,4,"SM,KAKAO",3,growing
20053.0,reported,arena,18000.0,Oceania,Australia,Sydney,2,aespa,female,4,4,"SM,KAKAO",3,growing
10783.0,reported,arena,14820.0,Oceania,Australia,Melbourne,1,aespa,female,4,4,"SM,KAKAO",3,growing
,unreported,concert hall,,Asia,Macau,Macau,2,aespa,female,4,4,"SM,KAKAO",3,growing
,unreported,arena,12000.0,Asia,Thailand,Bangkok,2,aespa,female,4,4,"SM,KAKAO",3,growing
5134.0,reported,arena,7141.0,North America,United States,Kent,1,aespa,female,4,4,"SM,KAKAO",4,growing
11975.0,reported,arena,19596.0,North America,United States,Oakland,1,aespa,female,4,4,"SM,KAKAO",4,growing
12170.0,reported,arena,17500.0,North America,United States,Inglewood,1,aespa,female,4,4,"SM,KAKAO",4,growing
10287.0,reported,arena,26000.0,North America,Mexico,Mexico City,1,aespa,female,4,4,"SM,KAKAO",4,growing
10784.0,reported,arena,17030.0,North America,United States,Orlando,1,aespa,female,4,4,"SM,KAKAO",4,growing
11384.0,reported,arena,18504.0,North America,United States,Charlotte,1,aespa,female,4,4,"SM,KAKAO",4,growing
11504.0,reported,arena,17000.0,North America,United States,Newark,1,aespa,female,4,4,"SM,KAKAO",4,growing
10755.0,reported,arena,19800.0,North America,Canada,Toronto,1,aespa,female,4,4,"SM,KAKAO",4,growing
13077.0,reported,arena,23500.0,North America,United States,Chicago,1,aespa,female,4,4,"SM,KAKAO",4,growing
9192.0,reported,arena,12500.0,Europe,England,London,1,aespa,female,4,4,"SM,KAKAO",4,growing
,unreported,arena,9000.0,Europe,France,Paris,1,aespa,female,4,4,"SM,KAKAO",4,growing
4000.0,reported,concert hall,6000.0,Europe,Netherlands,Amsterdam,1,aespa,female,4,4,"SM,KAKAO",4,growing
3045.0,reported,concert hall,4800.0,Europe,Germany,Frankfurt,1,aespa,female,4,4,"SM,KAKAO",4,growing
8100.0,reported,arena,15000.0,Europe,Spain,Madrid,1,aespa,female,4,4,"SM,KAKAO",4,growing
19855.0,parcial,arena,15000.0,Asia,South Korea,Seoul,2,aespa,female,4,4,"SM,KAKAO",4,growing
29092.0,parcial,arena,15000.0,Asia,South Korea,Seoul,3,aespa,female,4,4,"SM,KAKAO",4,growing
,unreported,arena,15000.0,Asia,Japan,Fukuoka,2,aespa,female,4,4,"SM,KAKAO",4,growing
,unreported,arena,15000.0,Asia,Japan,Tokyo,3,aespa,female,4,4,"SM,KAKAO",4,growing
,unreported,arena,17000.0,Asia,Japan,Nagoya,2,aespa,female,4,4,"SM,KAKAO",4,growing
,unreported,arena,12898.0,Asia,Japan,Tokyo,2,aespa,female,4,4,"SM,KAKAO",4,growing
,unreported,arena,12000.0,Asia,Thailand,Bangkok,2,aespa,female,4,4,"SM,KAKAO",4,growing
,unreported,arena,16000.0,Asia,Japan,Osaka,2,aespa,female,4,4,"SM,KAKAO",5,growing
,unreported,arena,14000.0,Asia,Hong Kong,Hong Kong,2,aespa,female,4,4,"SM,KAKAO",5,growing
,unreported,arena,16000.0,Asia,Macau,Macau,2,aespa,female,4,4,"SM,KAKAO",5,growing
,unreported,concert hall,,Asia,Indonesia,Tangerang,1,aespa,female,4,4,"SM,KAKAO",5,growing
,unreported,stadium,55000.0,Asia,Japan,Osaka,2,aespa,female,4,4,"SM,KAKAO",5,growing
,unreported,stadium,55000.0,Asia,Japan,Tokyo,2,aespa,female,4,4,"SM,KAKAO",5,growing
,unreported,stadium,16744.0,Asia,South Korea,Seoul,2,aespa,female,4,4,"SM,KAKAO",5,growing
,unreported,stadium,59833.0,Asia,Taiwan,Taipei,1,aespa,female,4,4,"SM,KAKAO",5,growing
,unreported,stadium,40000.0,South America,Brazil,São Paulo,1,aespa,female,4,4,"SM,KAKAO",5,growing
,unreported,arena,15500.0,South America,Chile,Santiago,1,aespa,female,4,4,"SM,KAKAO",5,growing
,unreported,concert hall,30000.0,South America,Peru,Lima,1,aespa,female,4,4,"SM,KAKAO",5,growing
,unreported,arena,26000.0,North America,Mexico,Mexico City,1,aespa,female,4,4,"SM,KAKAO",5,growing
,unreported,arena,18000.0,North America,Canada,Hamilton,1,aespa,female,4,4,"SM,KAKAO",5,growing
5494.0,parcial,arena,19000.0,North America,United States,New York,1,aespa,female,4,4,"SM,KAKAO",5,growing
5060.0,parcial,arena,20356.0,North America,United States,Washington,1,aespa,female,4,4,"SM,KAKAO",5,growing
5806.0,parcial,arena,18000.0,North America,United States,Atlanta,1,aespa,female,4,4,"SM,KAKAO",5,growing
6767.0,parcial,arena,20000.0,North America,United States,Miami,1,aespa,female,4,4,"SM,KAKAO",5,growing
7430.0,unreported,arena,21000.0,North America,United States,Dallas,1,aespa,female,4,4,"SM,KAKAO",5,growing
9187.0,unreported,arena,18300.0,North America,United States,Inglewood,1,aespa,female,4,4,"SM,KAKAO",5,growing
,unreported,arena,19596.0,North America,United States,Oakland,1,aespa,female,4,4,"SM,KAKAO",5,growing
,unreported,arena,17200.0,North America,United States,Seattle,1,aespa,female,4,4,"SM,KAKAO",5,growing
,unreported,arena,19000.0,North America,Canada,Vancouver,1,aespa,female,4,4,"SM,KAKAO",5,growing
,unreported,arena,21000.0,Europe,England,Manchester,1,aespa,female,4,4,"SM,KAKAO",6,established
,unreported,arena,20000.0,Europe,England,London,1,aespa,female,4,4,"SM,KAKAO",6,established
,unreported,arena,17000.0,Europe,Netherlands,Amsterdam,1,aespa,female,4,4,"SM,KAKAO",6,established
,unreported,arena,16000.0,Europe,Sweden,Stockholm,1,aespa,female,4,4,"SM,KAKAO",6,established
,unreported,arena,17000.0,Europe,Denmark,Copenhagen,1,aespa,female,4,4,"SM,KAKAO",6,established
,unreported,arena,17000.0,Europe,Germany,Berlin,1,aespa,female,4,4,"SM,KAKAO",6,established
,unreported,arena,16000.0,Europe,Italy,Milan,1,aespa,female,4,4,"SM,KAKAO",6,established
,unreported,arena,17960.0,Europe,Spain,Barcelona,1,aespa,female,4,4,"SM,KAKAO",6,established
,unreported,arena,20300.0,Europe,France,Paris,1,aespa,female,4,4,"SM,KAKAO",6,established
16706.0,parcial,arena,15000.0,Asia,South Korea,Seoul,2,BABYMONSTER,female,5,7,YG,0,rookie
,unreported,arena,17000.0,North America,United States,Newark,1,BABYMONSTER,female,5,7,YG,0,rookie
,unreported,arena,17500.0,North America,United States,Inglewood,1,BABYMONSTER,female,5,7,YG,0,rookie
24918.0,reported,arena,12141.0,Asia,Japan,Yokohama,3,BABYMONSTER,female,5,7,YG,0,rookie
,unreported,concert hall,15000.0,Asia,Japan,Nagoya,2,BABYMONSTER,female,5,7,YG,0,rookie
,unreported,arena,16000.0,Asia,Japan,Osaka,2,BABYMONSTER,female,5,7,YG,1,rookie
40936.0,reported,arena,20000.0,Asia,Japan,Yokohama,3,BABYMONSTER,female,5,7,YG,1,rookie
,unreported,arena,10000.0,Asia,Japan,Fukuoka,2,BABYMONSTER,female,5,7,YG,1,rookie
,unreported,arena,9000.0,Asia,Singapore,Singapore,1,BABYMONSTER,female,5,7,YG,1,rookie
,unreported,arena,14000.0,Asia,Hong Kong,Hong Kong,2,BABYMONSTER,female,5,7,YG,1,rookie
,unreported,concert hall,2000.0,Asia,Vietnam,Ho Chi Minh City,1,BABYMONSTER,female,5,7,YG,1,rookie
,unreported,arena,12000.0,Asia,Thailand,Bangkok,2,BABYMONSTER,female,5,7,YG,1,rookie
,unreported,concert hall,,Asia,Indonesia,Tangerang,1,BABYMONSTER,female,5,7,YG,1,rookie
,unreported,arena,11000.0,Asia,Malaysia,Kuala Lumpur,1,BABYMONSTER,female,5,7,YG,1,rookie
,unreported,arena,15000.0,Asia,Taiwan,Taoyuan,2,BABYMONSTER,female,5,7,YG,1,rookie
,unreported,arena,19800.0,North America,Canada,Toronto,1,BABYMONSTER,female,5,7,YG,1,rookie
3636.0,reported,arena,22000.0,North America,United States,Rosemont,1,BABYMONSTER,female,5,7,YG,1,rookie
5083.0,reported,arena,18000.0,North America,United States,Atlanta,1,BABYMONSTER,female,5,7,YG,1,rookie
5886.0,reported,arena,14000.0,North America,United States,Fort Worth,1,BABYMONSTER,female,5,7,YG,1,rookie
6336.0,reported,arena,19596.0,North America,United States,Oakland,1,BABYMONSTER,female,5,7,YG,1,rookie
7085.0,reported,arena,17200.0,North America,United States,Seattle,1,BABYMONSTER,female,5,7,YG,1,rookie
21125.0,reported,stadium,65599.0,Asia,South Korea,Seoul,2,BLACKPINK,female,3,4,YG,2,rookie
29241.0,reported,arena,12000.0,Asia,Thailand,Bangkok,3,BLACKPINK,female,3,4,YG,2,rookie
16260.0,reported,concert hall,,Asia,Indonesia,Tangerang,2,BLACKPINK,female,3,4,YG,2,rookie
9690.0,reported,arena,14000.0,Asia,Hong Kong,Hong Kong,1,BLACKPINK,female,3,4,YG,2,rookie
8469.0,reported,arena,15000.0,Asia,Philippines,Pasay,1,BLACKPINK,female,3,4,YG,2,rookie
8076.0,reported,arena,9000.0,Asia,Singapore,Singapore,1,BLACKPINK,female,3,4,YG,2,rookie
15504.0,reported,arena,13000.0,Asia,Malaysia,Kuala Lumpur,2,BLACKPINK,female,3,4,YG,2,rookie
8774.0,reported,arena,15000.0,Asia,Taiwan,Taoyuan,1,BLACKPINK,female,3,4,YG,2,rookie
12245.0,reported,arena,17500.0,North America,United States,Inglewood,1,BLACKPINK,female,3,4,YG,2,rookie
11417.0,reported,arena,22000.0,North America,United States,Rosemont,1,BLACKPINK,female,3,4,YG,2,rookie
10704.0,reported,arena,18000.0,North America,Canada,Hamilton,1,BLACKPINK,female,3,4,YG,2,rookie
22944.0,reported,arena,17000.0,North America,United States,Newark,2,BLACKPINK,female,3,4,YG,2,rookie
9180.0,reported,arena,13100.0,North America,United States,Duluth,1,BLACKPINK,female,3,4,YG,2,rookie
9107.0,reported,arena,13500.0,North America,United States,Fort Worth,1,BLACKPINK,female,3,4,YG,2,rookie
,unreported,arena,13500.0,North America,United States,Fort Worth,1,BLACKPINK,female,3,4,YG,2,rookie
5272.0,reported,concert hall,6000.0,Europe,Netherlands,Amsterdam,1,BLACKPINK,female,3,4,YG,2,rookie
5424.0,reported,arena,21000.0,Europe,England,Manchester,1,BLACKPINK,female,3,4,YG,2,rookie
9968.0,reported,arena,12500.0,Europe,England,London,1,BLACKPINK,female,3,4,YG,2,rookie
7722.0,reported,arena,12000.0,Europe,Germany,Berlin,1,BLACKPINK,female,3,4,YG,2,rookie
6224.0,reported,arena,9000.0,Europe,France,Paris,1,BLACKPINK,female,3,4,YG,2,rookie
8344.0,reported,arena,17960.0,Europe,Spain,Barcelona,1,BLACKPINK,female,3,4,YG,2,rookie
10081.0,reported,arena,14000.0,Asia,Macau,Macau,1,BLACKPINK,female,3,4,YG,2,rookie
12173.0,reported,arena,14820.0,Oceania,Australia,Melbourne,1,BLACKPINK,female,3,4,YG,2,rookie
14317.0,reported,arena,18000.0,Oceania,Australia,Sydney,1,BLACKPINK,female,3,4,YG,2,rookie
28776.0,reported,arena,12000.0,Asia,Thailand,Bangkok,3,BLACKPINK,female,3,4,YG,2,rookie
50369.0,reported,stadium,55000.0,Asia,Japan,Tokyo,1,BLACKPINK,female,3,4,YG,3,growing
81931.0,reported,stadium,55000.0,Asia,Japan,Osaka,2,BLACKPINK,female,3,4,YG,3,growing
38846.0,reported,stadium,47500.0,Asia,Japan,Fukuoka,1,BLACKPINK,female,3,4,YG,3,growing
20060.0,reported,arena,15000.0,Asia,South Korea,Seoul,2,BLACKPINK,female,3,4,YG,6,established
23528.0,reported,arena,21000.0,North America,United States,Dallas,2,BLACKPINK,female,3,4,YG,6,established
23480.0,reported,arena,19000.0,North America,United States,Houston,2,BLACKPINK,female,3,4,YG,6,established
23434.0,reported,arena,18000.0,North America,United States,Atlanta,2,BLACKPINK,female,3,4,YG,6,established
23990.0,reported,arena,18000.0,North America,Canada,Hamilton,2,BLACKPINK,female,3,4,YG,6,established
25582.0,reported,arena,23500.0,North America,United States,Chicago,2,BLACKPINK,female,3,4,YG,6,established
23928.0,reported,arena,17000.0,North America,United States,Newark,2,BLACKPINK,female,3,4,YG,6,established
46295.0,reported,stadium,22000.0,North America,United States,Los Angeles,2,BLACKPINK,female,3,4,YG,6,established
35440.0,reported,arena,20000.0,Europe,England,London,2,BLACKPINK,female,3,4,YG,6,established
17208.0,reported,arena,17960.0,Europe,Spain,Barcelona,1,BLACKPINK,female,3,4,YG,6,established
15899.0,reported,arena,20000.0,Europe,Germany,Cologne,1,BLACKPINK,female,3,4,YG,6,established
30731.0,reported,arena,20300.0,Europe,France,Paris,2,BLACKPINK,female,3,4,YG,6,established
15525.0,reported,arena,17000.0,Europe,Denmark,Copenhagen,1,BLACKPINK,female,3,4,YG,6,established
26638.0,reported,arena,17000.0,Europe,Germany,Berlin,2,BLACKPINK,female,3,4,YG,6,established
14641.0,reported,arena,17000.0,Europe,Netherlands,Amsterdam,1,BLACKPINK,female,3,4,YG,6,established
66211.0,reported,stadium,35000.0,Asia,Thailand,Bangkok,2,BLACKPINK,female,3,4,YG,6,established
32312.0,reported,arena,14000.0,Asia,Hong Kong,Hong Kong,3,BLACKPINK,female,3,4,YG,6,established
26578.0,reported,concert hall,,Middle East,Saudi Arabia,Riyadh,1,BLACKPINK,female,3,4,YG,6,established
22209.0,reported,amphitheater,40000.0,Middle East,United Arab Emirates,Abu Dhabi,1,BLACKPINK,female,3,4,YG,6,established
62642.0,reported,stadium,90000.0,Asia,Malaysia,Kuala Lumpur,1,BLACKPINK,female,3,4,YG,6,established
113740.0,reported,stadium,77193.0,Asia,Indonesia,Jakarta,2,BLACKPINK,female,3,4,YG,6,established
101096.0,reported,stadium,55000.0,Asia,Taiwan,Kaohsiung,2,BLACKPINK,female,3,4,YG,6,established
92720.0,reported,arena,55000.0,Asia,Philippines,Bulacan,2,BLACKPINK,female,3,4,YG,6,established
100809.0,reported,stadium,55000.0,Asia,Japan,Tokyo,2,BLACKPINK,female,3,4,YG,6,established
113498.0,reported,stadium,65000.0,North America,Mexico,Mexico City,2,BLACKPINK,female,3,4,YG,6,established
97977.0,reported,stadium,55000.0,Asia,Singapore,Singapore,2,BLACKPINK,female,3,4,YG,6,established
23267.0,reported,arena,16000.0,Asia,Macau,Macau,2,BLACKPINK,female,3,4,YG,6,established
81108.0,reported,stadium,51560.0,Asia,Thailand,Bangkok,2,BLACKPINK,female,3,4,YG,6,established
81996.0,reported,stadium,55000.0,Asia,Japan,Osaka,2,BLACKPINK,female,3,4,YG,6,established
23145.0,reported,arena,14820.0,Oceania,Australia,Melbourne,2,BLACKPINK,female,3,4,YG,6,established
25926.0,reported,arena,18000.0,Oceania,Australia,Sydney,2,BLACKPINK,female,3,4,YG,6,established
,unreported,,,Oceania,New Zealand,Auckland,1,BLACKPINK,female,3,4,YG,6,established
52781.0,reported,stadium,81338.0,Europe,France,Paris,1,BLACKPINK,female,3,4,YG,6,established
67443.0,reported,stadium,50000.0,Asia,Vietnam,Hanoi,2,BLACKPINK,female,3,4,YG,6,established
96570.0,reported,stadium,82500.0,North America,United States,East Rutherford,2,BLACKPINK,female,3,4,YG,7,established
44171.0,reported,stadium,65000.0,North America,United States,Las Vegas,1,BLACKPINK,female,3,4,YG,7,established
38390.0,reported,stadium,45000.0,North America,United States,San Francisco,1,BLACKPINK,female,3,4,YG,7,established
48824.0,reported,stadium,56000.0,North America,United States,Los Angeles,1,BLACKPINK,female,3,4,YG,7,established
35391.0,reported,stadium,16744.0,Asia,South Korea,Seoul,2,BLACKPINK,female,3,4,YG,7,established
75340.0,parcial,stadium,41311.0,Asia,South Korea,Goyang,2,BLACKPINK,female,3,4,YG,8,established
89981.0,parcial,stadium,70240.0,North America,United States,Inglewood,2,BLACKPINK,female,3,4,YG,8,established
48915.0,parcial,stadium,62500.0,North America,United States,Chicago,1,BLACKPINK,female,3,4,YG,8,established
,unreported,stadium,50000.0,North America,Canada,Toronto,2,BLACKPINK,female,3,4,YG,8,established
73608.0,parcial,stadium,41922.0,North America,United States,New York,2,BLACKPINK,female,3,4,YG,8,established
,unreported,stadium,81338.0,Europe,France,Paris,2,BLACKPINK,female,3,4,YG,8,established
,unreported,stadium,80000.0,Europe,Italy,Milan,1,BLACKPINK,female,3,4,YG,8,established
,unreported,stadium,55926.0,Europe,Spain,Barcelona,1,BLACKPINK,female,3,4,YG,9,established
,unreported,stadium,90000.0,Europe,England,London,2,BLACKPINK,female,3,4,YG,9,established
,unreported,stadium,55000.0,Asia,Taiwan,Kaohsiung,2,BLACKPINK,female,3,4,YG,9,established
,unreported,stadium,51560.0,Asia,Thailand,Bangkok,3,BLACKPINK,female,3,4,YG,9,established
,unreported,stadium,77193.0,Asia,Indonesia,Jakarta,2,BLACKPINK,female,3,4,YG,9,established
,unreported,arena,55000.0,Asia,Philippines,Bulacan,2,BLACKPINK,female,3,4,YG,9,established
,unreported,stadium,55000.0,Asia,Singapore,Singapore,3,BLACKPINK,female,3,4,YG,9,established
,unreported,stadium,55000.0,Asia,Japan,Tokyo,3,BLACKPINK,female,3,4,YG,9,established
,unreported,stadium,45995.0,Asia,Hong Kong,Hong Kong,3,BLACKPINK,female,3,4,YG,9,established
9869.0,missing,arena,11069.0,Asia,South Korea,Seoul,2,i-dle,female,4,5,Cube,5,growing
,unreported,stadium,13000.0,Asia,Taiwan,Taipei,2,i-dle,female,4,5,Cube,5,growing
,unreported,concert hall,3500.0,Asia,Thailand,Bangkok,1,i-dle,female,4,5,Cube,5,growing
,unreported,arena,14000.0,Asia,Hong Kong,Hong Kong,2,i-dle,female,4,5,Cube,5,growing
5244.0,reported,arena,8500.0,North America,United States,San Francisco,1,i-dle,female,4,5,Cube,5,growing
6360.0,reported,arena,7100.0,North America,United States,Los Angeles,1,i-dle,female,4,5,Cube,5,growing
,unreported,concert hall,6350.0,North America,United States,Grand Prairie,1,i-dle,female,4,5,Cube,5,growing
5175.0,reported,theater,5600.0,North America,United States,New York,1,i-dle,female,4,5,Cube,5,growing
2732.0,unreported,theater,4665.0,North America,United States,Atlanta,1,i-dle,female,4,5,Cube,5,growing
4292.0,reported,theater,4400.0,North America,United States,Rosemont,1,i-dle,female,4,5,Cube,5,growing
9438.0,unreported,arena,12500.0,Europe,England,London,1,i-dle,female,4,5,Cube,5,growing
,unreported,concert hall,6000.0,Europe,Netherlands,Amsterdam,1,i-dle,female,4,5,Cube,5,growing
,unreported,arena,9000.0,Europe,France,Paris,1,i-dle,female,4,5,Cube,5,growing
8232.0,reported,arena,8400.0,Europe,Belgium,Brussels,1,i-dle,female,4,5,Cube,5,growing
,unreported,concert hall,4500.0,Europe,Germany,Berlin,2,i-dle,female,4,5,Cube,5,growing
,unreported,concert hall,2448.0,Asia,Japan,Tokyo,2,i-dle,female,4,5,Cube,5,growing
,unreported,arena,16000.0,Asia,Macau,Macau,2,i-dle,female,4,5,Cube,5,growing
,unreported,arena,9000.0,Asia,Singapore,Singapore,1,i-dle,female,4,5,Cube,5,growing
15425.0,parcial,arena,15000.0,Asia,South Korea,Seoul,2,i-dle,female,4,5,Cube,6,established
,unreported,arena,14000.0,Asia,Hong Kong,Hong Kong,3,i-dle,female,4,5,Cube,6,established
5322.0,parcial,arena,21000.0,North America,United States,Tacoma,1,i-dle,female,4,5,Cube,6,established
,unreported,arena,19596.0,North America,United States,Oakland,1,i-dle,female,4,5,Cube,6,established
7177.0,parcial,theater,10935.0,North America,United States,Anaheim,1,i-dle,female,4,5,Cube,6,established
,unreported,arena,19000.0,North America,United States,Houston,1,i-dle,female,4,5,Cube,6,established
7027.0,parcial,arena,22000.0,North America,United States,Rosemont,1,i-dle,female,4,5,Cube,6,established
5475.0,parcial,arena,19000.0,North America,United States,New York,1,i-dle,female,4,5,Cube,6,established
,unreported,stadium,13000.0,Asia,Taiwan,Taipei,3,i-dle,female,4,5,Cube,6,established
,unreported,arena,12000.0,Asia,Thailand,Bangkok,1,i-dle,female,4,5,Cube,6,established
,unreported,arena,16000.0,Asia,Macau,Macau,3,i-dle,female,4,5,Cube,6,established
,unreported,arena,14820.0,Oceania,Australia,Melbourne,1,i-dle,female,4,5,Cube,6,established
,unreported,arena,18000.0,Oceania,Australia,Sydney,1,i-dle,female,4,5,Cube,6,established
,unreported,arena,15000.0,Asia,Japan,Tokyo,2,i-dle,female,4,5,Cube,8,established
5266.0,parcial,arena,6500.0,Asia,South Korea,Seoul,2,ITZY,female,4,5,JYP,3,growing
,unreported,theater,6000.0,North America,United States,Inglewood,1,ITZY,female,4,5,JYP,3,growing
,unreported,theater,5000.0,North America,United States,Phoenix,1,ITZY,female,4,5,JYP,3,growing
,unreported,theater,4000.0,North America,United States,Irving,1,ITZY,female,4,5,JYP,3,growing
,unreported,concert hall,6400.0,North America,United States,Sugar Land,1,ITZY,female,4,5,JYP,3,growing
,unreported,theater,4665.0,North America,United States,Atlanta,1,ITZY,female,4,5,JYP,3,growing
,unreported,theater,4400.0,North America,United States,Rosemont,1,ITZY,female,4,5,JYP,3,growing
,unreported,concert hall,5007.0,North America,United States,Boston,1,ITZY,female,4,5,JYP,3,growing
,unreported,theater,5600.0,North America,United States,New York,1,ITZY,female,4,5,JYP,3,growing
,unreported,arena,15000.0,Asia,Philippines,Pasay,2,ITZY,female,4,5,JYP,3,growing
,unreported,concert hall,5000.0,Asia,Singapore,Singapore,1,ITZY,female,4,5,JYP,3,growing
,unreported,arena,3750.0,Asia,Indonesia,Jakarta,1,ITZY,female,4,5,JYP,3,growing
,unreported,arena,,Asia,Japan,Chiba,2,ITZY,female,4,5,JYP,4,growing
,unreported,arena,15000.0,Asia,Taiwan,Taoyuan,1,ITZY,female,4,5,JYP,4,growing
,unreported,arena,14000.0,Asia,Hong Kong,Hong Kong,2,ITZY,female,4,5,JYP,4,growing
,unreported,concert hall,3500.0,Asia,Thailand,Bangkok,1,ITZY,female,4,5,JYP,4,growing
7406.0,missing,arena,11069.0,Asia,South Korea,Seoul,2,ITZY,female,4,5,JYP,5,growing
,unreported,arena,12000.0,Asia,Thailand,Bangkok,1,ITZY,female,4,5,JYP,5,growing
5108.0,reported,arena,13280.0,Oceania,New Zealand,Auckland,1,ITZY,female,4,5,JYP,5,growing
,unreported,concert hall,2500.0,Oceania,Australia,Sydney,1,ITZY,female,4,5,JYP,5,growing
,unreported,arena,7500.0,Oceania,Australia,Melbourne,1,ITZY,female,4,5,JYP,5,growing
,unreported,arena,9000.0,Asia,Singapore,Singapore,1,ITZY,female,4,5,JYP,5,growing
5639.0,reported,theater,7500.0,North America,Mexico,Mexico City,1,ITZY,female,4,5,JYP,5,growing
13101.0,reported,arena,15500.0,South America,Chile,Santiago,1,ITZY,female,4,5,JYP,5,growing
,unreported,arena,12500.0,Europe,England,London,1,ITZY,female,4,5,JYP,5,growing
,unreported,arena,9000.0,Europe,France,Paris,1,ITZY,female,4,5,JYP,5,growing
,unreported,arena,12000.0,Europe,Germany,Berlin,1,ITZY,female,4,5,JYP,5,growing
,unreported,concert hall,6000.0,Europe,Netherlands,Amsterdam,1,ITZY,female,4,5,JYP,5,growing
,unreported,arena,14000.0,Europe,Spain,Madrid,1,ITZY,female,4,5,JYP,5,growing
,unreported,arena,12898.0,Asia,Japan,Tokyo,3,ITZY,female,4,5,JYP,5,growing
,unreported,arena,16000.0,Asia,Japan,Osaka,1,ITZY,female,4,5,JYP,5,growing
,unreported,concert hall,7000.0,North America,United States,Seattle,1,ITZY,female,4,5,JYP,5,growing
,unreported,arena,19596.0,North America,United States,Oakland,1,ITZY,female,4,5,JYP,5,growing
,unreported,arena,17500.0,North America,United States,Inglewood,1,ITZY,female,4,5,JYP,5,growing
,unreported,concert hall,6400.0,North America,United States,Sugar Land,1,ITZY,female,4,5,JYP,5,growing
,unreported,theater,4000.0,North America,United States,Irving,1,ITZY,female,4,5,JYP,5,growing
4098.0,reported,theater,4665.0,North America,United States,Atlanta,1,ITZY,female,4,5,JYP,5,growing
6688.0,reported,arena,15000.0,North America,United States,Fairfax,1,ITZY,female,4,5,JYP,5,growing
8040.0,reported,arena,17000.0,North America,United States,Newark,1,ITZY,female,4,5,JYP,5,growing
,unreported,theater,4400.0,North America,United States,Rosemont,1,ITZY,female,4,5,JYP,5,growing
,unreported,concert hall,,North America,Canada,Toronto,2,ITZY,female,4,5,JYP,5,growing
,unreported,stadium,13000.0,Asia,Taiwan,Taipei,1,ITZY,female,4,5,JYP,5,growing
,unreported,arena,15000.0,Asia,Philippines,Pasay,1,ITZY,female,4,5,JYP,5,growing
,unreported,arena,14000.0,Asia,Hong Kong,Hong Kong,1,ITZY,female,4,5,JYP,5,growing
12334.0,parcial,arena,11069.0,Asia,South Korea,Seoul,3,ITZY,female,4,5,JYP,7,established
,unreported,arena,10300.0,Oceania,Australia,Melbourne,1,ITZY,female,4,5,JYP,7,established
,unreported,concert hall,2500.0,Oceania,Australia,Sydney,1,ITZY,female,4,5,JYP,7,established
,unreported,arena,13280.0,Oceania,New Zealand,Auckland,1,ITZY,female,4,5,JYP,7,established
,unreported,arena,10000.0,Asia,Japan,Tokyo,2,ITZY,female,4,5,JYP,7,established
,unreported,arena,14000.0,Asia,Hong Kong,Hong Kong,1,ITZY,female,4,5,JYP,7,established
,unreported,arena,15000.0,Asia,Taiwan,Kaohsiung,1,ITZY,female,4,5,JYP,7,established
,unreported,arena,12000.0,Asia,Thailand,Bangkok,1,ITZY,female,4,5,JYP,7,established
,unreported,arena,15000.0,Asia,Philippines,Pasay,1,ITZY,female,4,5,JYP,7,established
9989.0,reported,arena,11069.0,Asia,South Korea,Seoul,2,IVE,female,4,6,"Starship,KAKAO",1,rookie
24387.0,reported,arena,20000.0,Asia,Japan,Yokohama,2,IVE,female,4,6,"Starship,KAKAO",1,rookie
,unreported,arena,12000.0,Asia,Thailand,Bangkok,1,IVE,female,4,6,"Starship,KAKAO",2,rookie
18851.0,reported,arena,15000.0,Asia,Japan,Fukuoka,2,IVE,female,4,6,"Starship,KAKAO",2,rookie
20748.0,reported,arena,16000.0,Asia,Japan,Osaka,2,IVE,female,4,6,"Starship,KAKAO",2,rookie
,unreported,arena,11000.0,Asia,Malaysia,Kuala Lumpur,1,IVE,female,4,6,"Starship,KAKAO",2,rookie
,unreported,arena,9000.0,Asia,Singapore,Singapore,1,IVE,female,4,6,"Starship,KAKAO",2,rookie
,unreported,arena,15000.0,Asia,Taiwan,Taoyuan,2,IVE,female,4,6,"Starship,KAKAO",2,rookie
,unreported,arena,17500.0,North America,United States,Inglewood,1,IVE,female,4,6,"Starship,KAKAO",2,rookie
12063.0,reported,arena,19596.0,North America,United States,Oakland,1,IVE,female,4,6,"Starship,KAKAO",2,rookie
7320.0,reported,arena,14000.0,North America,United States,Fort Worth,1,IVE,female,4,6,"Starship,KAKAO",2,rookie
7154.0,reported,arena,18000.0,North America,United States,Atlanta,1,IVE,female,4,6,"Starship,KAKAO",2,rookie
7438.0,reported,arena,22000.0,North America,United States,Rosemont,1,IVE,female,4,6,"Starship,KAKAO",2,rookie
11617.0,reported,arena,17000.0,North America,United States,Newark,1,IVE,female,4,6,"Starship,KAKAO",2,rookie
,unreported,arena,20300.0,Europe,France,Paris,1,IVE,female,4,6,"Starship,KAKAO",2,rookie
,unreported,arena,17960.0,Europe,Spain,Barcelona,1,IVE,female,4,6,"Starship,KAKAO",2,rookie
,unreported,arena,17000.0,Europe,Germany,Berlin,1,IVE,female,4,6,"Starship,KAKAO",2,rookie
,unreported,arena,17000.0,Europe,Netherlands,Amsterdam,1,IVE,female,4,6,"Starship,KAKAO",2,rookie
,unreported,arena,20000.0,Europe,England,London,1,IVE,female,4,6,"Starship,KAKAO",2,rookie
,unreported,arena,26000.0,North America,Mexico,Mexico City,1,IVE,female,4,6,"Starship,KAKAO",2,rookie
,unreported,concert hall,8000.0,South America,Brazil,São Paulo,1,IVE,female,4,6,"Starship,KAKAO",2,rookie
6414.0,reported,arena,15500.0,South America,Chile,Santiago,1,IVE,female,4,6,"Starship,KAKAO",2,rookie
,unreported,arena,14000.0,Asia,Hong Kong,Hong Kong,2,IVE,female,4,6,"Starship,KAKAO",2,rookie
,unreported,arena,15000.0,Asia,Philippines,Pasay,1,IVE,female,4,6,"Starship,KAKAO",2,rookie
,unreported,arena,14820.0,Oceania,Australia,Melbourne,1,IVE,female,4,6,"Starship,KAKAO",2,rookie
12181.0,reported,arena,18000.0,Oceania,Australia,Sydney,1,IVE,female,4,6,"Starship,KAKAO",2,rookie
16776.0,parcial,arena,15000.0,Asia,South Korea,Seoul,2,IVE,female,4,6,"Starship,KAKAO",3,growing
,unreported,concert hall,,Asia,Indonesia,Tangerang,1,IVE,female,4,6,"Starship,KAKAO",3,growing
,unreported,stadium,55000.0,Asia,Japan,Tokyo,2,IVE,female,4,6,"Starship,KAKAO",3,growing
28543.0,parcial,arena,15000.0,Asia,South Korea,Seoul,3,IVE,female,4,6,"Starship,KAKAO",3,growing
,unreported,arena,11000.0,Asia,Malaysia,Kuala Lumpur,1,IVE,female,4,6,"Starship,KAKAO",4,growing
,unreported,stadium,55000.0,Asia,Japan,Osaka,2,IVE,female,4,6,"Starship,KAKAO",4,growing
,unreported,arena,15000.0,Asia,Philippines,Pasay,1,IVE,female,4,6,"Starship,KAKAO",4,growing
,unreported,arena,9000.0,Asia,Singapore,Singapore,1,IVE,female,4,6,"Starship,KAKAO",4,growing
,unreported,arena,14000.0,Asia,Macau,Macau,2,IVE,female,4,6,"Starship,KAKAO",4,growing
,unreported,arena,18000.0,Oceania,Australia,Sydney,1,IVE,female,4,6,"Starship,KAKAO",4,growing
,unreported,arena,14820.0,Oceania,Australia,Melbourne,1,IVE,female,4,6,"Starship,KAKAO",4,growing
,unreported,arena,13280.0,Oceania,New Zealand,Auckland,1,IVE,female,4,6,"Starship,KAKAO",4,growing
,unreported,stadium,55000.0,Asia,Japan,Tokyo,1,IVE,female,4,6,"Starship,KAKAO",4,growing
8237.0,parcial,arena,19800.0,North America,Canada,Toronto,1,IVE,female,4,6,"Starship,KAKAO",4,growing
9373.0,parcial,arena,15000.0,North America,Canada,Montreal,1,IVE,female,4,6,"Starship,KAKAO",4,growing
7348.0,parcial,arena,17000.0,North America,United States,Newark,1,IVE,female,4,6,"Starship,KAKAO",4,growing
4456.0,parcial,arena,16223.0,North America,United States,Austin,1,IVE,female,4,6,"Starship,KAKAO",4,growing
7745.0,parcial,arena,17500.0,North America,United States,Inglewood,1,IVE,female,4,6,"Starship,KAKAO",4,growing
6645.0,parcial,arena,19596.0,North America,United States,Oakland,1,IVE,female,4,6,"Starship,KAKAO",4,growing
8055.0,parcial,arena,17200.0,North America,United States,Seattle,1,IVE,female,4,6,"Starship,KAKAO",4,growing
8434.0,parcial,arena,19000.0,North America,Canada,Vancouver,1,IVE,female,4,6,"Starship,KAKAO",4,growing
,unreported,arena,14000.0,Asia,Hong Kong,Hong Kong,2,IVE,female,4,6,"Starship,KAKAO",4,growing
,unreported,stadium,13000.0,Asia,Taiwan,Taipei,2,IVE,female,4,6,"Starship,KAKAO",4,growing
10503.0,reported,arena,11069.0,Asia,South Korea,Seoul,2,LE SSERAFIM,female,4,5,"Source Music,HYBE",1,rookie
17009.0,reported,arena,10000.0,Asia,Japan,Nagoya,2,LE SSERAFIM,female,4,5,"Source Music,HYBE",1,rookie
24348.0,reported,arena,12898.0,Asia,Japan,Tokyo,2,LE SSERAFIM,female,4,5,"Source Music,HYBE",1,rookie
20056.0,reported,arena,16000.0,Asia,Japan,Osaka,2,LE SSERAFIM,female,4,5,"Source Music,HYBE",1,rookie
11200.0,reported,arena,14000.0,Asia,Hong Kong,Hong Kong,2,LE SSERAFIM,female,4,5,"Source Music,HYBE",1,rookie
2625.0,reported,theater,2500.0,Asia,Indonesia,Jakarta,1,LE SSERAFIM,female,4,5,"Source Music,HYBE",1,rookie
,unreported,concert hall,3500.0,Asia,Thailand,Bangkok,2,LE SSERAFIM,female,4,5,"Source Music,HYBE",1,rookie
8507.0,reported,arena,15000.0,Asia,South Korea,Incheon,2,LE SSERAFIM,female,4,5,"Source Music,HYBE",2,rookie
14161.0,reported,concert hall,15000.0,Asia,Japan,Nagoya,2,LE SSERAFIM,female,4,5,"Source Music,HYBE",3,growing
16340.0,reported,arena,16000.0,Asia,Japan,Osaka,2,LE SSERAFIM,female,4,5,"Source Music,HYBE",3,growing
16722.0,reported,concert hall,,Asia,Japan,Fukuoka,2,LE SSERAFIM,female,4,5,"Source Music,HYBE",3,growing
52947.0,reported,arena,22500.0,Asia,Japan,Saitama,3,LE SSERAFIM,female,4,5,"Source Music,HYBE",3,growing
18333.0,reported,arena,15000.0,Asia,Taiwan,Taoyuan,2,LE SSERAFIM,female,4,5,"Source Music,HYBE",3,growing
19584.0,reported,arena,14000.0,Asia,Hong Kong,Hong Kong,2,LE SSERAFIM,female,4,5,"Source Music,HYBE",3,growing
9043.0,reported,arena,15000.0,Asia,Philippines,Pasay,1,LE SSERAFIM,female,4,5,"Source Music,HYBE",3,growing
8696.0,reported,concert hall,3500.0,Asia,Thailand,Bangkok,2,LE SSERAFIM,female,4,5,"Source Music,HYBE",3,growing
6717.0,reported,arena,9000.0,Asia,Singapore,Singapore,1,LE SSERAFIM,female,4,5,"Source Music,HYBE",3,growing
10178.0,reported,arena,17000.0,North America,United States,Newark,1,LE SSERAFIM,female,4,5,"Source Music,HYBE",3,growing
5798.0,reported,arena,10387.0,North America,United States,Chicago,1,LE SSERAFIM,female,4,5,"Source Music,HYBE",3,growing
3469.0,reported,concert hall,6350.0,North America,United States,Grand Prairie,1,LE SSERAFIM,female,4,5,"Source Music,HYBE",3,growing
11385.0,reported,arena,17500.0,North America,United States,Inglewood,1,LE SSERAFIM,female,4,5,"Source Music,HYBE",3,growing
4701.0,reported,arena,8500.0,North America,United States,San Francisco,1,LE SSERAFIM,female,4,5,"Source Music,HYBE",3,growing
12335.0,reported,arena,17200.0,North America,United States,Seattle,1,LE SSERAFIM,female,4,5,"Source Music,HYBE",3,growing
7540.0,reported,arena,12000.0,North America,United States,Las Vegas,1,LE SSERAFIM,female,4,5,"Source Music,HYBE",3,growing
13189.0,reported,arena,22300.0,North America,Mexico,Mexico City,1,LE SSERAFIM,female,4,5,"Source Music,HYBE",3,growing
73236.0,reported,stadium,55000.0,Asia,Japan,Tokyo,2,LE SSERAFIM,female,4,5,"Source Music,HYBE",3,growing
10474.0,reported,arena,11069.0,Asia,South Korea,Seoul,2,LE SSERAFIM,female,4,5,"Source Music,HYBE",3,growing
,unreported,arena,15000.0,Asia,South Korea,Incheon,2,LE SSERAFIM,female,4,5,"Source Music,HYBE",4,growing
,unreported,arena,16000.0,Asia,Japan,Osaka,2,LE SSERAFIM,female,4,5,"Source Music,HYBE",4,growing
,unreported,arena,17000.0,Asia,Japan,Yokohama,3,LE SSERAFIM,female,4,5,"Source Music,HYBE",4,growing
,unreported,arena,10000.0,Asia,Japan,Shizuoka,2,LE SSERAFIM,female,4,5,"Source Music,HYBE",4,growing
,unreported,arena,7063.0,Asia,Japan,Miyagi,2,LE SSERAFIM,female,4,5,"Source Music,HYBE",4,growing
,unreported,arena,15000.0,Asia,Japan,Fukuoka,2,LE SSERAFIM,female,4,5,"Source Music,HYBE",4,growing
,unreported,stadium,20000.0,North America,United States,Los Angeles,1,LE SSERAFIM,female,4,5,"Source Music,HYBE",4,growing
,unreported,arena,21000.0,North America,United States,Tacoma,1,LE SSERAFIM,female,4,5,"Source Music,HYBE",4,growing
,unreported,arena,19190.0,North America,United States,San Jose,1,LE SSERAFIM,female,4,5,"Source Music,HYBE",4,growing
,unreported,arena,12565.0,North America,United States,Phoenix,1,LE SSERAFIM,female,4,5,"Source Music,HYBE",4,growing
,unreported,arena,14000.0,North America,United States,Fort Worth,1,LE SSERAFIM,female,4,5,"Source Music,HYBE",4,growing
,unreported,arena,17030.0,North America,United States,Orlando,1,LE SSERAFIM,female,4,5,"Source Music,HYBE",4,growing
,unreported,arena,23500.0,North America,United States,Chicago,1,LE SSERAFIM,female,4,5,"Source Music,HYBE",4,growing
,unreported,arena,20356.0,North America,United States,Washington,1,LE SSERAFIM,female,4,5,"Source Music,HYBE",4,growing
,unreported,arena,17000.0,North America,United States,Newark,1,LE SSERAFIM,female,4,5,"Source Music,HYBE",4,growing
,unreported,arena,20000.0,Europe,England,London,1,LE SSERAFIM,female,4,5,"Source Music,HYBE",4,growing
,unreported,arena,17000.0,Europe,Netherlands,Amsterdam,1,LE SSERAFIM,female,4,5,"Source Music,HYBE",4,growing
,unreported,arena,20300.0,Europe,France,Paris,1,LE SSERAFIM,female,4,5,"Source Music,HYBE",4,growing
,unreported,arena,17000.0,Europe,Denmark,Copenhagen,1,LE SSERAFIM,female,4,5,"Source Music,HYBE",4,growing
,unreported,arena,17000.0,Europe,Germany,Berlin,1,LE SSERAFIM,female,4,5,"Source Music,HYBE",4,growing
,unreported,arena,15000.0,Asia,Taiwan,Taoyuan,2,LE SSERAFIM,female,4,5,"Source Music,HYBE",4,growing
,unreported,arena,9000.0,Asia,Singapore,Singapore,1,LE SSERAFIM,female,4,5,"Source Music,HYBE",4,growing
,unreported,arena,15000.0,Asia,Philippines,Pasay,2,LE SSERAFIM,female,4,5,"Source Music,HYBE",4,growing
67865.0,reported,stadium,31552.0,Asia,Japan,Saitama,2,MISMAO,female,3,3,JYP,1,rookie
79230.0,reported,stadium,55000.0,Asia,Japan,Osaka,2,MISMAO,female,3,3,JYP,1,rookie
98449.0,reported,stadium,55000.0,Asia,Japan,Tokyo,2,MISMAO,female,3,3,JYP,1,rookie
11574.0,parcial,arena,15000.0,Asia,South Korea,Incheon,2,NMIXX,female,4,6,JYP,3,growing
,unreported,arena,14000.0,Europe,Spain,Madrid,1,NMIXX,female,4,6,JYP,4,growing
,unreported,concert hall,6000.0,Europe,Netherlands,Amsterdam,1,NMIXX,female,4,6,JYP,4,growing
,unreported,concert hall,2000.0,Europe,France,Paris,1,NMIXX,female,4,6,JYP,4,growing
,unreported,concert hall,4800.0,Europe,Germany,Frankfurt,1,NMIXX,female,4,6,JYP,4,growing
,unreported,concert hall,5039.0,Europe,England,London,1,NMIXX,female,4,6,JYP,4,growing
,unreported,concert hall,,North America,Canada,Toronto,1,NMIXX,female,4,6,JYP,4,growing
,unreported,theater,2700.0,North America,United States,New York,1,NMIXX,female,4,6,JYP,4,growing
2808.0,parcial,theater,,North America,United States,Oxon Hill,1,NMIXX,female,4,6,JYP,4,growing
3738.0,parcial,theater,4000.0,North America,United States,Irving,1,NMIXX,female,4,6,JYP,4,growing
3040.0,parcial,concert hall,3040.0,North America,United States,Oakland,1,NMIXX,female,4,6,JYP,4,growing
5428.0,parcial,theater,6000.0,North America,United States,Inglewood,1,NMIXX,female,4,6,JYP,4,growing
,unreported,arena,6000.0,Asia,Thailand,Bangkok,1,NMIXX,female,4,6,JYP,4,growing
,unreported,concert hall,5000.0,Asia,Singapore,Singapore,1,NMIXX,female,4,6,JYP,4,growing
,unreported,arena,15000.0,Asia,Taiwan,Kaohsiung,1,NMIXX,female,4,6,JYP,4,growing
,unreported,arena,14000.0,Asia,Hong Kong,Hong Kong,1,NMIXX,female,4,6,JYP,4,growing
,unreported,arena,10000.0,Asia,Japan,Tokyo,2,NMIXX,female,4,6,JYP,4,growing
23622.0,reported,arena,15000.0,Asia,South Korea,Seoul,2,TWICE,female,3,9,JYP,3,growing
8044.0,reported,arena,12000.0,Asia,Thailand,Bangkok,1,TWICE,female,3,9,JYP,3,growing
8594.0,reported,arena,15000.0,Asia,Philippines,Pasay,1,TWICE,female,3,9,JYP,3,growing
8514.0,reported,arena,9000.0,Asia,Singapore,Singapore,1,TWICE,female,3,9,JYP,3,growing
11827.0,reported,arena,17500.0,North America,United States,Inglewood,1,TWICE,female,3,9,JYP,3,growing
7942.0,reported,arena,26000.0,North America,Mexico,Mexico City,1,TWICE,female,3,9,JYP,3,growing
10297.0,reported,arena,17000.0,North America,United States,Newark,1,TWICE,female,3,9,JYP,3,growing
5911.0,reported,arena,10387.0,North America,United States,Chicago,1,TWICE,female,3,9,JYP,3,growing
8113.0,reported,arena,11000.0,Asia,Malaysia,Kuala Lumpur,1,TWICE,female,3,9,JYP,3,growing
8753.0,reported,arena,10024.0,Asia,Japan,Sapporo,1,TWICE,female,3,9,JYP,4,growing
42158.0,reported,arena,,Asia,Japan,Chiba,3,TWICE,female,3,9,JYP,4,growing
23860.0,reported,arena,16000.0,Asia,Japan,Osaka,2,TWICE,female,3,9,JYP,4,growing
12866.0,reported,arena,7063.0,Asia,Japan,Miyagi,2,TWICE,female,3,9,JYP,4,growing
18000.0,reported,concert hall,15000.0,Asia,Japan,Nagoya,3,TWICE,female,3,9,JYP,4,growing
23646.0,reported,arena,15000.0,Asia,Japan,Fukuoka,2,TWICE,female,3,9,JYP,4,growing
20000.0,reported,arena,10000.0,Asia,Japan,Shizuoka,2,TWICE,female,3,9,JYP,4,growing
,unreported,stadium,55000.0,Asia,Japan,Tokyo,2,TWICE,female,3,9,JYP,4,growing
,unreported,stadium,55000.0,Asia,Japan,Osaka,2,TWICE,female,3,9,JYP,4,growing
,unreported,arena,15000.0,Asia,South Korea,Seoul,1,TWICE,female,3,9,JYP,6,established
8874.0,reported,arena,15000.0,Asia,South Korea,Seoul,2,TWICE,female,3,9,JYP,6,established
25507.0,reported,arena,17500.0,North America,United States,Inglewood,2,TWICE,female,3,9,JYP,6,established
12891.0,reported,arena,19596.0,North America,United States,Oakland,1,TWICE,female,3,9,JYP,6,established
10357.0,reported,arena,14000.0,North America,United States,Fort Worth,1,TWICE,female,3,9,JYP,6,established
11596.0,reported,arena,18000.0,North America,United States,Atlanta,1,TWICE,female,3,9,JYP,6,established
26768.0,reported,arena,19000.0,North America,United States,New York,2,TWICE,female,3,9,JYP,6,established
146961.0,reported,stadium,55000.0,Asia,Japan,Tokyo,3,TWICE,female,3,9,JYP,6,established
46710.0,reported,stadium,22000.0,North America,United States,Los Angeles,2,TWICE,female,3,9,JYP,6,established
24178.0,reported,arena,12898.0,Asia,Japan,Tokyo,2,TWICE,female,3,9,JYP,6,established
34704.0,reported,arena,16000.0,Asia,Japan,Osaka,3,TWICE,female,3,9,JYP,6,established
16329.0,reported,arena,15000.0,Asia,South Korea,Seoul,2,TWICE,female,3,9,JYP,7,established
22919.0,reported,arena,18000.0,Oceania,Australia,Sydney,2,TWICE,female,3,9,JYP,7,established
22581.0,reported,arena,14820.0,Oceania,Australia,Melbourne,2,TWICE,female,3,9,JYP,7,established
102239.0,reported,stadium,47853.0,Asia,Japan,Osaka,2,TWICE,female,3,9,JYP,7,established
108131.0,reported,stadium,49970.0,Asia,Japan,Tokyo,2,TWICE,female,3,9,JYP,7,established
48345.0,reported,stadium,70240.0,North America,United States,Inglewood,1,TWICE,female,3,9,JYP,7,established
23703.0,reported,arena,19596.0,North America,United States,Oakland,2,TWICE,female,3,9,JYP,7,established
18023.0,reported,arena,21000.0,North America,United States,Tacoma,1,TWICE,female,3,9,JYP,7,established
24925.0,reported,stadium,40300.0,North America,United States,Arlington,1,TWICE,female,3,9,JYP,7,established
19605.0,reported,arena,19000.0,North America,United States,Houston,2,TWICE,female,3,9,JYP,7,established
22263.0,reported,arena,23500.0,North America,United States,Chicago,2,TWICE,female,3,9,JYP,7,established
27648.0,reported,arena,19800.0,North America,Canada,Toronto,2,TWICE,female,3,9,JYP,7,established
47907.0,reported,stadium,82500.0,North America,United States,East Rutherford,1,TWICE,female,3,9,JYP,7,established
28568.0,reported,stadium,41108.0,North America,United States,Atlanta,1,TWICE,female,3,9,JYP,7,established
18258.0,reported,arena,9000.0,Asia,Singapore,Singapore,2,TWICE,female,3,9,JYP,7,established
28148.0,reported,arena,20000.0,Europe,England,London,2,TWICE,female,3,9,JYP,7,established
13523.0,reported,arena,20300.0,Europe,France,Paris,1,TWICE,female,3,9,JYP,7,established
22099.0,reported,arena,17000.0,Europe,Germany,Berlin,2,TWICE,female,3,9,JYP,7,established
21123.0,reported,arena,12000.0,Asia,Thailand,Bangkok,2,TWICE,female,3,9,JYP,7,established
86930.0,reported,arena,55000.0,Asia,Philippines,Bulacan,2,TWICE,female,3,9,JYP,7,established
24636.0,reported,stadium,56347.0,Oceania,Australia,Melbourne,1,TWICE,female,3,9,JYP,8,established
76543.0,reported,stadium,36418.0,Asia,Japan,Nagoya,2,TWICE,female,3,9,JYP,8,established
21964.0,reported,arena,82000.0,Asia,Indonesia,Jakarta,1,TWICE,female,3,9,JYP,8,established
81709.0,reported,stadium,47500.0,Asia,Japan,Fukuoka,2,TWICE,female,3,9,JYP,8,established
114049.0,reported,stadium,65000.0,North America,Mexico,Mexico City,2,TWICE,female,3,9,JYP,8,established
65984.0,reported,stadium,55000.0,South America,Brazil,São Paulo,2,TWICE,female,3,9,JYP,8,established
39880.0,reported,stadium,65000.0,North America,United States,Las Vegas,1,TWICE,female,3,9,JYP,8,established
102093.0,reported,stadium,47853.0,Asia,Japan,Osaka,2,TWICE,female,3,9,JYP,8,established
112289.0,reported,stadium,49970.0,Asia,Japan,Tokyo,2,TWICE,female,3,9,JYP,8,established
137866.0,reported,stadium,72327.0,Asia,Japan,Yokohama,2,TWICE,female,3,9,JYP,8,established
24422.0,reported,arena,15000.0,Asia,South Korea,Incheon,2,TWICE,female,3,9,JYP,9,established
94657.0,reported,stadium,55000.0,Asia,Japan,Osaka,2,TWICE,female,3,9,JYP,9,established
96391.0,reported,stadium,36418.0,Asia,Japan,Nagoya,2,TWICE,female,3,9,JYP,9,established
90795.0,reported,stadium,47500.0,Asia,Japan,Fukuoka,2,TWICE,female,3,9,JYP,9,established
107584.0,reported,stadium,55000.0,Asia,Japan,Tokyo,2,TWICE,female,3,9,JYP,9,established
27390.0,reported,arena,14000.0,Asia,Macau,Macau,2,TWICE,female,3,9,JYP,9,established
,unreported,arena,55000.0,Asia,Philippines,Bulacan,1,TWICE,female,3,9,JYP,9,established
22727.0,reported,arena,9000.0,Asia,Singapore,Singapore,2,TWICE,female,3,9,JYP,9,established
,unreported,stadium,20000.0,Asia,Malaysia,Kuala Lumpur,1,TWICE,female,3,9,JYP,10,established
29572.0,reported,arena,18000.0,Oceania,Australia,Sydney,2,TWICE,female,3,9,JYP,10,established
27368.0,reported,arena,14820.0,Oceania,Australia,Melbourne,2,TWICE,female,3,9,JYP,10,established
,unreported,stadium,55000.0,Asia,Taiwan,Kaohsiung,2,TWICE,female,3,9,JYP,10,established
,unreported,stadium,45995.0,Asia,Hong Kong,Hong Kong,2,TWICE,female,3,9,JYP,10,established
25919.0,reported,arena,12000.0,Asia,Thailand,Bangkok,2,TWICE,female,3,9,JYP,10,established
,unreported,arena,19000.0,North America,Canada,Vancouver,2,TWICE,female,3,9,JYP,10,established
28096.0,reported,arena,17200.0,North America,United States,Seattle,2,TWICE,female,3,9,JYP,10,established
,unreported,arena,19596.0,North America,United States,Oakland,2,TWICE,female,3,9,JYP,10,established
,unreported,arena,17500.0,North America,United States,Inglewood,4,TWICE,female,3,9,JYP,10,established
14272.0,reported,arena,12565.0,North America,United States,Phoenix,1,TWICE,female,3,9,JYP,10,established
28797.0,reported,arena,21000.0,North America,United States,Dallas,2,TWICE,female,3,9,JYP,10,established
31339.0,reported,arena,20356.0,North America,United States,Washington,2,TWICE,female,3,9,JYP,10,established
42776.0,reported,arena,19000.0,North America,United States,New York,3,TWICE,female,3,9,JYP,10,established
,unreported,arena,21000.0,North America,United States,Philadelphia,1,TWICE,female,3,9,JYP,10,established
15084.0,reported,arena,18000.0,North America,United States,Atlanta,1,TWICE,female,3,9,JYP,10,established
19334.0,reported,arena,15000.0,North America,Canada,Montreal,1,TWICE,female,3,9,JYP,10,established
30146.0,reported,arena,18000.0,North America,Canada,Hamilton,2,TWICE,female,3,9,JYP,10,established
,unreported,stadium,59833.0,Asia,Taiwan,Taipei,3,TWICE,female,3,9,JYP,10,established
31835.0,unreported,arena,17030.0,North America,United States,Orlando,2,TWICE,female,3,9,JYP,10,established
16500.0,reported,arena,18504.0,North America,United States,Charlotte,1,TWICE,female,3,9,JYP,10,established
29310.0,reported,arena,20000.0,North America,United States,Boston,2,TWICE,female,3,9,JYP,10,established
,unreported,arena,23500.0,North America,United States,Chicago,2,TWICE,female,3,9,JYP,10,established
,unreported,arena,22000.0,North America,United States,Detroit,1,TWICE,female,3,9,JYP,10,established
,unreported,arena,20554.0,North America,United States,Saint Paul,1,TWICE,female,3,9,JYP,10,established
,unreported,arena,21000.0,North America,United States,Denver,1,TWICE,female,3,9,JYP,10,established
26359.0,reported,arena,16223.0,North America,United States,Austin,2,TWICE,female,3,9,JYP,10,established
,unreported,stadium,67750.0,Asia,Japan,Tokyo,3,TWICE,female,3,9,JYP,10,established
,unreported,arena,20100.0,Europe,Portugal,Lisbon,1,TWICE,female,3,9,JYP,10,established
,unreported,arena,17960.0,Europe,Spain,Barcelona,1,TWICE,female,3,9,JYP,10,established
,unreported,arena,20300.0,Europe,France,Paris,2,TWICE,female,3,9,JYP,10,established
,unreported,arena,15657.0,Europe,Italy,Turin,1,TWICE,female,3,9,JYP,10,established
,unreported,arena,17000.0,Europe,Germany,Berlin,1,TWICE,female,3,9,JYP,10,established
,unreported,arena,20000.0,Europe,Germany,Cologne,1,TWICE,female,3,9,JYP,10,established
,unreported,arena,17000.0,Europe,Netherlands,Amsterdam,2,TWICE,female,3,9,JYP,10,established
,unreported,arena,20000.0,Europe,England,London,2,TWICE,female,3,9,JYP,10,established
1729.0,reported,concert hall,,Asia,Thailand,Bangkok,1,&TEAM,male,4,9,"YX Labels,HYBE",-1821,rookie
8100.0,reported,concert hall,15000.0,Asia,Japan,Nagoya,1,&TEAM,male,4,9,"YX Labels,HYBE",2,rookie
20794.0,reported,arena,15000.0,Asia,Japan,Tokyo,2,&TEAM,male,4,9,"YX Labels,HYBE",2,rookie
19222.0,reported,arena,15000.0,Asia,Japan,Fukuoka,2,&TEAM,male,4,9,"YX Labels,HYBE",2,rookie
14923.0,reported,arena,11069.0,Asia,South Korea,Seoul,2,&TEAM,male,4,9,"YX Labels,HYBE",2,rookie
7411.0,reported,concert hall,,Asia,Indonesia,Tangerang,1,&TEAM,male,4,9,"YX Labels,HYBE",2,rookie
5589.0,reported,concert hall,,Asia,Taiwan,Taipei,1,&TEAM,male,4,9,"YX Labels,HYBE",2,rookie
18301.0,reported,arena,10000.0,Asia,Japan,Kobe,2,&TEAM,male,4,9,"YX Labels,HYBE",2,rookie
4402.0,reported,arena,14000.0,Asia,Hong Kong,Hong Kong,1,&TEAM,male,4,9,"YX Labels,HYBE",2,rookie
54318.0,reported,arena,22500.0,Asia,Japan,Saitama,2,&TEAM,male,4,9,"YX Labels,HYBE",2,rookie
29414.0,reported,arena,19000.0,North America,United States,New York,2,Agust D,male,3,1,"Bighit,HYBE",0,rookie
13286.0,reported,arena,17000.0,North America,United States,Newark,1,Agust D,male,3,1,"Bighit,HYBE",0,rookie
36652.0,reported,arena,22000.0,North America,United States,Rosemont,3,Agust D,male,3,1,"Bighit,HYBE",0,rookie
42492.0,reported,arena,17500.0,North America,United States,Inglewood,3,Agust D,male,3,1,"Bighit,HYBE",0,rookie
27149.0,reported,arena,19596.0,North America,United States,Oakland,2,Agust D,male,3,1,"Bighit,HYBE",0,rookie
27746.0,reported,concert hall,,Asia,Indonesia,Tangerang,3,Agust D,male,3,1,"Bighit,HYBE",0,rookie
26809.0,reported,arena,12141.0,Asia,Japan,Yokohama,3,Agust D,male,3,1,"Bighit,HYBE",0,rookie
36107.0,reported,arena,12000.0,Asia,Thailand,Bangkok,3,Agust D,male,3,1,"Bighit,HYBE",0,rookie
27340.0,reported,arena,9000.0,Asia,Singapore,Singapore,3,Agust D,male,3,1,"Bighit,HYBE",0,rookie
14715.0,reported,arena,11069.0,Asia,South Korea,Seoul,2,Agust D,male,3,1,"Bighit,HYBE",0,rookie
38523.0,reported,arena,15000.0,Asia,South Korea,Seoul,3,Agust D,male,3,1,"Bighit,HYBE",0,rookie
9312.0,reported,concert hall,2452.0,Asia,South Korea,Seoul,3,ATEEZ,male,4,8,KQ,3,growing
9312.0,reported,arena,10387.0,North America,United States,Chicago,1,ATEEZ,male,4,8,KQ,3,growing
7764.0,reported,arena,13100.0,North America,United States,Duluth,1,ATEEZ,male,4,8,KQ,3,growing
11148.0,reported,arena,17000.0,North America,United States,Newark,1,ATEEZ,male,4,8,KQ,3,growing
6269.0,reported,concert hall,6350.0,North America,United States,Grand Prairie,1,ATEEZ,male,4,8,KQ,3,growing
19868.0,reported,arena,17500.0,North America,United States,Inglewood,2,ATEEZ,male,4,8,KQ,3,growing
14052.0,reported,arena,14000.0,Europe,Spain,Madrid,2,ATEEZ,male,4,8,KQ,3,growing
18633.0,reported,arena,12500.0,Europe,England,London,2,ATEEZ,male,4,8,KQ,3,growing
12224.0,reported,arena,20300.0,Europe,France,Paris,1,ATEEZ,male,4,8,KQ,3,growing
20843.0,reported,arena,17000.0,Europe,Germany,Berlin,2,ATEEZ,male,4,8,KQ,3,growing
4904.0,reported,concert hall,6000.0,Europe,Netherlands,Amsterdam,1,ATEEZ,male,4,8,KQ,3,growing
28635.0,reported,arena,12141.0,Asia,Japan,Yokohama,3,ATEEZ,male,4,8,KQ,3,growing
10191.0,reported,arena,11069.0,Asia,South Korea,Seoul,2,ATEEZ,male,4,8,KQ,4,growing
7940.0,reported,arena,19596.0,North America,United States,Oakland,1,ATEEZ,male,4,8,KQ,4,growing
23396.0,reported,theater,10935.0,North America,United States,Anaheim,2,ATEEZ,male,4,8,KQ,4,growing
9129.0,reported,arena,19000.0,North America,United States,Glendale,1,ATEEZ,male,4,8,KQ,4,growing
11023.0,reported,arena,14000.0,North America,United States,Fort Worth,1,ATEEZ,male,4,8,KQ,4,growing
6421.0,reported,arena,10387.0,North America,United States,Chicago,1,ATEEZ,male,4,8,KQ,4,growing
21489.0,reported,arena,18000.0,North America,United States,Atlanta,2,ATEEZ,male,4,8,KQ,4,growing
21559.0,reported,arena,17000.0,North America,United States,Newark,2,ATEEZ,male,4,8,KQ,4,growing
10971.0,reported,arena,18000.0,North America,Canada,Hamilton,1,ATEEZ,male,4,8,KQ,4,growing
28921.0,reported,arena,,Asia,Japan,Chiba,2,ATEEZ,male,4,8,KQ,4,growing
11343.0,reported,arena,17000.0,Europe,Netherlands,Amsterdam,1,ATEEZ,male,4,8,KQ,4,growing
,unreported,arena,17000.0,Europe,Germany,Berlin,2,ATEEZ,male,4,8,KQ,4,growing
10174.0,reported,arena,15000.0,Europe,Belgium,Brussels,1,ATEEZ,male,4,8,KQ,4,growing
,unreported,arena,20000.0,Europe,England,London,1,ATEEZ,male,4,8,KQ,4,growing
9172.0,reported,arena,15000.0,Europe,Spain,Madrid,1,ATEEZ,male,4,8,KQ,4,growing
9041.0,reported,arena,17000.0,Europe,Denmark,Copenhagen,1,ATEEZ,male,4,8,KQ,4,growing
19120.0,reported,arena,20300.0,Europe,France,Paris,2,ATEEZ,male,4,8,KQ,4,growing
10093.0,reported,arena,11069.0,Asia,South Korea,Seoul,2,ATEEZ,male,4,8,KQ,4,growing
22271.0,reported,arena,15000.0,Asia,Japan,Tokyo,2,ATEEZ,male,4,8,KQ,4,growing
12000.0,reported,arena,8000.0,Asia,Japan,Kobe,2,ATEEZ,male,4,8,KQ,4,growing
,unreported,concert hall,,Asia,Taiwan,Taipei,1,ATEEZ,male,4,8,KQ,4,growing
,unreported,arena,14000.0,Asia,Hong Kong,Hong Kong,1,ATEEZ,male,4,8,KQ,4,growing
,unreported,concert hall,40000.0,Middle East,Saudi Arabia,Jeddah,1,ATEEZ,male,4,8,KQ,4,growing
,unreported,arena,12000.0,Asia,Thailand,Bangkok,1,ATEEZ,male,4,8,KQ,4,growing
17129.0,reported,arena,22300.0,North America,Mexico,Mexico City,1,ATEEZ,male,4,8,KQ,4,growing
,unreported,stadium,55000.0,South America,Brazil,São Paulo,1,ATEEZ,male,4,8,KQ,4,growing
13665.0,reported,arena,15500.0,South America,Chile,Santiago,1,ATEEZ,male,4,8,KQ,4,growing
,unreported,arena,7000.0,South America,Colombia,Bogotá,1,ATEEZ,male,4,8,KQ,4,growing
,unreported,arena,9000.0,Asia,Singapore,Singapore,1,ATEEZ,male,4,8,KQ,4,growing
,unreported,arena,9679.0,Asia,Philippines,Manila,1,ATEEZ,male,4,8,KQ,4,growing
12847.0,reported,arena,11069.0,Asia,South Korea,Seoul,2,ATEEZ,male,4,8,KQ,5,growing
45200.0,reported,arena,22500.0,Asia,Japan,Saitama,2,ATEEZ,male,4,8,KQ,5,growing
13661.0,reported,arena,21000.0,North America,United States,Tacoma,1,ATEEZ,male,4,8,KQ,5,growing
11001.0,reported,arena,19596.0,North America,United States,Oakland,1,ATEEZ,male,4,8,KQ,5,growing
38145.0,reported,stadium,22000.0,North America,United States,Los Angeles,2,ATEEZ,male,4,8,KQ,5,growing
10763.0,reported,arena,12565.0,North America,United States,Phoenix,1,ATEEZ,male,4,8,KQ,5,growing
27938.0,reported,stadium,40300.0,North America,United States,Arlington,1,ATEEZ,male,4,8,KQ,5,growing
18865.0,reported,arena,13100.0,North America,United States,Duluth,2,ATEEZ,male,4,8,KQ,5,growing
28467.0,reported,stadium,41922.0,North America,United States,New York,1,ATEEZ,male,4,8,KQ,5,growing
12766.0,reported,arena,20356.0,North America,United States,Washington,1,ATEEZ,male,4,8,KQ,5,growing
10322.0,reported,arena,19800.0,North America,Canada,Toronto,1,ATEEZ,male,4,8,KQ,5,growing
20286.0,reported,arena,22000.0,North America,United States,Rosemont,2,ATEEZ,male,4,8,KQ,5,growing
10894.0,reported,arena,16000.0,Europe,France,Lyon,1,ATEEZ,male,4,8,KQ,6,established
9514.0,reported,arena,15800.0,Europe,Italy,Milan,1,ATEEZ,male,4,8,KQ,6,established
9607.0,reported,arena,13000.0,Europe,Switzerland,Zürich,1,ATEEZ,male,4,8,KQ,6,established
22129.0,reported,arena,20000.0,Europe,England,London,2,ATEEZ,male,4,8,KQ,6,established
11836.0,reported,arena,21000.0,Europe,England,Manchester,1,ATEEZ,male,4,8,KQ,6,established
13663.0,reported,arena,17000.0,Europe,Netherlands,Amsterdam,1,ATEEZ,male,4,8,KQ,6,established
13765.0,reported,arena,17960.0,Europe,Spain,Barcelona,1,ATEEZ,male,4,8,KQ,6,established
14156.0,reported,arena,20000.0,Europe,Germany,Cologne,1,ATEEZ,male,4,8,KQ,6,established
11862.0,reported,arena,17000.0,Europe,Denmark,Copenhagen,1,ATEEZ,male,4,8,KQ,6,established
24479.0,reported,arena,17000.0,Europe,Germany,Berlin,2,ATEEZ,male,4,8,KQ,6,established
29225.0,reported,arena,45000.0,Europe,France,Paris,1,ATEEZ,male,4,8,KQ,6,established
9809.0,reported,arena,15000.0,Europe,Belgium,Brussels,1,ATEEZ,male,4,8,KQ,6,established
23280.0,reported,arena,15000.0,Asia,South Korea,Seoul,2,ATEEZ,male,4,8,KQ,6,established
,unreported,arena,15000.0,Asia,South Korea,Incheon,2,ATEEZ,male,4,8,KQ,6,established
10144.0,reported,arena,18000.0,North America,United States,Atlanta,1,ATEEZ,male,4,8,KQ,6,established
24694.0,reported,stadium,41922.0,North America,United States,New York,1,ATEEZ,male,4,8,KQ,6,established
9502.0,reported,arena,13000.0,North America,United States,Baltimore,1,ATEEZ,male,4,8,KQ,6,established
8558.0,reported,arena,20000.0,North America,United States,Nashville,1,ATEEZ,male,4,8,KQ,6,established
19877.0,reported,arena,17030.0,North America,United States,Orlando,2,ATEEZ,male,4,8,KQ,6,established
20186.0,reported,stadium,41649.0,North America,United States,Chicago,1,ATEEZ,male,4,8,KQ,6,established
12623.0,reported,arena,21000.0,North America,United States,Tacoma,1,ATEEZ,male,4,8,KQ,6,established
10591.0,reported,arena,19190.0,North America,United States,San Jose,1,ATEEZ,male,4,8,KQ,6,established
36631.0,reported,stadium,22000.0,North America,United States,Los Angeles,2,ATEEZ,male,4,8,KQ,6,established
8666.0,reported,arena,19000.0,North America,United States,Glendale,1,ATEEZ,male,4,8,KQ,6,established
29845.0,reported,stadium,40300.0,North America,United States,Arlington,1,ATEEZ,male,4,8,KQ,6,established
28134.0,reported,stadium,65000.0,North America,Mexico,Mexico City,1,ATEEZ,male,4,8,KQ,6,established
,unreported,arena,22500.0,Asia,Japan,Saitama,3,ATEEZ,male,4,8,KQ,6,established
,unreported,concert hall,15000.0,Asia,Japan,Nagoya,2,ATEEZ,male,4,8,KQ,6,established
,unreported,arena,10000.0,Asia,Japan,Kobe,2,ATEEZ,male,4,8,KQ,6,established
,unreported,arena,15000.0,Asia,Taiwan,Taoyuan,1,ATEEZ,male,4,8,KQ,7,established
,unreported,concert hall,,Asia,Indonesia,Tangerang,1,ATEEZ,male,4,8,KQ,7,established
,unreported,arena,9000.0,Asia,Singapore,Singapore,1,ATEEZ,male,4,8,KQ,7,established
,unreported,arena,14820.0,Oceania,Australia,Melbourne,2,ATEEZ,male,4,8,KQ,7,established
,unreported,arena,18000.0,Oceania,Australia,Sydney,2,ATEEZ,male,4,8,KQ,7,established
,unreported,arena,9679.0,Asia,Philippines,Manila,1,ATEEZ,male,4,8,KQ,7,established
,unreported,arena,11000.0,Asia,Malaysia,Kuala Lumpur,1,ATEEZ,male,4,8,KQ,7,established
,unreported,arena,14000.0,Asia,Macau,Macau,1,ATEEZ,male,4,8,KQ,7,established
,unreported,arena,12000.0,Asia,Thailand,Bangkok,1,ATEEZ,male,4,8,KQ,7,established
11552.0,reported,arena,15000.0,Asia,South Korea,Incheon,2,BOYNEXTDOOR,male,5,6,"KOZ,HYBE",1,rookie
2243.0,reported,concert hall,2448.0,Asia,Japan,Tokyo,1,BOYNEXTDOOR,male,5,6,"KOZ,HYBE",1,rookie
2099.0,reported,concert hall,,Asia,Japan,Nagoya,1,BOYNEXTDOOR,male,5,6,"KOZ,HYBE",1,rookie
7458.0,reported,concert hall,,Asia,Japan,Osaka,2,BOYNEXTDOOR,male,5,6,"KOZ,HYBE",1,rookie
2056.0,reported,concert hall,2710.0,Asia,Japan,Sendai,1,BOYNEXTDOOR,male,5,6,"KOZ,HYBE",1,rookie
4384.0,reported,concert hall,2316.0,Asia,Japan,Fukuoka,2,BOYNEXTDOOR,male,5,6,"KOZ,HYBE",1,rookie
16479.0,reported,concert hall,6000.0,Asia,Japan,Yokohama,3,BOYNEXTDOOR,male,5,6,"KOZ,HYBE",1,rookie
3869.0,reported,concert hall,,Asia,Singapore,Tampines,1,BOYNEXTDOOR,male,5,6,"KOZ,HYBE",1,rookie
3109.0,reported,arena,9679.0,Asia,Philippines,Manila,1,BOYNEXTDOOR,male,5,6,"KOZ,HYBE",1,rookie
,unreported,concert hall,3500.0,Asia,Thailand,Bangkok,1,BOYNEXTDOOR,male,5,6,"KOZ,HYBE",1,rookie
4472.0,reported,concert hall,,Asia,Taiwan,Taipei,1,BOYNEXTDOOR,male,5,6,"KOZ,HYBE",1,rookie
4917.0,reported,arena,14000.0,Asia,Hong Kong,Hong Kong,1,BOYNEXTDOOR,male,5,6,"KOZ,HYBE",1,rookie
3931.0,reported,arena,7166.0,Asia,Indonesia,Jakarta,1,BOYNEXTDOOR,male,5,6,"KOZ,HYBE",1,rookie
27000.0,reported,arena,10000.0,Asia,Japan,Tokyo,3,BOYNEXTDOOR,male,5,6,"KOZ,HYBE",2,rookie
31280.0,reported,arena,15000.0,Asia,South Korea,Seoul,3,BOYNEXTDOOR,male,5,6,"KOZ,HYBE",2,rookie
,unreported,stadium,16744.0,Asia,South Korea,Seoul,2,BTS,male,3,7,"Bighit,HYBE",3,growing
,unreported,arena,15500.0,South America,Chile,Santiago,2,BTS,male,3,7,"Bighit,HYBE",3,growing
15327.0,reported,theater,7000.0,South America,Brazil,São Paulo,2,BTS,male,3,7,"Bighit,HYBE",3,growing
22612.0,reported,arena,17000.0,North America,United States,Newark,2,BTS,male,3,7,"Bighit,HYBE",3,growing
,unreported,arena,22000.0,North America,United States,Rosemont,1,BTS,male,3,7,"Bighit,HYBE",3,growing
,unreported,theater,10935.0,North America,United States,Anaheim,2,BTS,male,3,7,"Bighit,HYBE",3,growing
,unreported,arena,12000.0,Asia,Thailand,Bangkok,2,BTS,male,3,7,"Bighit,HYBE",3,growing
,unreported,concert hall,,Asia,Indonesia,Tangerang,1,BTS,male,3,7,"Bighit,HYBE",3,growing
,unreported,arena,15000.0,Asia,Philippines,Pasay,2,BTS,male,3,7,"Bighit,HYBE",3,growing
,unreported,arena,14000.0,Asia,Hong Kong,Hong Kong,2,BTS,male,3,7,"Bighit,HYBE",3,growing
11023.0,reported,arena,18000.0,Oceania,Australia,Sydney,1,BTS,male,3,7,"Bighit,HYBE",3,growing
,unreported,arena,16000.0,Asia,Japan,Osaka,3,BTS,male,3,7,"Bighit,HYBE",3,growing
,unreported,arena,10000.0,Asia,Japan,Hiroshima,1,BTS,male,3,7,"Bighit,HYBE",3,growing
,unreported,arena,10000.0,Asia,Japan,Nagoya,2,BTS,male,3,7,"Bighit,HYBE",4,growing
,unreported,arena,22500.0,Asia,Japan,Saitama,3,BTS,male,3,7,"Bighit,HYBE",4,growing
,unreported,arena,15000.0,Asia,Japan,Fukuoka,2,BTS,male,3,7,"Bighit,HYBE",4,growing
,unreported,arena,10024.0,Asia,Japan,Sapporo,2,BTS,male,3,7,"Bighit,HYBE",4,growing
,unreported,stadium,55000.0,Asia,Japan,Osaka,2,BTS,male,3,7,"Bighit,HYBE",4,growing
,unreported,arena,15000.0,Asia,Taiwan,Taoyuan,2,BTS,male,3,7,"Bighit,HYBE",4,growing
,unreported,arena,14000.0,Asia,Macau,Macau,1,BTS,male,3,7,"Bighit,HYBE",4,growing
,unreported,stadium,16744.0,Asia,South Korea,Seoul,3,BTS,male,3,7,"Bighit,HYBE",4,growing
85366.0,reported,stadium,65599.0,Asia,South Korea,Seoul,2,BTS,male,3,7,"Bighit,HYBE",5,growing
56220.0,reported,stadium,20000.0,North America,United States,Los Angeles,4,BTS,male,3,7,"Bighit,HYBE",5,growing
10743.0,reported,arena,19596.0,North America,United States,Oakland,1,BTS,male,3,7,"Bighit,HYBE",5,growing
17452.0,reported,arena,13500.0,North America,United States,Fort Worth,2,BTS,male,3,7,"Bighit,HYBE",5,growing
35574.0,reported,arena,18000.0,North America,Canada,Hamilton,3,BTS,male,3,7,"Bighit,HYBE",5,growing
25236.0,reported,arena,17000.0,North America,United States,Newark,2,BTS,male,3,7,"Bighit,HYBE",5,growing
27880.0,reported,arena,23500.0,North America,United States,Chicago,2,BTS,male,3,7,"Bighit,HYBE",5,growing
34327.0,reported,stadium,41922.0,North America,United States,New York,1,BTS,male,3,7,"Bighit,HYBE",5,growing
31475.0,reported,arena,20000.0,Europe,England,London,2,BTS,male,3,7,"Bighit,HYBE",5,growing
13893.0,reported,arena,17000.0,Europe,Netherlands,Amsterdam,1,BTS,male,3,7,"Bighit,HYBE",5,growing
24384.0,reported,arena,17000.0,Europe,Germany,Berlin,2,BTS,male,3,7,"Bighit,HYBE",5,growing
28149.0,reported,arena,20300.0,Europe,France,Paris,2,BTS,male,3,7,"Bighit,HYBE",5,growing
95939.0,reported,stadium,55000.0,Asia,Japan,Tokyo,2,BTS,male,3,7,"Bighit,HYBE",5,growing
109679.0,reported,stadium,55000.0,Asia,Japan,Osaka,3,BTS,male,3,7,"Bighit,HYBE",5,growing
50144.0,reported,stadium,18000.0,Asia,Taiwan,Taoyuan,2,BTS,male,3,7,"Bighit,HYBE",5,growing
79621.0,reported,stadium,36418.0,Asia,Japan,Nagoya,2,BTS,male,3,7,"Bighit,HYBE",5,growing
39946.0,reported,stadium,55000.0,Asia,Singapore,Singapore,1,BTS,male,3,7,"Bighit,HYBE",5,growing
72801.0,reported,stadium,47500.0,Asia,Japan,Fukuoka,2,BTS,male,3,7,"Bighit,HYBE",5,growing
46630.0,reported,arena,14000.0,Asia,Hong Kong,Hong Kong,4,BTS,male,3,7,"Bighit,HYBE",5,growing
68900.0,reported,stadium,51560.0,Asia,Thailand,Bangkok,2,BTS,male,3,7,"Bighit,HYBE",5,growing
113040.0,reported,concert hall,,North America,United States,Pasadena,2,BTS,male,3,7,"Bighit,HYBE",5,growing
98574.0,reported,stadium,62500.0,North America,United States,Chicago,2,BTS,male,3,7,"Bighit,HYBE",5,growing
98574.0,reported,stadium,82500.0,North America,United States,East Rutherford,2,BTS,male,3,7,"Bighit,HYBE",5,growing
84728.0,reported,stadium,55000.0,South America,Brazil,São Paulo,2,BTS,male,3,7,"Bighit,HYBE",5,growing
114583.0,reported,stadium,90000.0,Europe,England,London,2,BTS,male,3,7,"Bighit,HYBE",5,growing
107328.0,reported,stadium,81338.0,Europe,France,Paris,2,BTS,male,3,7,"Bighit,HYBE",5,growing
101554.0,reported,stadium,47853.0,Asia,Japan,Osaka,2,BTS,male,3,7,"Bighit,HYBE",6,established
107153.0,reported,stadium,50889.0,Asia,Japan,Shizuoka,2,BTS,male,3,7,"Bighit,HYBE",6,established
31899.0,reported,stadium,58398.0,Middle East,Saudi Arabia,Riyadh,1,BTS,male,3,7,"Bighit,HYBE",6,established
129268.0,reported,stadium,65599.0,Asia,South Korea,Seoul,3,BTS,male,3,7,"Bighit,HYBE",6,established
106294.0,reported,stadium,70240.0,North America,United States,Inglewood,2,BTS,male,3,7,"Bighit,HYBE",8,established
107458.0,reported,stadium,70240.0,North America,United States,Inglewood,2,BTS,male,3,7,"Bighit,HYBE",8,established
44696.0,reported,stadium,65599.0,Asia,South Korea,Seoul,3,BTS,male,3,7,"Bighit,HYBE",8,established
99277.0,reported,stadium,65000.0,North America,United States,Las Vegas,2,BTS,male,3,7,"Bighit,HYBE",8,established
100420.0,reported,stadium,65000.0,North America,United States,Las Vegas,2,BTS,male,3,7,"Bighit,HYBE",8,established
127218.0,reported,stadium,41311.0,Asia,South Korea,Goyang,3,BTS,male,3,7,"Bighit,HYBE",12,legacy
96178.0,reported,stadium,55000.0,Asia,Japan,Tokyo,2,BTS,male,3,7,"Bighit,HYBE",12,legacy
194335.0,reported,stadium,69218.0,North America,United States,Tampa,3,BTS,male,3,7,"Bighit,HYBE",12,legacy
97722.0,reported,stadium,45971.0,North America,United States,El Paso,2,BTS,male,3,7,"Bighit,HYBE",12,legacy
145763.0,reported,stadium,65000.0,North America,Mexico,Mexico City,3,BTS,male,3,7,"Bighit,HYBE",12,legacy
170721.0,parcial,stadium,50424.0,North America,United States,Stanford,3,BTS,male,3,7,"Bighit,HYBE",12,legacy
241820.0,parcial,stadium,65000.0,North America,United States,Las Vegas,4,BTS,male,3,7,"Bighit,HYBE",12,legacy
,unreported,stadium,60000.0,Europe,Spain,Madrid,2,BTS,male,3,7,"Bighit,HYBE",13,legacy
,unreported,stadium,50093.0,Europe,Belgium,Brussels,2,BTS,male,3,7,"Bighit,HYBE",13,legacy
,unreported,stadium,62850.0,Europe,England,London,2,BTS,male,3,7,"Bighit,HYBE",13,legacy
,unreported,stadium,70000.0,Europe,Germany,Munich,2,BTS,male,3,7,"Bighit,HYBE",13,legacy
,unreported,stadium,81338.0,Europe,France,Paris,2,BTS,male,3,7,"Bighit,HYBE",13,legacy
162194.0,parcial,stadium,82500.0,North America,United States,East Rutherford,2,BTS,male,3,7,"Bighit,HYBE",13,legacy
138276.0,parcial,stadium,64628.0,North America,United States,Foxborough,2,BTS,male,3,7,"Bighit,HYBE",13,legacy
,unreported,stadium,70745.0,North America,United States,Baltimore,2,BTS,male,3,7,"Bighit,HYBE",13,legacy
,unreported,stadium,100000.0,North America,United States,Arlington,2,BTS,male,3,7,"Bighit,HYBE",13,legacy
101094.0,parcial,stadium,50000.0,North America,Canada,Toronto,2,BTS,male,3,7,"Bighit,HYBE",13,legacy
124242.0,parcial,stadium,62500.0,North America,United States,Chicago,2,BTS,male,3,7,"Bighit,HYBE",13,legacy
287800.0,parcial,stadium,70240.0,North America,United States,Inglewood,4,BTS,male,3,7,"Bighit,HYBE",13,legacy
,unreported,stadium,72039.0,South America,Brazil,São Paulo,3,BTS,male,3,7,"Bighit,HYBE",13,legacy
,unreported,stadium,55000.0,Asia,Singapore,Singapore,4,BTS,male,3,7,"Bighit,HYBE",13,legacy
7966.0,reported,arena,6500.0,Asia,South Korea,Seoul,2,ENHYPEN,male,4,6,"Belift,HYBE",1,rookie
19826.0,reported,theater,10935.0,North America,United States,Anaheim,2,ENHYPEN,male,4,6,"Belift,HYBE",1,rookie
10043.0,reported,arena,14000.0,North America,United States,Fort Worth,1,ENHYPEN,male,4,6,"Belift,HYBE",1,rookie
6122.0,reported,concert hall,6400.0,North America,United States,Sugar Land,1,ENHYPEN,male,4,6,"Belift,HYBE",1,rookie
8515.0,reported,arena,13100.0,North America,United States,Duluth,1,ENHYPEN,male,4,6,"Belift,HYBE",1,rookie
5961.0,reported,arena,10387.0,North America,United States,Chicago,1,ENHYPEN,male,4,6,"Belift,HYBE",1,rookie
5577.0,reported,theater,5960.0,North America,United States,New York,1,ENHYPEN,male,4,6,"Belift,HYBE",1,rookie
17019.0,reported,arena,10000.0,Asia,Japan,Nagoya,2,ENHYPEN,male,4,6,"Belift,HYBE",1,rookie
18800.0,reported,arena,16000.0,Asia,Japan,Osaka,2,ENHYPEN,male,4,6,"Belift,HYBE",1,rookie
22723.0,reported,arena,17000.0,Asia,Japan,Yokohama,2,ENHYPEN,male,4,6,"Belift,HYBE",1,rookie
80371.0,reported,stadium,55000.0,Asia,Japan,Osaka,2,ENHYPEN,male,4,6,"Belift,HYBE",2,rookie
19400.0,reported,arena,12000.0,Asia,Thailand,Bangkok,2,ENHYPEN,male,4,6,"Belift,HYBE",2,rookie
25650.0,reported,arena,15000.0,Asia,Philippines,Pasay,3,ENHYPEN,male,4,6,"Belift,HYBE",2,rookie
15376.0,reported,arena,15000.0,Asia,South Korea,Seoul,2,ENHYPEN,male,4,6,"Belift,HYBE",2,rookie
60495.0,reported,stadium,55000.0,Asia,Japan,Osaka,2,ENHYPEN,male,4,6,"Belift,HYBE",2,rookie
76571.0,reported,stadium,55000.0,Asia,Japan,Tokyo,2,ENHYPEN,male,4,6,"Belift,HYBE",2,rookie
22446.0,reported,stadium,27000.0,North America,United States,Carson,1,ENHYPEN,male,4,6,"Belift,HYBE",2,rookie
8551.0,reported,arena,19000.0,North America,United States,Glendale,1,ENHYPEN,male,4,6,"Belift,HYBE",2,rookie
9405.0,reported,arena,19000.0,North America,United States,Houston,1,ENHYPEN,male,4,6,"Belift,HYBE",2,rookie
11687.0,reported,arena,21000.0,North America,United States,Dallas,1,ENHYPEN,male,4,6,"Belift,HYBE",2,rookie
20052.0,reported,arena,17000.0,North America,United States,Newark,2,ENHYPEN,male,4,6,"Belift,HYBE",2,rookie
12748.0,reported,arena,23500.0,North America,United States,Chicago,1,ENHYPEN,male,4,6,"Belift,HYBE",2,rookie
15712.0,reported,arena,15000.0,Asia,Taiwan,Taoyuan,2,ENHYPEN,male,4,6,"Belift,HYBE",3,growing
17374.0,reported,arena,9000.0,Asia,Singapore,Singapore,2,ENHYPEN,male,4,6,"Belift,HYBE",3,growing
31363.0,reported,arena,16000.0,Asia,Macau,Macau,3,ENHYPEN,male,4,6,"Belift,HYBE",3,growing
23764.0,reported,stadium,20000.0,Asia,Philippines,New Clark City,1,ENHYPEN,male,4,6,"Belift,HYBE",3,growing
25077.0,reported,arena,15000.0,Asia,South Korea,Seoul,3,ENHYPEN,male,4,6,"Belift,HYBE",3,growing
11108.0,reported,theater,10935.0,North America,United States,Anaheim,1,ENHYPEN,male,4,6,"Belift,HYBE",3,growing
11950.0,reported,arena,19596.0,North America,United States,Oakland,1,ENHYPEN,male,4,6,"Belift,HYBE",3,growing
15684.0,reported,arena,21000.0,North America,United States,Tacoma,1,ENHYPEN,male,4,6,"Belift,HYBE",3,growing
11428.0,reported,arena,22000.0,North America,United States,Rosemont,1,ENHYPEN,male,4,6,"Belift,HYBE",3,growing
12224.0,reported,arena,19000.0,North America,United States,New York,1,ENHYPEN,male,4,6,"Belift,HYBE",3,growing
51649.0,reported,arena,22500.0,Asia,Japan,Saitama,3,ENHYPEN,male,4,6,"Belift,HYBE",3,growing
20323.0,reported,arena,15000.0,Asia,Japan,Fukuoka,2,ENHYPEN,male,4,6,"Belift,HYBE",3,growing
13639.0,reported,arena,10000.0,Asia,Japan,Hiroshima,2,ENHYPEN,male,4,6,"Belift,HYBE",3,growing
21071.0,reported,arena,16500.0,Asia,Indonesia,Jakarta,2,ENHYPEN,male,4,6,"Belift,HYBE",3,growing
23011.0,reported,concert hall,15000.0,Asia,Japan,Nagoya,2,ENHYPEN,male,4,6,"Belift,HYBE",3,growing
15689.0,reported,arena,7063.0,Asia,Japan,Miyagi,2,ENHYPEN,male,4,6,"Belift,HYBE",3,growing
16640.0,reported,stadium,41311.0,Asia,South Korea,Goyang,2,ENHYPEN,male,4,6,"Belift,HYBE",3,growing
59948.0,reported,stadium,31552.0,Asia,Japan,Saitama,2,ENHYPEN,male,4,6,"Belift,HYBE",3,growing
50345.0,reported,stadium,47500.0,Asia,Japan,Fukuoka,2,ENHYPEN,male,4,6,"Belift,HYBE",4,growing
75981.0,reported,stadium,55000.0,Asia,Japan,Osaka,2,ENHYPEN,male,4,6,"Belift,HYBE",4,growing
19482.0,reported,stadium,25000.0,Asia,Philippines,Bulacan,1,ENHYPEN,male,4,6,"Belift,HYBE",4,growing
29882.0,reported,stadium,51560.0,Asia,Thailand,Bangkok,1,ENHYPEN,male,4,6,"Belift,HYBE",4,growing
77820.0,reported,stadium,49970.0,Asia,Japan,Tokyo,2,ENHYPEN,male,4,6,"Belift,HYBE",4,growing
85868.0,reported,stadium,47853.0,Asia,Japan,Osaka,2,ENHYPEN,male,4,6,"Belift,HYBE",4,growing
22983.0,reported,arena,19000.0,North America,United States,New York,2,ENHYPEN,male,4,6,"Belift,HYBE",4,growing
12626.0,reported,arena,23500.0,North America,United States,Chicago,1,ENHYPEN,male,4,6,"Belift,HYBE",4,growing
18859.0,reported,arena,19000.0,North America,United States,Houston,2,ENHYPEN,male,4,6,"Belift,HYBE",4,growing
22298.0,reported,stadium,22000.0,North America,United States,Los Angeles,1,ENHYPEN,male,4,6,"Belift,HYBE",4,growing
15758.0,reported,arena,20000.0,Europe,England,London,1,ENHYPEN,male,4,6,"Belift,HYBE",4,growing
9576.0,reported,arena,21000.0,Europe,England,Manchester,1,ENHYPEN,male,4,6,"Belift,HYBE",4,growing
13460.0,reported,arena,17000.0,Europe,Netherlands,Amsterdam,1,ENHYPEN,male,4,6,"Belift,HYBE",4,growing
8363.0,reported,arena,15000.0,Europe,Belgium,Brussels,1,ENHYPEN,male,4,6,"Belift,HYBE",4,growing
12597.0,reported,arena,17000.0,Europe,Germany,Berlin,1,ENHYPEN,male,4,6,"Belift,HYBE",4,growing
12898.0,reported,arena,20300.0,Europe,France,Paris,1,ENHYPEN,male,4,6,"Belift,HYBE",4,growing
23718.0,reported,arena,9000.0,Asia,Singapore,Singapore,3,ENHYPEN,male,4,6,"Belift,HYBE",4,growing
28799.0,reported,arena,15000.0,Asia,South Korea,Seoul,3,ENHYPEN,male,4,6,"Belift,HYBE",4,growing
32280.0,missing,arena,15000.0,Asia,South Korea,Seoul,3,ENHYPEN,male,4,6,"Belift,HYBE",5,growing
,unreported,stadium,55000.0,South America,Brazil,São Paulo,1,ENHYPEN,male,4,6,"Belift,HYBE",5,growing
,unreported,stadium,32000.0,South America,Peru,Lima,1,ENHYPEN,male,4,6,"Belift,HYBE",5,growing
,unreported,arena,22300.0,North America,Mexico,Mexico City,3,ENHYPEN,male,4,6,"Belift,HYBE",5,growing
18818.0,parcial,arena,21000.0,North America,United States,Dallas,2,ENHYPEN,male,4,6,"Belift,HYBE",5,growing
,unreported,arena,19596.0,North America,United States,Oakland,2,ENHYPEN,male,4,6,"Belift,HYBE",5,growing
20956.0,parcial,,,North America,United States,San Diego,1,ENHYPEN,male,4,6,"Belift,HYBE",5,growing
,unreported,arena,21000.0,North America,United States,Tacoma,1,ENHYPEN,male,4,6,"Belift,HYBE",5,growing
,unreported,arena,20000.0,North America,United States,Las Vegas,1,ENHYPEN,male,4,6,"Belift,HYBE",5,growing
,unreported,,,Asia,Macau,Macau,2,ENHYPEN,male,4,6,"Belift,HYBE",5,growing
,unreported,stadium,55000.0,Asia,Japan,Tokyo,2,ENHYPEN,male,4,6,"Belift,HYBE",6,established
,unreported,stadium,36418.0,Asia,Japan,Nagoya,2,ENHYPEN,male,4,6,"Belift,HYBE",6,established
,unreported,,,Asia,Indonesia,Jakarta,1,ENHYPEN,male,4,6,"Belift,HYBE",6,established
,unreported,stadium,47500.0,Asia,Japan,Fukuoka,2,ENHYPEN,male,4,6,"Belift,HYBE",6,established
,unreported,stadium,55000.0,Asia,Japan,Osaka,2,ENHYPEN,male,4,6,"Belift,HYBE",6,established
,unreported,arena,16000.0,Europe,Italy,Milan,1,ENHYPEN,male,4,6,"Belift,HYBE",6,established
,unreported,arena,45000.0,Europe,France,Paris,1,ENHYPEN,male,4,6,"Belift,HYBE",6,established
,unreported,arena,17000.0,Europe,Netherlands,Amsterdam,1,ENHYPEN,male,4,6,"Belift,HYBE",6,established
,unreported,arena,17000.0,Europe,Germany,Berlin,1,ENHYPEN,male,4,6,"Belift,HYBE",6,established
,unreported,arena,20000.0,Europe,England,London,1,ENHYPEN,male,4,6,"Belift,HYBE",6,established
,unreported,,,Asia,Singapore,Singapore,1,ENHYPEN,male,4,6,"Belift,HYBE",6,established
,unreported,arena,15000.0,Asia,South Korea,Seoul,5,EXO,male,3,5,"SM,KAKAO",2,rookie
,unreported,arena,18000.0,Asia,China,Shanghai,2,EXO,male,3,5,"SM,KAKAO",3,growing
,unreported,stadium,13000.0,Asia,Taiwan,Taipei,2,EXO,male,3,5,"SM,KAKAO",3,growing
,unreported,arena,12000.0,Asia,Thailand,Bangkok,2,EXO,male,3,5,"SM,KAKAO",3,growing
,unreported,arena,19000.0,Asia,China,Beijing,2,EXO,male,3,5,"SM,KAKAO",3,growing
,unreported,stadium,30000.0,Asia,China,Chengdu,1,EXO,male,3,5,"SM,KAKAO",3,growing
,unreported,arena,14000.0,Asia,Hong Kong,Hong Kong,2,EXO,male,3,5,"SM,KAKAO",3,growing
,unreported,stadium,42383.0,Asia,China,Xi'an,1,EXO,male,3,5,"SM,KAKAO",3,growing
,unreported,stadium,58680.0,Asia,China,Chongqing,1,EXO,male,3,5,"SM,KAKAO",3,growing
,unreported,arena,18000.0,Asia,China,Guangzhou,1,EXO,male,3,5,"SM,KAKAO",3,growing
,unreported,arena,15000.0,Asia,Japan,Fukuoka,2,EXO,male,3,5,"SM,KAKAO",3,growing
,unreported,stadium,55000.0,Asia,Japan,Tokyo,3,EXO,male,3,5,"SM,KAKAO",3,growing
,unreported,stadium,55000.0,Asia,Japan,Osaka,3,EXO,male,3,5,"SM,KAKAO",3,growing
,unreported,arena,14000.0,Asia,Macau,Macau,1,EXO,male,3,5,"SM,KAKAO",3,growing
,unreported,arena,13000.0,Asia,China,Nanjing,1,EXO,male,3,5,"SM,KAKAO",3,growing
,unreported,arena,9000.0,Asia,Singapore,Singapore,2,EXO,male,3,5,"SM,KAKAO",3,growing
,unreported,arena,15000.0,Asia,Philippines,Pasay,2,EXO,male,3,5,"SM,KAKAO",3,growing
,unreported,concert hall,6350.0,North America,United States,Grand Prairie,1,EXO,male,3,5,"SM,KAKAO",3,growing
,unreported,arena,8000.0,North America,Canada,Vancouver,1,EXO,male,3,5,"SM,KAKAO",3,growing
,unreported,arena,16740.0,North America,United States,Los Angeles,1,EXO,male,3,5,"SM,KAKAO",3,growing
,unreported,theater,4400.0,North America,United States,Rosemont,1,EXO,male,3,5,"SM,KAKAO",3,growing
9919.0,reported,arena,17000.0,North America,United States,Newark,1,EXO,male,3,5,"SM,KAKAO",3,growing
,unreported,concert hall,,Asia,Indonesia,Tangerang,1,EXO,male,3,5,"SM,KAKAO",3,growing
,unreported,arena,18000.0,Asia,China,Dalian,1,EXO,male,3,5,"SM,KAKAO",3,growing
,unreported,stadium,25000.0,Asia,Malaysia,Kuala Lumpur,1,EXO,male,3,5,"SM,KAKAO",3,growing
,unreported,arena,15000.0,Asia,South Korea,Seoul,3,EXO,male,3,5,"SM,KAKAO",3,growing
,unreported,arena,15000.0,Asia,South Korea,Seoul,6,EXO,male,3,5,"SM,KAKAO",4,growing
,unreported,arena,12000.0,Asia,Thailand,Bangkok,2,EXO,male,3,5,"SM,KAKAO",4,growing
,unreported,arena,10000.0,Asia,Japan,Hiroshima,2,EXO,male,3,5,"SM,KAKAO",4,growing
,unreported,arena,8000.0,Asia,China,Hangzhou,1,EXO,male,3,5,"SM,KAKAO",4,growing
,unreported,arena,15000.0,Asia,Japan,Fukuoka,3,EXO,male,3,5,"SM,KAKAO",4,growing
,unreported,arena,10024.0,Asia,Japan,Sapporo,2,EXO,male,3,5,"SM,KAKAO",4,growing
,unreported,arena,10000.0,Asia,Japan,Nagoya,3,EXO,male,3,5,"SM,KAKAO",4,growing
,unreported,stadium,13000.0,Asia,Taiwan,Taipei,2,EXO,male,3,5,"SM,KAKAO",4,growing
,unreported,stadium,55000.0,Asia,Japan,Tokyo,2,EXO,male,3,5,"SM,KAKAO",4,growing
,unreported,stadium,55000.0,Asia,Japan,Osaka,3,EXO,male,3,5,"SM,KAKAO",4,growing
,unreported,arena,14000.0,Asia,Hong Kong,Hong Kong,2,EXO,male,3,5,"SM,KAKAO",4,growing
,unreported,arena,9679.0,Asia,Philippines,Manila,2,EXO,male,3,5,"SM,KAKAO",4,growing
,unreported,stadium,25000.0,Asia,Malaysia,Kuala Lumpur,1,EXO,male,3,5,"SM,KAKAO",4,growing
,unreported,arena,9000.0,Asia,Singapore,Singapore,1,EXO,male,3,5,"SM,KAKAO",4,growing
5999.0,reported,arena,17000.0,North America,United States,Newark,1,EXO,male,3,5,"SM,KAKAO",5,growing
,unreported,arena,22300.0,North America,Mexico,Mexico City,1,EXO,male,3,5,"SM,KAKAO",5,growing
8668.0,reported,arena,17500.0,North America,United States,Inglewood,1,EXO,male,3,5,"SM,KAKAO",5,growing
,unreported,stadium,65599.0,Asia,South Korea,Seoul,2,EXO,male,3,5,"SM,KAKAO",5,growing
,unreported,stadium,16744.0,Asia,South Korea,Seoul,3,EXO,male,3,5,"SM,KAKAO",5,growing
,unreported,arena,15000.0,Asia,Japan,Fukuoka,3,EXO,male,3,5,"SM,KAKAO",5,growing
,unreported,arena,22500.0,Asia,Japan,Saitama,2,EXO,male,3,5,"SM,KAKAO",5,growing
,unreported,stadium,13000.0,Asia,Taiwan,Taipei,2,EXO,male,3,5,"SM,KAKAO",5,growing
,unreported,stadium,55000.0,Asia,Japan,Osaka,2,EXO,male,3,5,"SM,KAKAO",5,growing
,unreported,arena,9000.0,Asia,Singapore,Singapore,1,EXO,male,3,5,"SM,KAKAO",5,growing
,unreported,arena,12000.0,Asia,Thailand,Bangkok,3,EXO,male,3,5,"SM,KAKAO",5,growing
,unreported,arena,15000.0,Asia,Philippines,Pasay,1,EXO,male,3,5,"SM,KAKAO",6,established
,unreported,arena,14000.0,Asia,Hong Kong,Hong Kong,2,EXO,male,3,5,"SM,KAKAO",6,established
,unreported,arena,11000.0,Asia,Malaysia,Kuala Lumpur,1,EXO,male,3,5,"SM,KAKAO",6,established
,unreported,stadium,16744.0,Asia,South Korea,Seoul,3,EXO,male,3,5,"SM,KAKAO",6,established
,unreported,arena,14000.0,Asia,Macau,Macau,2,EXO,male,3,5,"SM,KAKAO",6,established
68336.0,parcial,stadium,41311.0,Asia,South Korea,Goyang,2,G-Dragon,male,2,1,Galaxy Corporation,15,legacy
96830.0,reported,stadium,55000.0,Asia,Japan,Tokyo,2,G-Dragon,male,2,1,Galaxy Corporation,15,legacy
,unreported,arena,55000.0,Asia,Philippines,Bulacan,1,G-Dragon,male,2,1,Galaxy Corporation,15,legacy
78632.0,reported,stadium,55000.0,Asia,Japan,Osaka,2,G-Dragon,male,2,1,Galaxy Corporation,15,legacy
31185.0,reported,arena,16000.0,Asia,Macau,Macau,3,G-Dragon,male,2,1,Galaxy Corporation,15,legacy
22140.0,reported,arena,18000.0,Oceania,Australia,Sydney,2,G-Dragon,male,2,1,Galaxy Corporation,15,legacy
21913.0,reported,arena,14820.0,Oceania,Australia,Melbourne,2,G-Dragon,male,2,1,Galaxy Corporation,15,legacy
31029.0,reported,stadium,13000.0,Asia,Taiwan,Taipei,3,G-Dragon,male,2,1,Galaxy Corporation,15,legacy
,unreported,arena,11000.0,Asia,Malaysia,Kuala Lumpur,2,G-Dragon,male,2,1,Galaxy Corporation,15,legacy
,unreported,arena,16500.0,Asia,Indonesia,Jakarta,2,G-Dragon,male,2,1,Galaxy Corporation,15,legacy
,unreported,stadium,51560.0,Asia,Thailand,Bangkok,1,G-Dragon,male,2,1,Galaxy Corporation,15,legacy
33245.0,reported,arena,14000.0,Asia,Hong Kong,Hong Kong,3,G-Dragon,male,2,1,Galaxy Corporation,15,legacy
20714.0,reported,arena,17000.0,North America,United States,Newark,2,G-Dragon,male,2,1,Galaxy Corporation,16,legacy
13045.0,reported,arena,20000.0,North America,United States,Las Vegas,1,G-Dragon,male,2,1,Galaxy Corporation,16,legacy
,unreported,stadium,20000.0,North America,United States,Los Angeles,2,G-Dragon,male,2,1,Galaxy Corporation,16,legacy
,unreported,arena,45000.0,Europe,France,Paris,1,G-Dragon,male,2,1,Galaxy Corporation,16,legacy
,unreported,stadium,55000.0,Asia,Japan,Osaka,2,G-Dragon,male,2,1,Galaxy Corporation,16,legacy
,unreported,stadium,59833.0,Asia,Taiwan,Taipei,2,G-Dragon,male,2,1,Galaxy Corporation,16,legacy
,unreported,concert hall,,Asia,Vietnam,Hung Yen,2,G-Dragon,male,2,1,Galaxy Corporation,16,legacy
49139.0,parcial,stadium,16744.0,Asia,South Korea,Seoul,3,G-Dragon,male,2,1,Galaxy Corporation,16,legacy
37761.0,reported,arena,15000.0,Asia,South Korea,Seoul,3,J-Hope,male,3,1,"Bighit,HYBE",2,rookie
27169.0,reported,arena,20000.0,North America,United States,New York,2,J-Hope,male,3,1,"Bighit,HYBE",2,rookie
24756.0,reported,arena,22000.0,North America,United States,Rosemont,2,J-Hope,male,3,1,"Bighit,HYBE",2,rookie
33129.0,reported,arena,26000.0,North America,Mexico,Mexico City,2,J-Hope,male,3,1,"Bighit,HYBE",2,rookie
26809.0,reported,arena,19000.0,North America,United States,San Antonio,2,J-Hope,male,3,1,"Bighit,HYBE",2,rookie
24094.0,reported,arena,19596.0,North America,United States,Oakland,2,J-Hope,male,3,1,"Bighit,HYBE",2,rookie
42799.0,reported,stadium,22000.0,North America,United States,Los Angeles,2,J-Hope,male,3,1,"Bighit,HYBE",2,rookie
22138.0,reported,arena,15000.0,Asia,Philippines,Pasay,2,J-Hope,male,3,1,"Bighit,HYBE",2,rookie
38721.0,reported,arena,22500.0,Asia,Japan,Saitama,2,J-Hope,male,3,1,"Bighit,HYBE",2,rookie
19684.0,reported,arena,9000.0,Asia,Singapore,Singapore,2,J-Hope,male,3,1,"Bighit,HYBE",2,rookie
20104.0,reported,arena,16500.0,Asia,Indonesia,Jakarta,2,J-Hope,male,3,1,"Bighit,HYBE",2,rookie
25494.0,reported,arena,12000.0,Asia,Thailand,Bangkok,2,J-Hope,male,3,1,"Bighit,HYBE",2,rookie
19417.0,reported,arena,16000.0,Asia,Macau,Macau,2,J-Hope,male,3,1,"Bighit,HYBE",2,rookie
19403.0,reported,arena,15000.0,Asia,Taiwan,Taoyuan,2,J-Hope,male,3,1,"Bighit,HYBE",2,rookie
70153.0,reported,stadium,55000.0,Asia,Japan,Osaka,2,J-Hope,male,3,1,"Bighit,HYBE",2,rookie
52449.0,reported,stadium,41311.0,Asia,South Korea,Goyang,2,J-Hope,male,3,1,"Bighit,HYBE",2,rookie
19253.0,reported,stadium,41311.0,Asia,South Korea,Goyang,2,Jin,male,3,1,"Bighit,HYBE",2,rookie
10718.0,parcial,arena,11069.0,Asia,South Korea,Seoul,2,Jin,male,3,1,"Bighit,HYBE",2,rookie
42686.0,reported,arena,,Asia,Japan,Chiba,2,Jin,male,3,1,"Bighit,HYBE",2,rookie
82510.0,reported,stadium,55000.0,Asia,Japan,Osaka,2,Jin,male,3,1,"Bighit,HYBE",2,rookie
23753.0,reported,theater,10935.0,North America,United States,Anaheim,2,Jin,male,3,1,"Bighit,HYBE",2,rookie
23162.0,reported,arena,21000.0,North America,United States,Dallas,2,Jin,male,3,1,"Bighit,HYBE",2,rookie
22144.0,reported,arena,21500.0,North America,United States,Tampa,2,Jin,male,3,1,"Bighit,HYBE",2,rookie
23056.0,reported,arena,17000.0,North America,United States,Newark,2,Jin,male,3,1,"Bighit,HYBE",2,rookie
27917.0,reported,arena,20000.0,Europe,England,London,2,Jin,male,3,1,"Bighit,HYBE",2,rookie
22758.0,reported,arena,17000.0,Europe,Netherlands,Amsterdam,2,Jin,male,3,1,"Bighit,HYBE",2,rookie
38375.0,parcial,stadium,49084.0,Asia,South Korea,Incheon,2,Jin,male,3,1,"Bighit,HYBE",3,growing
24800.0,parcial,arena,15000.0,Asia,South Korea,Seoul,2,NCT127,male,3,8,"SM,KAKAO",2,rookie
4844.0,parcial,theater,2400.0,Asia,Japan,Osaka,2,NCT127,male,3,8,"SM,KAKAO",2,rookie
5000.0,parcial,concert hall,2001.0,Asia,Japan,Hiroshima,2,NCT127,male,3,8,"SM,KAKAO",2,rookie
3414.0,parcial,concert hall,1700.0,Asia,Japan,Kanazawa,2,NCT127,male,3,8,"SM,KAKAO",2,rookie
4606.0,parcial,concert hall,2302.0,Asia,Japan,Sapporo,2,NCT127,male,3,8,"SM,KAKAO",2,rookie
4632.0,parcial,concert hall,2316.0,Asia,Japan,Fukuoka,2,NCT127,male,3,8,"SM,KAKAO",2,rookie
2400.0,parcial,concert hall,2000.0,Asia,Japan,Nagoya,1,NCT127,male,3,8,"SM,KAKAO",2,rookie
49921.0,parcial,arena,22500.0,Asia,Japan,Saitama,3,NCT127,male,3,8,"SM,KAKAO",2,rookie
5622.0,parcial,arena,17000.0,North America,United States,Newark,1,NCT127,male,3,8,"SM,KAKAO",2,rookie
3197.0,parcial,concert hall,3600.0,North America,United States,Atlanta,1,NCT127,male,3,8,"SM,KAKAO",2,rookie
5206.0,parcial,arena,8000.0,North America,United States,Miami,1,NCT127,male,3,8,"SM,KAKAO",2,rookie
6066.0,parcial,concert hall,6350.0,North America,United States,Grand Prairie,1,NCT127,male,3,8,"SM,KAKAO",2,rookie
4725.0,parcial,theater,5000.0,North America,United States,Phoenix,1,NCT127,male,3,8,"SM,KAKAO",2,rookie
6294.0,parcial,concert hall,6400.0,North America,United States,Sugar Land,1,NCT127,male,3,8,"SM,KAKAO",2,rookie
4199.0,parcial,theater,4400.0,North America,United States,Rosemont,1,NCT127,male,3,8,"SM,KAKAO",2,rookie
5812.0,parcial,theater,3036.0,North America,United States,San Jose,2,NCT127,male,3,8,"SM,KAKAO",2,rookie
6534.0,parcial,arena,7100.0,North America,United States,Los Angeles,1,NCT127,male,3,8,"SM,KAKAO",2,rookie
4118.0,parcial,concert hall,9250.0,North America,Canada,Toronto,1,NCT127,male,3,8,"SM,KAKAO",2,rookie
3228.0,parcial,arena,17500.0,North America,Canada,Vancouver,1,NCT127,male,3,8,"SM,KAKAO",2,rookie
2910.0,parcial,theater,3165.0,North America,Mexico,Mexico City,1,NCT127,male,3,8,"SM,KAKAO",2,rookie
10746.0,parcial,arena,9000.0,Asia,Singapore,Singapore,3,NCT127,male,3,8,"SM,KAKAO",2,rookie
4631.0,parcial,arena,12300.0,Europe,Russia,Saint Petersburg,1,NCT127,male,3,8,"SM,KAKAO",2,rookie
6186.0,parcial,arena,16500.0,Europe,Russia,Moscow,1,NCT127,male,3,8,"SM,KAKAO",2,rookie
6402.0,parcial,arena,12500.0,Europe,England,London,1,NCT127,male,3,8,"SM,KAKAO",3,growing
3752.0,parcial,concert hall,6000.0,Europe,France,Paris,1,NCT127,male,3,8,"SM,KAKAO",3,growing
4218.0,parcial,arena,9000.0,Asia,Singapore,Singapore,1,NCT127,male,3,8,"SM,KAKAO",3,growing
24352.0,parcial,arena,16000.0,Asia,Japan,Osaka,2,NCT127,male,3,8,"SM,KAKAO",3,growing
15000.0,parcial,arena,15000.0,Asia,Japan,Fukuoka,2,NCT127,male,3,8,"SM,KAKAO",3,growing
5500.0,parcial,concert hall,10000.0,Asia,Japan,Niigata,1,NCT127,male,3,8,"SM,KAKAO",3,growing
29646.0,parcial,arena,10000.0,Asia,Japan,Tokyo,3,NCT127,male,3,8,"SM,KAKAO",3,growing
,unreported,,,North America,United States,New York,1,NCT127,male,3,8,"SM,KAKAO",3,growing
,unreported,arena,13100.0,North America,United States,Duluth,1,NCT127,male,3,8,"SM,KAKAO",3,growing
,unreported,arena,10387.0,North America,United States,Chicago,1,NCT127,male,3,8,"SM,KAKAO",3,growing
,unreported,arena,19190.0,North America,United States,San Jose,1,NCT127,male,3,8,"SM,KAKAO",3,growing
,unreported,arena,17500.0,North America,United States,Inglewood,1,NCT127,male,3,8,"SM,KAKAO",3,growing
,unreported,concert hall,7000.0,North America,United States,Seattle,1,NCT127,male,3,8,"SM,KAKAO",3,growing
36900.0,parcial,arena,15000.0,Asia,South Korea,Seoul,3,SEVENTEEN,male,3,13,"Pledis,HYBE",3,growing
23329.0,parcial,arena,16000.0,Asia,Japan,Osaka,2,SEVENTEEN,male,3,13,"Pledis,HYBE",3,growing
,unreported,concert hall,10000.0,Asia,Japan,Nagoya,1,SEVENTEEN,male,3,13,"Pledis,HYBE",3,growing
13000.0,parcial,concert hall,10000.0,Asia,Japan,Nagoya,2,SEVENTEEN,male,3,13,"Pledis,HYBE",3,growing
24155.0,parcial,arena,17000.0,Asia,Japan,Yokohama,2,SEVENTEEN,male,3,13,"Pledis,HYBE",3,growing
43500.0,parcial,arena,,Asia,Japan,Chiba,3,SEVENTEEN,male,3,13,"Pledis,HYBE",3,growing
4566.0,parcial,arena,7166.0,Asia,Indonesia,Jakarta,1,SEVENTEEN,male,3,13,"Pledis,HYBE",3,growing
8538.0,parcial,concert hall,3500.0,Asia,Thailand,Bangkok,2,SEVENTEEN,male,3,13,"Pledis,HYBE",3,growing
,unreported,arena,17000.0,North America,United States,Newark,1,SEVENTEEN,male,3,13,"Pledis,HYBE",3,growing
,unreported,arena,23500.0,North America,United States,Chicago,1,SEVENTEEN,male,3,13,"Pledis,HYBE",3,growing
,unreported,theater,4000.0,North America,United States,Irving,1,SEVENTEEN,male,3,13,"Pledis,HYBE",3,growing
4793.0,parcial,concert hall,6400.0,North America,United States,Sugar Land,1,SEVENTEEN,male,3,13,"Pledis,HYBE",3,growing
7233.0,parcial,arena,26000.0,North America,Mexico,Mexico City,1,SEVENTEEN,male,3,13,"Pledis,HYBE",3,growing
,unreported,arena,17500.0,North America,United States,Inglewood,1,SEVENTEEN,male,3,13,"Pledis,HYBE",3,growing
,unreported,arena,19190.0,North America,United States,San Jose,1,SEVENTEEN,male,3,13,"Pledis,HYBE",3,growing
3878.0,parcial,arena,7141.0,North America,United States,Kent,1,SEVENTEEN,male,3,13,"Pledis,HYBE",3,growing
7636.0,parcial,arena,15000.0,Asia,Philippines,Pasay,1,SEVENTEEN,male,3,13,"Pledis,HYBE",3,growing
,unreported,arena,11000.0,Asia,Malaysia,Kuala Lumpur,1,SEVENTEEN,male,3,13,"Pledis,HYBE",3,growing
,unreported,arena,15000.0,Asia,Taiwan,Taoyuan,1,SEVENTEEN,male,3,13,"Pledis,HYBE",3,growing
,unreported,arena,15000.0,Europe,Spain,Madrid,1,SEVENTEEN,male,3,13,"Pledis,HYBE",3,growing
,unreported,concert hall,6000.0,Europe,France,Paris,1,SEVENTEEN,male,3,13,"Pledis,HYBE",3,growing
,unreported,arena,12500.0,Europe,England,London,1,SEVENTEEN,male,3,13,"Pledis,HYBE",3,growing
,unreported,arena,17000.0,Europe,Germany,Berlin,1,SEVENTEEN,male,3,13,"Pledis,HYBE",3,growing
34923.0,reported,stadium,16744.0,Asia,South Korea,Seoul,2,SEVENTEEN,male,3,13,"Pledis,HYBE",6,established
8377.0,reported,arena,19000.0,North America,Canada,Vancouver,1,SEVENTEEN,male,3,13,"Pledis,HYBE",6,established
8806.0,reported,arena,17200.0,North America,United States,Seattle,1,SEVENTEEN,male,3,13,"Pledis,HYBE",6,established
12601.0,reported,arena,19596.0,North America,United States,Oakland,1,SEVENTEEN,male,3,13,"Pledis,HYBE",6,established
12561.0,reported,arena,17500.0,North America,United States,Inglewood,1,SEVENTEEN,male,3,13,"Pledis,HYBE",6,established
9124.0,reported,arena,19000.0,North America,United States,Houston,1,SEVENTEEN,male,3,13,"Pledis,HYBE",6,established
9282.0,reported,arena,14000.0,North America,United States,Fort Worth,1,SEVENTEEN,male,3,13,"Pledis,HYBE",6,established
12421.0,reported,arena,23500.0,North America,United States,Chicago,1,SEVENTEEN,male,3,13,"Pledis,HYBE",6,established
11341.0,reported,arena,20356.0,North America,United States,Washington,1,SEVENTEEN,male,3,13,"Pledis,HYBE",6,established
9503.0,reported,arena,18000.0,North America,United States,Atlanta,1,SEVENTEEN,male,3,13,"Pledis,HYBE",6,established
9028.0,reported,arena,19000.0,North America,United States,New York,1,SEVENTEEN,male,3,13,"Pledis,HYBE",6,established
13763.0,reported,arena,19800.0,North America,Canada,Toronto,1,SEVENTEEN,male,3,13,"Pledis,HYBE",6,established
10717.0,reported,arena,17000.0,North America,United States,Newark,1,SEVENTEEN,male,3,13,"Pledis,HYBE",6,established
17336.0,reported,concert hall,,Asia,Indonesia,Tangerang,2,SEVENTEEN,male,3,13,"Pledis,HYBE",6,established
19270.0,reported,arena,12000.0,Asia,Thailand,Bangkok,2,SEVENTEEN,male,3,13,"Pledis,HYBE",6,established
16956.0,reported,arena,15000.0,Asia,Philippines,Pasay,2,SEVENTEEN,male,3,13,"Pledis,HYBE",6,established
8191.0,reported,arena,9000.0,Asia,Singapore,Singapore,1,SEVENTEEN,male,3,13,"Pledis,HYBE",6,established
78593.0,reported,stadium,55000.0,Asia,Japan,Osaka,2,SEVENTEEN,male,3,13,"Pledis,HYBE",6,established
93063.0,reported,stadium,55000.0,Asia,Japan,Tokyo,2,SEVENTEEN,male,3,13,"Pledis,HYBE",6,established
81644.0,reported,stadium,36418.0,Asia,Japan,Nagoya,2,SEVENTEEN,male,3,13,"Pledis,HYBE",6,established
39480.0,reported,arena,55000.0,Asia,Philippines,Bulacan,1,SEVENTEEN,male,3,13,"Pledis,HYBE",6,established
25079.0,reported,stadium,,Asia,Indonesia,Jakarta,1,SEVENTEEN,male,3,13,"Pledis,HYBE",6,established
34341.0,reported,stadium,16744.0,Asia,South Korea,Seoul,2,SEVENTEEN,male,3,13,"Pledis,HYBE",7,established
89119.0,reported,stadium,55000.0,Asia,Japan,Tokyo,2,SEVENTEEN,male,3,13,"Pledis,HYBE",7,established
61088.0,reported,stadium,31552.0,Asia,Japan,Saitama,2,SEVENTEEN,male,3,13,"Pledis,HYBE",7,established
108239.0,reported,stadium,36418.0,Asia,Japan,Nagoya,3,SEVENTEEN,male,3,13,"Pledis,HYBE",7,established
107848.0,reported,stadium,55000.0,Asia,Japan,Osaka,3,SEVENTEEN,male,3,13,"Pledis,HYBE",7,established
68670.0,reported,stadium,47500.0,Asia,Japan,Fukuoka,2,SEVENTEEN,male,3,13,"Pledis,HYBE",7,established
59023.0,reported,stadium,51560.0,Asia,Thailand,Bangkok,2,SEVENTEEN,male,3,13,"Pledis,HYBE",7,established
54035.0,reported,stadium,25000.0,Asia,Philippines,Bulacan,2,SEVENTEEN,male,3,13,"Pledis,HYBE",7,established
37486.0,reported,stadium,16272.0,Asia,Macau,Macau,2,SEVENTEEN,male,3,13,"Pledis,HYBE",7,established
56047.0,reported,stadium,29376.0,Asia,South Korea,Incheon,2,SEVENTEEN,male,3,13,"Pledis,HYBE",7,established
71525.0,reported,stadium,66704.0,Asia,South Korea,Seoul,2,SEVENTEEN,male,3,13,"Pledis,HYBE",7,established
100565.0,reported,stadium,47853.0,Asia,Japan,Osaka,2,SEVENTEEN,male,3,13,"Pledis,HYBE",7,established
140328.0,reported,stadium,72327.0,Asia,Japan,Yokohama,2,SEVENTEEN,male,3,13,"Pledis,HYBE",7,established
57421.0,reported,stadium,41311.0,Asia,South Korea,Goyang,2,SEVENTEEN,male,3,13,"Pledis,HYBE",8,established
21808.0,reported,arena,22000.0,North America,United States,Rosemont,2,SEVENTEEN,male,3,13,"Pledis,HYBE",8,established
25532.0,reported,arena,19000.0,North America,United States,New York,2,SEVENTEEN,male,3,13,"Pledis,HYBE",8,established
25723.0,reported,arena,19000.0,North America,United States,San Antonio,2,SEVENTEEN,male,3,13,"Pledis,HYBE",8,established
23409.0,reported,arena,19596.0,North America,United States,Oakland,2,SEVENTEEN,male,3,13,"Pledis,HYBE",8,established
43069.0,reported,stadium,22000.0,North America,United States,Los Angeles,2,SEVENTEEN,male,3,13,"Pledis,HYBE",8,established
76020.0,reported,stadium,36418.0,Asia,Japan,Nagoya,2,SEVENTEEN,male,3,13,"Pledis,HYBE",8,established
87763.0,reported,stadium,55000.0,Asia,Japan,Tokyo,2,SEVENTEEN,male,3,13,"Pledis,HYBE",8,established
112150.0,reported,stadium,55000.0,Asia,Japan,Osaka,3,SEVENTEEN,male,3,13,"Pledis,HYBE",8,established
106571.0,reported,stadium,47500.0,Asia,Japan,Fukuoka,3,SEVENTEEN,male,3,13,"Pledis,HYBE",8,established
57632.0,reported,stadium,25000.0,Asia,Philippines,Bulacan,2,SEVENTEEN,male,3,13,"Pledis,HYBE",8,established
73985.0,reported,stadium,55000.0,Asia,Singapore,Singapore,2,SEVENTEEN,male,3,13,"Pledis,HYBE",8,established
64819.0,reported,arena,82000.0,Asia,Indonesia,Jakarta,2,SEVENTEEN,male,3,13,"Pledis,HYBE",8,established
68845.0,reported,stadium,51560.0,Asia,Thailand,Bangkok,2,SEVENTEEN,male,3,13,"Pledis,HYBE",8,established
50053.0,reported,stadium,29376.0,Asia,South Korea,Incheon,2,SEVENTEEN,male,3,13,"Pledis,HYBE",9,established
71192.0,reported,stadium,45995.0,Asia,Hong Kong,Hong Kong,2,SEVENTEEN,male,3,13,"Pledis,HYBE",9,established
11319.0,reported,arena,21000.0,North America,United States,Tacoma,1,SEVENTEEN,male,3,13,"Pledis,HYBE",9,established
26734.0,reported,stadium,22000.0,North America,United States,Los Angeles,2,SEVENTEEN,male,3,13,"Pledis,HYBE",9,established
13220.0,reported,arena,16223.0,North America,United States,Austin,2,SEVENTEEN,male,3,13,"Pledis,HYBE",9,established
15527.0,reported,arena,23000.0,North America,United States,Sunrise,2,SEVENTEEN,male,3,13,"Pledis,HYBE",9,established
18437.0,reported,arena,20356.0,North America,United States,Washington,2,SEVENTEEN,male,3,13,"Pledis,HYBE",9,established
,unreported,stadium,36418.0,Asia,Japan,Nagoya,3,SEVENTEEN,male,3,13,"Pledis,HYBE",9,established
,unreported,stadium,55000.0,Asia,Japan,Osaka,3,SEVENTEEN,male,3,13,"Pledis,HYBE",9,established
,unreported,stadium,55000.0,Asia,Japan,Tokyo,2,SEVENTEEN,male,3,13,"Pledis,HYBE",9,established
,unreported,stadium,47500.0,Asia,Japan,Fukuoka,2,SEVENTEEN,male,3,13,"Pledis,HYBE",9,established
,unreported,stadium,45995.0,Asia,Hong Kong,Hong Kong,2,SEVENTEEN,male,3,13,"Pledis,HYBE",9,established
,unreported,stadium,55000.0,Asia,Singapore,Singapore,1,SEVENTEEN,male,3,13,"Pledis,HYBE",9,established
,unreported,stadium,35000.0,Asia,Thailand,Bangkok,2,SEVENTEEN,male,3,13,"Pledis,HYBE",9,established
,unreported,stadium,25000.0,Asia,Philippines,Bulacan,1,SEVENTEEN,male,3,13,"Pledis,HYBE",9,established
,unreported,stadium,29376.0,Asia,South Korea,Incheon,2,SEVENTEEN,male,3,13,"Pledis,HYBE",9,established
15693.0,reported,arena,11069.0,Asia,South Korea,Seoul,3,Stray Kids,male,4,8,JYP,4,growing
12000.0,reported,arena,8000.0,Asia,Japan,Kobe,2,Stray Kids,male,4,8,JYP,4,growing
21580.0,reported,arena,12898.0,Asia,Japan,Tokyo,2,Stray Kids,male,4,8,JYP,4,growing
24186.0,reported,arena,17000.0,North America,United States,Newark,2,Stray Kids,male,4,8,JYP,4,growing
12718.0,reported,arena,23500.0,North America,United States,Chicago,1,Stray Kids,male,4,8,JYP,4,growing
24920.0,reported,arena,17500.0,North America,United States,Inglewood,2,Stray Kids,male,4,8,JYP,4,growing
12507.0,reported,arena,19596.0,North America,United States,Oakland,1,Stray Kids,male,4,8,JYP,4,growing
23522.0,reported,arena,17200.0,North America,United States,Seattle,2,Stray Kids,male,4,8,JYP,4,growing
20026.0,reported,theater,10935.0,North America,United States,Anaheim,2,Stray Kids,male,4,8,JYP,4,growing
21641.0,reported,arena,12898.0,Asia,Japan,Tokyo,2,Stray Kids,male,4,8,JYP,4,growing
20231.0,reported,arena,15000.0,Asia,South Korea,Seoul,2,Stray Kids,male,4,8,JYP,4,growing
15862.0,reported,arena,15000.0,Asia,Indonesia,Jakarta,2,Stray Kids,male,4,8,JYP,4,growing
20817.0,reported,arena,12000.0,Asia,Thailand,Bangkok,2,Stray Kids,male,4,8,JYP,4,growing
8813.0,reported,arena,9000.0,Asia,Singapore,Singapore,1,Stray Kids,male,4,8,JYP,4,growing
56862.0,reported,arena,22500.0,Asia,Japan,Saitama,2,Stray Kids,male,4,8,JYP,4,growing
23139.0,reported,arena,14820.0,Oceania,Australia,Melbourne,2,Stray Kids,male,4,8,JYP,4,growing
23897.0,reported,arena,18000.0,Oceania,Australia,Sydney,2,Stray Kids,male,4,8,JYP,4,growing
79331.0,reported,stadium,55000.0,Asia,Japan,Osaka,2,Stray Kids,male,4,8,JYP,4,growing
17629.0,reported,arena,15000.0,Asia,Philippines,Pasay,2,Stray Kids,male,4,8,JYP,4,growing
23019.0,reported,arena,18000.0,North America,United States,Atlanta,2,Stray Kids,male,4,8,JYP,4,growing
22626.0,reported,arena,14000.0,North America,United States,Fort Worth,2,Stray Kids,male,4,8,JYP,5,growing
45380.0,reported,stadium,22000.0,North America,United States,Los Angeles,2,Stray Kids,male,4,8,JYP,5,growing
73789.0,reported,stadium,47500.0,Asia,Japan,Fukuoka,2,Stray Kids,male,4,8,JYP,5,growing
75516.0,reported,stadium,36418.0,Asia,Japan,Nagoya,2,Stray Kids,male,4,8,JYP,5,growing
77833.0,reported,stadium,55000.0,Asia,Japan,Osaka,2,Stray Kids,male,4,8,JYP,5,growing
31267.0,reported,stadium,16744.0,Asia,South Korea,Seoul,2,Stray Kids,male,4,8,JYP,5,growing
95371.0,reported,stadium,55000.0,Asia,Japan,Tokyo,2,Stray Kids,male,4,8,JYP,5,growing
40907.0,reported,arena,15000.0,Asia,South Korea,Seoul,4,Stray Kids,male,4,8,JYP,6,established
31462.0,reported,stadium,55000.0,Asia,Singapore,Singapore,1,Stray Kids,male,4,8,JYP,6,established
27336.0,reported,stadium,56347.0,Oceania,Australia,Melbourne,1,Stray Kids,male,4,8,JYP,6,established
36589.0,reported,stadium,42500.0,Oceania,Australia,Sydney,1,Stray Kids,male,4,8,JYP,6,established
41273.0,reported,stadium,55000.0,Asia,Taiwan,Kaohsiung,1,Stray Kids,male,4,8,JYP,6,established
143575.0,reported,stadium,55000.0,Asia,Japan,Tokyo,3,Stray Kids,male,4,8,JYP,6,established
23047.0,reported,arena,55000.0,Asia,Philippines,Bulacan,1,Stray Kids,male,4,8,JYP,6,established
21277.0,reported,arena,16000.0,Asia,Macau,Macau,2,Stray Kids,male,4,8,JYP,6,established
114703.0,reported,stadium,55000.0,Asia,Japan,Osaka,3,Stray Kids,male,4,8,JYP,6,established
20600.0,reported,stadium,35000.0,Asia,Thailand,Bangkok,1,Stray Kids,male,4,8,JYP,6,established
9726.0,reported,arena,16500.0,Asia,Indonesia,Jakarta,1,Stray Kids,male,4,8,JYP,6,established
20922.0,reported,arena,14000.0,Asia,Hong Kong,Hong Kong,2,Stray Kids,male,4,8,JYP,6,established
48229.0,reported,stadium,25000.0,South America,Chile,Santiago,2,Stray Kids,male,4,8,JYP,7,established
49063.0,reported,stadium,70000.0,South America,Brazil,Rio De Janeiro,1,Stray Kids,male,4,8,JYP,7,established
110479.0,reported,stadium,72039.0,South America,Brazil,São Paulo,2,Stray Kids,male,4,8,JYP,7,established
43806.0,reported,stadium,32000.0,South America,Peru,Lima,1,Stray Kids,male,4,8,JYP,7,established
109963.0,reported,stadium,65000.0,North America,Mexico,Mexico City,2,Stray Kids,male,4,8,JYP,7,established
207917.0,reported,stadium,50889.0,Asia,Japan,Shizuoka,4,Stray Kids,male,4,8,JYP,7,established
41264.0,reported,stadium,47368.0,North America,United States,Seattle,1,Stray Kids,male,4,8,JYP,7,established
33403.0,reported,stadium,45000.0,North America,United States,San Francisco,1,Stray Kids,male,4,8,JYP,7,established
79389.0,reported,stadium,70240.0,North America,United States,Inglewood,2,Stray Kids,male,4,8,JYP,7,established
68253.0,reported,stadium,40300.0,North America,United States,Arlington,2,Stray Kids,male,4,8,JYP,7,established
36732.0,reported,stadium,41108.0,North America,United States,Atlanta,1,Stray Kids,male,4,8,JYP,7,established
46766.0,reported,stadium,60219.0,North America,United States,Orlando,1,Stray Kids,male,4,8,JYP,7,established
63005.0,reported,stadium,41922.0,North America,United States,New York,2,Stray Kids,male,4,8,JYP,7,established
37095.0,reported,stadium,41373.0,North America,United States,Washington,1,Stray Kids,male,4,8,JYP,7,established
35799.0,reported,stadium,41649.0,North America,United States,Chicago,1,Stray Kids,male,4,8,JYP,7,established
49745.0,reported,stadium,50000.0,North America,Canada,Toronto,1,Stray Kids,male,4,8,JYP,7,established
43788.0,reported,stadium,71000.0,Europe,Netherlands,Amsterdam,1,Stray Kids,male,4,8,JYP,7,established
41631.0,reported,stadium,65000.0,Europe,Germany,Frankfurt,1,Stray Kids,male,4,8,JYP,7,established
89225.0,reported,stadium,62850.0,Europe,England,London,2,Stray Kids,male,4,8,JYP,7,established
49096.0,reported,stadium,60000.0,Europe,Spain,Madrid,1,Stray Kids,male,4,8,JYP,7,established
,unreported,stadium,60000.0,Europe,Spain,Madrid,1,Stray Kids,male,4,8,JYP,7,established
117382.0,reported,stadium,81338.0,Europe,France,Paris,2,Stray Kids,male,4,8,JYP,7,established
50374.0,reported,stadium,70634.0,Europe,Italy,Rome,1,Stray Kids,male,4,8,JYP,7,established
,unreported,stadium,29376.0,Asia,South Korea,Incheon,2,Stray Kids,male,4,8,JYP,7,established
22987.0,missing,arena,15000.0,Asia,South Korea,Seoul,3,The Boyz,male,4,10,ONE HUNDRED,7,established
,unreported,concert hall,15000.0,Asia,Japan,Nagoya,2,The Boyz,male,4,10,ONE HUNDRED,7,established
,unreported,arena,12141.0,Asia,Japan,Yokohama,2,The Boyz,male,4,10,ONE HUNDRED,7,established
,unreported,arena,8000.0,Asia,Japan,Kobe,2,The Boyz,male,4,10,ONE HUNDRED,7,established
2020.0,reported,theater,5600.0,North America,United States,New York,1,The Boyz,male,4,10,ONE HUNDRED,7,established
1116.0,reported,theater,3600.0,North America,United States,Chicago,1,The Boyz,male,4,10,ONE HUNDRED,7,established
564.0,reported,theater,1050.0,North America,United States,Atlanta,1,The Boyz,male,4,10,ONE HUNDRED,7,established
,unreported,concert hall,3040.0,North America,United States,Oakland,1,The Boyz,male,4,10,ONE HUNDRED,7,established
1186.0,reported,theater,2000.0,North America,United States,Los Angeles,1,The Boyz,male,4,10,ONE HUNDRED,7,established
787.0,reported,theater,,North America,United States,Tacoma,1,The Boyz,male,4,10,ONE HUNDRED,7,established
,unreported,arena,10000.0,Asia,Japan,Tokyo,2,The Boyz,male,4,10,ONE HUNDRED,7,established
,unreported,concert hall,,Asia,Macau,Macau,1,The Boyz,male,4,10,ONE HUNDRED,7,established
,unreported,concert hall,,Asia,Malaysia,Kuala Lumpur,1,The Boyz,male,4,10,ONE HUNDRED,7,established
,unreported,arena,15000.0,Asia,Taiwan,Taoyuan,1,The Boyz,male,4,10,ONE HUNDRED,7,established
,unreported,concert hall,8000.0,Asia,Thailand,Bangkok,1,The Boyz,male,4,10,ONE HUNDRED,7,established
,unreported,concert hall,,Asia,Indonesia,Tangerang,1,The Boyz,male,4,10,ONE HUNDRED,7,established
10267.0,reported,arena,11069.0,Asia,South Korea,Seoul,2,TOMORROW X TOGETHER,male,4,5,"Bighit,HYBE",3,growing
4340.0,reported,theater,4400.0,North America,United States,Rosemont,1,TOMORROW X TOGETHER,male,4,5,"Bighit,HYBE",3,growing
5239.0,reported,theater,5600.0,North America,United States,New York,1,TOMORROW X TOGETHER,male,4,5,"Bighit,HYBE",3,growing
4509.0,reported,theater,4665.0,North America,United States,Atlanta,1,TOMORROW X TOGETHER,male,4,5,"Bighit,HYBE",3,growing
6202.0,reported,concert hall,6350.0,North America,United States,Grand Prairie,1,TOMORROW X TOGETHER,male,4,5,"Bighit,HYBE",3,growing
6250.0,reported,concert hall,6400.0,North America,United States,Sugar Land,1,TOMORROW X TOGETHER,male,4,5,"Bighit,HYBE",3,growing
5168.0,reported,arena,8500.0,North America,United States,San Francisco,1,TOMORROW X TOGETHER,male,4,5,"Bighit,HYBE",3,growing
13562.0,reported,arena,7100.0,North America,United States,Los Angeles,2,TOMORROW X TOGETHER,male,4,5,"Bighit,HYBE",3,growing
12117.0,reported,arena,7056.0,Asia,Japan,Osaka,2,TOMORROW X TOGETHER,male,4,5,"Bighit,HYBE",3,growing
12290.0,reported,arena,,Asia,Japan,Chiba,2,TOMORROW X TOGETHER,male,4,5,"Bighit,HYBE",3,growing
6067.0,reported,concert hall,,Asia,Indonesia,Tangerang,1,TOMORROW X TOGETHER,male,4,5,"Bighit,HYBE",3,growing
15999.0,reported,arena,15000.0,Asia,Philippines,Pasay,2,TOMORROW X TOGETHER,male,4,5,"Bighit,HYBE",3,growing
8588.0,reported,arena,12000.0,Asia,Thailand,Bangkok,2,TOMORROW X TOGETHER,male,4,5,"Bighit,HYBE",3,growing
21445.0,reported,arena,15000.0,Asia,South Korea,Seoul,2,TOMORROW X TOGETHER,male,4,5,"Bighit,HYBE",4,growing
7830.0,reported,arena,9000.0,Asia,Singapore,Singapore,1,TOMORROW X TOGETHER,male,4,5,"Bighit,HYBE",4,growing
16042.0,reported,concert hall,,Asia,Taiwan,Taipei,2,TOMORROW X TOGETHER,male,4,5,"Bighit,HYBE",4,growing
17204.0,reported,arena,16000.0,Asia,Japan,Osaka,2,TOMORROW X TOGETHER,male,4,5,"Bighit,HYBE",4,growing
40390.0,reported,arena,22500.0,Asia,Japan,Saitama,2,TOMORROW X TOGETHER,male,4,5,"Bighit,HYBE",4,growing
22497.0,reported,arena,17000.0,Asia,Japan,Yokohama,2,TOMORROW X TOGETHER,male,4,5,"Bighit,HYBE",4,growing
27234.0,reported,concert hall,15000.0,Asia,Japan,Nagoya,2,TOMORROW X TOGETHER,male,4,5,"Bighit,HYBE",4,growing
12662.0,reported,arena,18504.0,North America,United States,Charlotte,1,TOMORROW X TOGETHER,male,4,5,"Bighit,HYBE",4,growing
22506.0,reported,arena,19000.0,North America,United States,New York,2,TOMORROW X TOGETHER,male,4,5,"Bighit,HYBE",4,growing
12073.0,reported,arena,20356.0,North America,United States,Washington,1,TOMORROW X TOGETHER,male,4,5,"Bighit,HYBE",4,growing
17804.0,reported,arena,13100.0,North America,United States,Duluth,2,TOMORROW X TOGETHER,male,4,5,"Bighit,HYBE",4,growing
24456.0,reported,arena,19000.0,North America,United States,San Antonio,2,TOMORROW X TOGETHER,male,4,5,"Bighit,HYBE",4,growing
46757.0,reported,stadium,22000.0,North America,United States,Los Angeles,2,TOMORROW X TOGETHER,male,4,5,"Bighit,HYBE",4,growing
71757.0,reported,stadium,55000.0,Asia,Japan,Osaka,2,TOMORROW X TOGETHER,male,4,5,"Bighit,HYBE",4,growing
7231.0,reported,arena,15000.0,Asia,Indonesia,Jakarta,1,TOMORROW X TOGETHER,male,4,5,"Bighit,HYBE",4,growing
10886.0,reported,arena,55000.0,Asia,Philippines,Bulacan,1,TOMORROW X TOGETHER,male,4,5,"Bighit,HYBE",4,growing
25042.0,reported,stadium,16744.0,Asia,South Korea,Seoul,2,TOMORROW X TOGETHER,male,4,5,"Bighit,HYBE",4,growing
32125.0,reported,arena,15000.0,Asia,South Korea,Seoul,3,TOMORROW X TOGETHER,male,4,5,"Bighit,HYBE",5,growing
10691.0,reported,arena,21000.0,North America,United States,Tacoma,1,TOMORROW X TOGETHER,male,4,5,"Bighit,HYBE",5,growing
15662.0,reported,stadium,64829.0,North America,United States,Oakland,1,TOMORROW X TOGETHER,male,4,5,"Bighit,HYBE",5,growing
23849.0,reported,stadium,20000.0,North America,United States,Los Angeles,2,TOMORROW X TOGETHER,male,4,5,"Bighit,HYBE",5,growing
21734.0,reported,stadium,41168.0,North America,United States,Houston,1,TOMORROW X TOGETHER,male,4,5,"Bighit,HYBE",5,growing
10072.0,reported,arena,18000.0,North America,United States,Atlanta,1,TOMORROW X TOGETHER,male,4,5,"Bighit,HYBE",5,growing
24775.0,reported,theater,5600.0,North America,United States,New York,2,TOMORROW X TOGETHER,male,4,5,"Bighit,HYBE",5,growing
21446.0,reported,arena,22000.0,North America,United States,Rosemont,2,TOMORROW X TOGETHER,male,4,5,"Bighit,HYBE",5,growing
13169.0,reported,arena,20356.0,North America,United States,Washington,1,TOMORROW X TOGETHER,male,4,5,"Bighit,HYBE",5,growing
71611.0,reported,stadium,55000.0,Asia,Japan,Tokyo,2,TOMORROW X TOGETHER,male,4,5,"Bighit,HYBE",5,growing
53645.0,reported,stadium,55000.0,Asia,Japan,Osaka,2,TOMORROW X TOGETHER,male,4,5,"Bighit,HYBE",5,growing
46054.0,reported,stadium,36418.0,Asia,Japan,Nagoya,2,TOMORROW X TOGETHER,male,4,5,"Bighit,HYBE",5,growing
21293.0,reported,arena,16000.0,Asia,Macau,Macau,2,TOMORROW X TOGETHER,male,4,5,"Bighit,HYBE",5,growing
8183.0,reported,arena,9000.0,Asia,Singapore,Singapore,1,TOMORROW X TOGETHER,male,4,5,"Bighit,HYBE",5,growing
54074.0,reported,stadium,47500.0,Asia,Japan,Fukuoka,2,TOMORROW X TOGETHER,male,4,5,"Bighit,HYBE",5,growing
4593.0,reported,concert hall,,Asia,Indonesia,Tangerang,1,TOMORROW X TOGETHER,male,4,5,"Bighit,HYBE",5,growing
18160.0,reported,arena,15000.0,Asia,Taiwan,Taoyuan,2,TOMORROW X TOGETHER,male,4,5,"Bighit,HYBE",5,growing
31582.0,reported,arena,15000.0,Asia,South Korea,Seoul,3,TOMORROW X TOGETHER,male,4,5,"Bighit,HYBE",5,growing
73748.0,reported,stadium,55000.0,Asia,Japan,Osaka,2,TOMORROW X TOGETHER,male,4,5,"Bighit,HYBE",5,growing
24625.0,reported,arena,15000.0,Asia,South Korea,Incheon,3,TOMORROW X TOGETHER,male,4,5,"Bighit,HYBE",6,established
36000.0,reported,arena,20000.0,Asia,Japan,Yokohama,2,TOMORROW X TOGETHER,male,4,5,"Bighit,HYBE",6,established
10453.0,reported,arena,17960.0,Europe,Spain,Barcelona,1,TOMORROW X TOGETHER,male,4,5,"Bighit,HYBE",6,established
15581.0,reported,arena,20000.0,Europe,England,London,1,TOMORROW X TOGETHER,male,4,5,"Bighit,HYBE",6,established
11951.0,reported,arena,17000.0,Europe,Germany,Berlin,1,TOMORROW X TOGETHER,male,4,5,"Bighit,HYBE",6,established
14153.0,reported,arena,20300.0,Europe,France,Paris,1,TOMORROW X TOGETHER,male,4,5,"Bighit,HYBE",6,established
13055.0,reported,arena,17000.0,Europe,Netherlands,Amsterdam,1,TOMORROW X TOGETHER,male,4,5,"Bighit,HYBE",6,established
14546.0,reported,arena,,Asia,Japan,Kagawa,2,TOMORROW X TOGETHER,male,4,5,"Bighit,HYBE",6,established
16992.0,reported,concert hall,10000.0,Asia,Japan,Nagoya,2,TOMORROW X TOGETHER,male,4,5,"Bighit,HYBE",6,established
26250.0,reported,arena,15000.0,Asia,Japan,Fukuoka,2,TOMORROW X TOGETHER,male,4,5,"Bighit,HYBE",6,established
31365.0,reported,arena,16000.0,Asia,Macau,Macau,3,TOMORROW X TOGETHER,male,4,5,"Bighit,HYBE",6,established
15246.0,reported,arena,16000.0,Asia,Japan,Osaka,2,TOMORROW X TOGETHER,male,4,5,"Bighit,HYBE",6,established
22848.0,reported,arena,15000.0,Asia,Japan,Tokyo,2,TOMORROW X TOGETHER,male,4,5,"Bighit,HYBE",6,established
30599.0,reported,stadium,16744.0,Asia,South Korea,Seoul,2,TOMORROW X TOGETHER,male,4,5,"Bighit,HYBE",6,established
10119.0,reported,arena,19190.0,North America,United States,San Jose,1,TOMORROW X TOGETHER,male,4,5,"Bighit,HYBE",6,established
16987.0,reported,stadium,22000.0,North America,United States,Los Angeles,1,TOMORROW X TOGETHER,male,4,5,"Bighit,HYBE",6,established
10193.0,reported,arena,21000.0,North America,United States,Dallas,1,TOMORROW X TOGETHER,male,4,5,"Bighit,HYBE",6,established
16466.0,reported,arena,22000.0,North America,United States,Rosemont,2,TOMORROW X TOGETHER,male,4,5,"Bighit,HYBE",6,established
9753.0,reported,arena,18000.0,North America,United States,Atlanta,1,TOMORROW X TOGETHER,male,4,5,"Bighit,HYBE",6,established
10018.0,reported,arena,20356.0,North America,United States,Washington,1,TOMORROW X TOGETHER,male,4,5,"Bighit,HYBE",6,established
18656.0,reported,arena,17000.0,North America,United States,Newark,2,TOMORROW X TOGETHER,male,4,5,"Bighit,HYBE",6,established
59061.0,reported,stadium,31552.0,Asia,Japan,Saitama,2,TOMORROW X TOGETHER,male,4,5,"Bighit,HYBE",6,established
66209.0,reported,stadium,36418.0,Asia,Japan,Nagoya,2,TOMORROW X TOGETHER,male,4,5,"Bighit,HYBE",6,established
49062.0,reported,stadium,47500.0,Asia,Japan,Fukuoka,2,TOMORROW X TOGETHER,male,4,5,"Bighit,HYBE",6,established
,reported,arena,14000.0,Asia,Hong Kong,Hong Kong,3,TOMORROW X TOGETHER,male,4,5,"Bighit,HYBE",6,established
,reported,arena,9000.0,Asia,Singapore,Singapore,2,TOMORROW X TOGETHER,male,4,5,"Bighit,HYBE",6,established
,reported,stadium,55000.0,Asia,Japan,Tokyo,2,TOMORROW X TOGETHER,male,4,5,"Bighit,HYBE",6,established
,reported,stadium,59833.0,Asia,Taiwan,Taipei,2,TOMORROW X TOGETHER,male,4,5,"Bighit,HYBE",6,established
,reported,stadium,55000.0,Asia,Japan,Osaka,2,TOMORROW X TOGETHER,male,4,5,"Bighit,HYBE",6,established
,reported,arena,11000.0,Asia,Malaysia,Kuala Lumpur,1,TOMORROW X TOGETHER,male,4,5,"Bighit,HYBE",6,established
