artist,gender,generation,members,debut,company,tour,tour type,stage setup,day 1,weekday 1,day n,weekday n,show nights,continent,country,city,venue,venue type,capacity,net capacity,% capacity,attendance,fill rate,box score,ticket price,reporting agent,reporting status,cancelling reasoning
aespa,female,4,4,2020-11-17,"SM,KAKAO",Synk: Hyper Line,world tour,end stage,2023-02-25,Sat,2023-02-26,Sun,2,Asia,South Korea,Seoul,Jamsil Indoor Stadium,arena,11069,,,7493,,877634.03,117.13,KOPIS,parcial,
aespa,female,4,4,2020-11-17,"SM,KAKAO",Synk: Hyper Line,world tour,end stage,2023-03-15,Wed,2023-03-19,Sun,4,Asia,Japan,Osaka,Osaka-jō Hall,arena,16000,,,,,,,,unreported,
aespa,female,4,4,2020-11-17,"SM,KAKAO",Synk: Hyper Line,world tour,end stage,2023-04-01,Sat,2023-04-02,Sun,2,Asia,Japan,Tokyo,Yoyogi National Gymnasium,arena,12898,,,,,,,,unreported,
aespa,female,4,4,2020-11-17,"SM,KAKAO",Synk: Hyper Line,world tour,end stage,2023-04-15,Sat,2023-04-16,Sun,2,Asia,Japan,Saitama,Saitama Super Arena,arena,22500,,,,,,,,unreported,
aespa,female,4,4,2020-11-17,"SM,KAKAO",Synk: Hyper Line,world tour,end stage,2023-04-29,Sat,2023-04-30,Sun,2,Asia,Japan,Nagoya,Nippon Gaishi Hall,arena,10000,,,,,,,,unreported,
aespa,female,4,4,2020-11-17,"SM,KAKAO",Synk: Hyper Line,world tour,end stage,2023-06-24,Sat,2023-06-24,Sat,1,Asia,Indonesia,Tangerang,ICE BSD,concert hall,,,,,,,,,unreported,
aespa,female,4,4,2020-11-17,"SM,KAKAO",Synk: Hyper Line,world tour,end stage,2023-07-29,Sat,2023-07-30,Sun,2,Asia,Thailand,Bangkok,IMPACT Thunder Dome,concert hall,3500,,,,,,,,unreported,
aespa,female,4,4,2020-11-17,"SM,KAKAO",Synk: Hyper Line,world tour,end stage,2023-08-05,Sat,2023-08-06,Sun,2,Asia,Japan,Tokyo,Tokyo Dome,stadium,55000,,,,,,,,unreported,
aespa,female,4,4,2020-11-17,"SM,KAKAO",Synk: Hyper Line,world tour,end stage,2023-08-13,Sun,2023-08-13,Sun,1,North America,United States,Los Angeles,Crypto.com Arena,stadium,20000,9452,0.4726,9452,1.0000,1207522.00,127.75,Touring Data,reported,
aespa,female,4,4,2020-11-17,"SM,KAKAO",Synk: Hyper Line,world tour,end stage,2023-08-18,Fri,2023-08-18,Fri,1,North America,United States,Irving,Toyota Music Factory,theater,4000,,,,,,,,unreported,
aespa,female,4,4,2020-11-17,"SM,KAKAO",Synk: Hyper Line,world tour,end stage,2023-08-22,Tue,2023-08-22,Tue,1,North America,United States,Miami,James L. Knight Center,theater,4605,,,,,,,,unreported,
aespa,female,4,4,2020-11-17,"SM,KAKAO",Synk: Hyper Line,world tour,end stage,2023-08-25,Fri,2023-08-25,Fri,1,North America,United States,Atlanta,Fox Theatre,theater,4665,4531,0.9713,3593,0.7930,319619.00,88.96,Touring Data,reported,
aespa,female,4,4,2020-11-17,"SM,KAKAO",Synk: Hyper Line,world tour,end stage,2023-08-27,Sun,2023-08-27,Sun,1,North America,United States,Oxon Hill,The Theater at MGM National Harbor,theater,,2900,,2900,1.0000,311900.00,107.55,Touring Data,reported,
aespa,female,4,4,2020-11-17,"SM,KAKAO",Synk: Hyper Line,world tour,end stage,2023-08-30,Wed,2023-08-30,Wed,1,North America,United States,Rosemont,Rosemont Theatre,theater,4400,3948,0.8973,3948,1.0000,410102.00,103.88,Touring Data,reported,
aespa,female,4,4,2020-11-17,"SM,KAKAO",Synk: Hyper Line,world tour,end stage,2023-09-02,Sat,2023-09-02,Sat,1,North America,United States,Boston,MGM Music Hall,concert hall,5007,5007,1.0000,4061,0.8111,426241.00,104.96,Touring Data,reported,
aespa,female,4,4,2020-11-17,"SM,KAKAO",Synk: Hyper Line,world tour,end stage,2023-09-05,Tue,2023-09-05,Tue,1,North America,United States,New York,Barclays Center,arena,20000,6654,0.3327,6654,1.0000,851073.00,127.90,Touring Data,reported,
aespa,female,4,4,2020-11-17,"SM,KAKAO",Synk: Hyper Line,world tour,end stage,2023-09-08,Fri,2023-09-08,Fri,1,North America,Mexico,Mexico City,Palacio de los Deportes,arena,26000,9941,0.3823,8550,0.8601,995037.00,116.38,Touring Data,reported,
aespa,female,4,4,2020-11-17,"SM,KAKAO",Synk: Hyper Line,world tour,end stage,2023-09-11,Mon,2023-09-11,Mon,1,South America,Brazil,São Paulo,Espaço Unimed,concert hall,8000,,,,,,,,unreported,
aespa,female,4,4,2020-11-17,"SM,KAKAO",Synk: Hyper Line,world tour,end stage,2023-09-14,Thu,2023-09-14,Thu,1,South America,Chile,Santiago,Teatro Caupolicán,theater,4500,4151,0.9224,4151,1.0000,203739.00,49.08,Touring Data,reported,
aespa,female,4,4,2020-11-17,"SM,KAKAO",Synk: Hyper Line,world tour,end stage,2023-09-25,Mon,2023-09-25,Mon,1,Europe,Germany,Berlin,Columbiahalle,concert hall,4900,,,,,,,,unreported,
aespa,female,4,4,2020-11-17,"SM,KAKAO",Synk: Hyper Line,world tour,end stage,2023-09-28,Thu,2023-09-28,Thu,1,Europe,England,London,The O2 Arena,arena,20000,,,,,,,,unreported,
aespa,female,4,4,2020-11-17,"SM,KAKAO",Synk: Hyper Line,world tour,end stage,2023-09-30,Sat,2023-09-30,Sat,1,Europe,France,Paris,Dôme,concert hall,4600,,,,,,,,unreported,
aespa,female,4,4,2020-11-17,"SM,KAKAO",Synk: Parallel Line,world tour,end stage,2024-06-29,Sat,2024-06-30,Sun,2,Asia,South Korea,Seoul,Jamsil Indoor Stadium,arena,11069,12600,0.5692,12600,1.0000,1324742.00,105.14,Touring Data,reported,
aespa,female,4,4,2020-11-17,"SM,KAKAO",Synk: Parallel Line,world tour,end stage,2024-07-06,Sat,2024-07-06,Sat,1,Asia,Japan,Fukuoka,Marine Messe,arena,15000,10293,0.6862,10293,1.0000,758350.00,73.68,Touring Data,reported,
aespa,female,4,4,2020-11-17,"SM,KAKAO",Synk: Parallel Line,world tour,end stage,2024-07-10,Wed,2024-07-11,Thu,2,Asia,Japan,Nagoya,Aichi Sky Expo,concert hall,10000,15997,0.7999,15997,1.0000,1176471.00,73.54,Touring Data,reported,
aespa,female,4,4,2020-11-17,"SM,KAKAO",Synk: Parallel Line,world tour,end stage,2024-07-14,Sun,2024-07-15,Mon,2,Asia,Japan,Saitama,Saitama Super Arena,arena,22500,38281,0.8507,38281,1.0000,2872221.00,75.03,Touring Data,reported,
aespa,female,4,4,2020-11-17,"SM,KAKAO",Synk: Parallel Line,world tour,end stage,2024-07-20,Sat,2024-07-20,Sat,1,Asia,Singapore,Singapore,Singapore Indoor Stadium,arena,9000,,,,,,,,unreported,
aespa,female,4,4,2020-11-17,"SM,KAKAO",Synk: Parallel Line,world tour,end stage,2024-07-27,Sat,2024-07-28,Sun,2,Asia,Japan,Osaka,Asue Arena,arena,16000,25872,0.8085,25872,1.0000,1992083.00,77.00,Touring Data,reported,
aespa,female,4,4,2020-11-17,"SM,KAKAO",Synk: Parallel Line,world tour,end stage,2024-07-30,Tue,2024-07-31,Wed,2,Asia,Japan,Fukuoka,Marine Messe,arena,15000,12155,0.4052,12155,1.0000,936508.00,77.05,Touring Data,reported,
aespa,female,4,4,2020-11-17,"SM,KAKAO",Synk: Parallel Line,world tour,end stage,2024-08-03,Sat,2024-08-04,Sun,2,Asia,Hong Kong,Hong Kong,AsiaWorld–Expo,arena,14000,,,,,,,,unreported,
aespa,female,4,4,2020-11-17,"SM,KAKAO",Synk: Parallel Line,world tour,end stage,2024-08-09,Fri,2024-08-11,Sun,3,Asia,Taiwan,Taoyuan,NTSU Arena,arena,15000,,,,,,,,unreported,
aespa,female,4,4,2020-11-17,"SM,KAKAO",Synk: Parallel Line,world tour,end stage,2024-08-17,Sat,2024-08-18,Sun,2,Asia,Japan,Tokyo,Tokyo Dome,stadium,55000,93639,0.8513,93639,1.0000,7480884.00,79.89,Touring Data,reported,
aespa,female,4,4,2020-11-17,"SM,KAKAO",Synk: Parallel Line,world tour,end stage,2024-08-24,Sat,2024-08-24,Sat,1,Asia,Indonesia,Jakarta,Beach City International Stadium,arena,15000,,,,,,,,unreported,
aespa,female,4,4,2020-11-17,"SM,KAKAO",Synk: Parallel Line,world tour,end stage,2024-08-30,Fri,2024-08-31,Sat,2,Oceania,Australia,Sydney,Qudos Bank Arena,arena,18000,21672,0.6020,20053,0.9253,2542330.00,126.78,Touring Data,reported,
aespa,female,4,4,2020-11-17,"SM,KAKAO",Synk: Parallel Line,world tour,end stage,2024-09-02,Mon,2024-09-02,Mon,1,Oceania,Australia,Melbourne,Rod Laver Arena,arena,14820,10783,0.7276,10783,1.0000,1331244.00,123.46,Touring Data,reported,
aespa,female,4,4,2020-11-17,"SM,KAKAO",Synk: Parallel Line,world tour,end stage,2024-09-21,Sat,2024-09-22,Sun,2,Asia,Macau,Macau,Studio City,concert hall,,,,,,,,,unreported,
aespa,female,4,4,2020-11-17,"SM,KAKAO",Synk: Parallel Line,world tour,end stage,2024-09-28,Sat,2024-09-29,Sun,2,Asia,Thailand,Bangkok,IMPACT Arena,arena,12000,,,,,,,,unreported,
aespa,female,4,4,2020-11-17,"SM,KAKAO",Synk: Parallel Line,world tour,end stage,2025-01-28,Tue,2025-01-28,Tue,1,North America,United States,Kent,accesso ShoWare Center,arena,7141,5134,0.7189,5134,1.0000,590138.00,114.95,Touring Data,reported,
aespa,female,4,4,2020-11-17,"SM,KAKAO",Synk: Parallel Line,world tour,end stage,2025-01-30,Thu,2025-01-30,Thu,1,North America,United States,Oakland,Oakland Arena,arena,19596,11975,0.6111,11975,1.0000,1430211.00,119.43,Touring Data,reported,
aespa,female,4,4,2020-11-17,"SM,KAKAO",Synk: Parallel Line,world tour,end stage,2025-02-01,Sat,2025-02-01,Sat,1,North America,United States,Inglewood,Kia Forum,arena,17500,12170,0.6954,12170,1.0000,1718202.00,141.18,Touring Data,reported,
aespa,female,4,4,2020-11-17,"SM,KAKAO",Synk: Parallel Line,world tour,end stage,2025-02-04,Tue,2025-02-04,Tue,1,North America,Mexico,Mexico City,Palacio de los Deportes,arena,26000,17069,0.6565,10287,0.6027,1088761.00,105.84,Touring Data,reported,
aespa,female,4,4,2020-11-17,"SM,KAKAO",Synk: Parallel Line,world tour,end stage,2025-02-06,Thu,2025-02-06,Thu,1,North America,United States,Orlando,Kia Center,arena,17030,11074,0.6503,10784,0.9739,1209185.00,112.13,Touring Data,reported,
aespa,female,4,4,2020-11-17,"SM,KAKAO",Synk: Parallel Line,world tour,end stage,2025-02-08,Sat,2025-02-08,Sat,1,North America,United States,Charlotte,Spectrum Center,arena,18504,11958,0.6462,11384,0.9520,1251671.00,109.95,Touring Data,reported,
aespa,female,4,4,2020-11-17,"SM,KAKAO",Synk: Parallel Line,world tour,end stage,2025-02-11,Tue,2025-02-11,Tue,1,North America,United States,Newark,Prudential Center,arena,17000,11504,0.6767,11504,1.0000,1729230.00,150.32,Touring Data,reported,
aespa,female,4,4,2020-11-17,"SM,KAKAO",Synk: Parallel Line,world tour,end stage,2025-02-13,Thu,2025-02-13,Thu,1,North America,Canada,Toronto,Scotiabank Arena,arena,19800,10755,0.5432,10755,1.0000,1143813.00,106.35,Touring Data,reported,
aespa,female,4,4,2020-11-17,"SM,KAKAO",Synk: Parallel Line,world tour,end stage,2025-02-15,Sat,2025-02-15,Sat,1,North America,United States,Chicago,United Center,arena,23500,13077,0.5565,13077,1.0000,1681928.00,128.62,Touring Data,reported,
aespa,female,4,4,2020-11-17,"SM,KAKAO",Synk: Parallel Line,world tour,end stage,2025-03-02,Sun,2025-03-02,Sun,1,Europe,England,London,Wembley Arena,arena,12500,9192,0.7354,9192,1.0000,1201171.00,130.68,Touring Data,reported,
aespa,female,4,4,2020-11-17,"SM,KAKAO",Synk: Parallel Line,world tour,end stage,2025-03-04,Tue,2025-03-04,Tue,1,Europe,France,Paris,Zénith,arena,9000,,,,,,,,unreported,Logistical
aespa,female,4,4,2020-11-17,"SM,KAKAO",Synk: Parallel Line,world tour,end stage,2025-03-06,Thu,2025-03-06,Thu,1,Europe,Netherlands,Amsterdam,AFAS Live,concert hall,6000,4000,0.6667,4000,1.0000,555675.00,138.92,Touring Data,reported,
aespa,female,4,4,2020-11-17,"SM,KAKAO",Synk: Parallel Line,world tour,end stage,2025-03-09,Sun,2025-03-09,Sun,1,Europe,Germany,Frankfurt,Centennial Hall ,concert hall,4800,3093,0.6444,3045,0.9845,433311.00,142.30,Touring Data,reported,
aespa,female,4,4,2020-11-17,"SM,KAKAO",Synk: Parallel Line,world tour,end stage,2025-03-12,Wed,2025-03-12,Wed,1,Europe,Spain,Madrid,Movistar Arena,arena,15000,9689,0.6459,8100,0.8360,1103028.00,136.18,Touring Data,reported,
aespa,female,4,4,2020-11-17,"SM,KAKAO",Synk: Parallel Line,world tour,end stage,2025-03-15,Sat,2025-03-16,Sun,2,Asia,South Korea,Seoul,KSPO Dome,arena,15000,,,19855,,2275692.66,114.62,KOPIS,parcial,
aespa,female,4,4,2020-11-17,"SM,KAKAO",Synk: Aexis Line,world tour,end stage,2025-08-29,Fri,2025-08-31,Sun,3,Asia,South Korea,Seoul,KSPO Dome,arena,15000,,,29092,,3434085.69,118.04,KOPIS,parcial,
aespa,female,4,4,2020-11-17,"SM,KAKAO",Synk: Aexis Line,world tour,end stage,2025-10-04,Sat,2025-10-05,Sun,2,Asia,Japan,Fukuoka,Marine Messe,arena,15000,,,,,,,,unreported,
aespa,female,4,4,2020-11-17,"SM,KAKAO",Synk: Aexis Line,world tour,end stage,2025-10-11,Sat,2025-10-13,Mon,3,Asia,Japan,Tokyo,Ariake Arena,arena,15000,,,,,,,,unreported,
aespa,female,4,4,2020-11-17,"SM,KAKAO",Synk: Aexis Line,world tour,end stage,2025-10-18,Sat,2025-10-19,Sun,2,Asia,Japan,Nagoya,Aichi International Arena,arena,17000,,,,,,,,unreported,
aespa,female,4,4,2020-11-17,"SM,KAKAO",Synk: Aexis Line,world tour,end stage,2025-11-08,Sat,2025-11-09,Sun,2,Asia,Japan,Tokyo,Yoyogi National Gymnasium,arena,12898,,,,,,,,unreported,
aespa,female,4,4,2020-11-17,"SM,KAKAO",Synk: Aexis Line,world tour,end stage,2025-11-15,Sat,2025-11-16,Sun,2,Asia,Thailand,Bangkok,IMPACT Arena,arena,12000,,,,,,,,unreported,
aespa,female,4,4,2020-11-17,"SM,KAKAO",Synk: Aexis Line,world tour,end stage,2025-11-26,Wed,2025-11-27,Thu,2,Asia,Japan,Osaka,Osaka-jō Hall,arena,16000,,,,,,,,unreported,
aespa,female,4,4,2020-11-17,"SM,KAKAO",Synk: Aexis Line,world tour,end stage,2026-02-07,Sat,2026-02-08,Sun,2,Asia,Hong Kong,Hong Kong,AsiaWorld–Expo,arena,14000,,,,,,,,unreported,
aespa,female,4,4,2020-11-17,"SM,KAKAO",Synk: Aexis Line,world tour,end stage,2026-03-07,Sat,2026-03-08,Sun,2,Asia,Macau,Macau,Galaxy Arena,arena,16000,,,,,,,,unreported,
aespa,female,4,4,2020-11-17,"SM,KAKAO",Synk: Aexis Line,world tour,end stage,2026-04-04,Sat,2026-04-04,Sat,1,Asia,Indonesia,Tangerang,ICE BSD,concert hall,,,,,,,,,unreported,
aespa,female,4,4,2020-11-17,"SM,KAKAO",Synk: Aexis Line,world tour,end stage,2026-04-11,Sat,2026-04-12,Sun,2,Asia,Japan,Osaka,Kyocera Dome,stadium,55000,,,,,,,,unreported,
aespa,female,4,4,2020-11-17,"SM,KAKAO",Synk: Aexis Line,world tour,end stage,2026-04-25,Sat,2026-04-26,Sun,2,Asia,Japan,Tokyo,Tokyo Dome,stadium,55000,,,,,,,,unreported,
aespa,female,4,4,2020-11-17,"SM,KAKAO",Synk: Complaexity,world tour,end stage,2026-08-07,Fri,2026-08-08,Sat,2,Asia,South Korea,Seoul,Gocheok Sky Dome,stadium,16744,,,,,,,,unreported,
aespa,female,4,4,2020-11-17,"SM,KAKAO",Synk: Complaexity,world tour,end stage,2026-08-11,Tue,2026-08-11,Tue,1,Asia,Taiwan,Taipei,Taipei Dome,stadium,59833,,,,,,,,unreported,
aespa,female,4,4,2020-11-17,"SM,KAKAO",Synk: Complaexity,world tour,end stage,2026-09-04,Fri,2026-09-04,Fri,1,South America,Brazil,São Paulo,Mercado Livre Arena Pacaembu,stadium,40000,,,,,,,,unreported,
aespa,female,4,4,2020-11-17,"SM,KAKAO",Synk: Complaexity,world tour,end stage,2026-09-06,Sun,2026-09-06,Sun,1,South America,Chile,Santiago,Movistar Arena,arena,15500,,,,,,,,unreported,
aespa,female,4,4,2020-11-17,"SM,KAKAO",Synk: Complaexity,world tour,end stage,2026-09-09,Wed,2026-09-09,Wed,1,South America,Peru,Lima,Costa 21,concert hall,30000,,,,,,,,unreported,
aespa,female,4,4,2020-11-17,"SM,KAKAO",Synk: Complaexity,world tour,end stage,2026-09-11,Fri,2026-09-11,Fri,1,North America,Mexico,Mexico City,Palacio de los Deportes,arena,26000,,,,,,,,unreported,
aespa,female,4,4,2020-11-17,"SM,KAKAO",Synk: Complaexity,world tour,end stage,2026-09-15,Tue,2026-09-15,Tue,1,North America,Canada,Hamilton,TD Coliseum,arena,18000,,,,,,,,unreported,
aespa,female,4,4,2020-11-17,"SM,KAKAO",Synk: Complaexity,world tour,end stage,2026-09-18,Fri,2026-09-18,Fri,1,North America,United States,New York,UBS Arena,arena,19000,13019,0.6852,5494,0.4220,,,Touring Data,parcial,
aespa,female,4,4,2020-11-17,"SM,KAKAO",Synk: Complaexity,world tour,end stage,2026-09-22,Tue,2026-09-22,Tue,1,North America,United States,Washington,Capital One Arena,arena,20356,12939,0.6356,5060,0.3911,,,Touring Data,parcial,
aespa,female,4,4,2020-11-17,"SM,KAKAO",Synk: Complaexity,world tour,end stage,2026-09-24,Thu,2026-09-24,Thu,1,North America,United States,Atlanta,State Farm Arena,arena,18000,11091,0.6162,5806,0.5235,,,Touring Data,parcial,
aespa,female,4,4,2020-11-17,"SM,KAKAO",Synk: Complaexity,world tour,end stage,2026-09-26,Sat,2026-09-26,Sat,1,North America,United States,Miami,Kaseya Center,arena,20000,11320,0.5660,6767,0.5978,,,Touring Data,parcial,
aespa,female,4,4,2020-11-17,"SM,KAKAO",Synk: Complaexity,world tour,end stage,2026-09-29,Tue,2026-09-29,Tue,1,North America,United States,Dallas,American Airlines Center,arena,21000,12052,0.5739,7430,0.6165,,,,unreported,
aespa,female,4,4,2020-11-17,"SM,KAKAO",Synk: Complaexity,world tour,end stage,2026-10-03,Sat,2026-10-03,Sat,1,North America,United States,Inglewood,Intuit Dome,arena,18300,10400,0.5683,9187,0.8834,,,,unreported,
aespa,female,4,4,2020-11-17,"SM,KAKAO",Synk: Complaexity,world tour,end stage,2026-10-06,Tue,2026-10-06,Tue,1,North America,United States,Oakland,Oakland Arena,arena,19596,,,,,,,,unreported,
aespa,female,4,4,2020-11-17,"SM,KAKAO",Synk: Complaexity,world tour,end stage,2026-10-09,Fri,2026-10-09,Fri,1,North America,United States,Seattle,Climate Pledge Arena,arena,17200,,,,,,,,unreported,
aespa,female,4,4,2020-11-17,"SM,KAKAO",Synk: Complaexity,world tour,end stage,2026-10-11,Sun,2026-10-11,Sun,1,North America,Canada,Vancouver,Rogers Arena,arena,19000,,,,,,,,unreported,
aespa,female,4,4,2020-11-17,"SM,KAKAO",Synk: Complaexity,world tour,end stage,2027-01-14,Thu,2027-01-14,Thu,1,Europe,England,Manchester,AO Arena,arena,21000,,,,,,,,unreported,
aespa,female,4,4,2020-11-17,"SM,KAKAO",Synk: Complaexity,world tour,end stage,2027-01-16,Sat,2027-01-16,Sat,1,Europe,England,London,The O2 Arena,arena,20000,,,,,,,,unreported,
aespa,female,4,4,2020-11-17,"SM,KAKAO",Synk: Complaexity,world tour,end stage,2027-01-19,Tue,2027-01-19,Tue,1,Europe,Netherlands,Amsterdam,Ziggo Dome,arena,17000,,,,,,,,unreported,
aespa,female,4,4,2020-11-17,"SM,KAKAO",Synk: Complaexity,world tour,end stage,2027-01-22,Fri,2027-01-22,Fri,1,Europe,Sweden,Stockholm,Avicii Arena,arena,16000,,,,,,,,unreported,
aespa,female,4,4,2020-11-17,"SM,KAKAO",Synk: Complaexity,world tour,end stage,2027-01-24,Sun,2027-01-24,Sun,1,Europe,Denmark,Copenhagen,Royal Arena,arena,17000,,,,,,,,unreported,
aespa,female,4,4,2020-11-17,"SM,KAKAO",Synk: Complaexity,world tour,end stage,2027-01-26,Tue,2027-01-26,Tue,1,Europe,Germany,Berlin,Uber Arena,arena,17000,,,,,,,,unreported,
aespa,female,4,4,2020-11-17,"SM,KAKAO",Synk: Complaexity,world tour,end stage,2027-01-29,Fri,2027-01-29,Fri,1,Europe,Italy,Milan,Unipol Dome,arena,16000,,,,,,,,unreported,
aespa,female,4,4,2020-11-17,"SM,KAKAO",Synk: Complaexity,world tour,end stage,2027-01-31,Sun,2027-01-31,Sun,1,Europe,Spain,Barcelona,Palau Sant Jordi,arena,17960,,,,,,,,unreported,
aespa,female,4,4,2020-11-17,"SM,KAKAO",Synk: Complaexity,world tour,end stage,2027-02-02,Tue,2027-02-02,Tue,1,Europe,France,Paris,Accor Arena,arena,20300,,,,,,,,unreported,
BABYMONSTER,female,5,7,2024-04-01,YG,Hello Monsters,world tour,end stage,2025-01-25,Sat,2025-01-26,Sun,2,Asia,South Korea,Seoul,KSPO Dome,arena,15000,,,16706,,1136511.75,68.03,KOPIS,parcial,
BABYMONSTER,female,5,7,2024-04-01,YG,Hello Monsters,world tour,end stage,2025-02-28,Fri,2025-02-28,Fri,1,North America,United States,Newark,Prudential Center,arena,17000,,,,,,,,unreported,
BABYMONSTER,female,5,7,2024-04-01,YG,Hello Monsters,world tour,end stage,2025-03-02,Sun,2025-03-02,Sun,1,North America,United States,Inglewood,Kia Forum,arena,17500,,,,,,,,unreported,
BABYMONSTER,female,5,7,2024-04-01,YG,Hello Monsters,world tour,end stage,2025-03-14,Fri,2025-03-16,Sun,3,Asia,Japan,Yokohama,Pia Arena MM,arena,12141,24918,0.6841,24918,1.0000,2028814.00,81.42,Touring Data,reported,
BABYMONSTER,female,5,7,2024-04-01,YG,Hello Monsters,world tour,end stage,2025-03-22,Sat,2025-03-23,Sun,2,Asia,Japan,Nagoya,Portmesse Nagoya,concert hall,15000,,,,,,,,unreported,
BABYMONSTER,female,5,7,2024-04-01,YG,Hello Monsters,world tour,end stage,2025-04-03,Thu,2025-04-04,Fri,2,Asia,Japan,Osaka,Asue Arena,arena,16000,,,,,,,,unreported,
BABYMONSTER,female,5,7,2024-04-01,YG,Hello Monsters,world tour,end stage,2025-04-11,Fri,2025-04-13,Sun,3,Asia,Japan,Yokohama,K-Arena Yokohama,arena,20000,40936,0.6823,40936,1.0000,3386936.00,82.74,Touring Data,reported,
BABYMONSTER,female,5,7,2024-04-01,YG,Hello Monsters,world tour,end stage,2025-04-19,Sat,2025-04-20,Sun,2,Asia,Japan,Fukuoka,Fukuoka Kokusai Center,arena,10000,,,,,,,,unreported,
BABYMONSTER,female,5,7,2024-04-01,YG,Hello Monsters,world tour,end stage,2025-05-17,Sat,2025-05-17,Sat,1,Asia,Singapore,Singapore,Singapore Indoor Stadium,arena,9000,,,,,,,,unreported,
BABYMONSTER,female,5,7,2024-04-01,YG,Hello Monsters,world tour,end stage,2025-05-24,Sat,2025-05-25,Sun,2,Asia,Hong Kong,Hong Kong,AsiaWorld–Expo,arena,14000,,,,,,,,unreported,
BABYMONSTER,female,5,7,2024-04-01,YG,Hello Monsters,world tour,end stage,2025-05-31,Sat,2025-05-31,Sat,1,Asia,Vietnam,Ho Chi Minh City,Saigon Exhibition and Convention Center,concert hall,2000,,,,,,,,unreported,
BABYMONSTER,female,5,7,2024-04-01,YG,Hello Monsters,world tour,end stage,2025-06-07,Sat,2025-06-08,Sun,2,Asia,Thailand,Bangkok,IMPACT Arena,arena,12000,,,,,,,,unreported,
BABYMONSTER,female,5,7,2024-04-01,YG,Hello Monsters,world tour,end stage,2025-06-14,Sat,2025-06-14,Sat,1,Asia,Indonesia,Tangerang,ICE BSD,concert hall,,,,,,,,,unreported,
BABYMONSTER,female,5,7,2024-04-01,YG,Hello Monsters,world tour,end stage,2025-06-21,Sat,2025-06-21,Sat,1,Asia,Malaysia,Kuala Lumpur,Unifi Arena,arena,11000,,,,,,,,unreported,
BABYMONSTER,female,5,7,2024-04-01,YG,Hello Monsters,world tour,end stage,2025-06-28,Sat,2025-06-29,Sun,2,Asia,Taiwan,Taoyuan,NTSU Arena,arena,15000,,,,,,,,unreported,
BABYMONSTER,female,5,7,2024-04-01,YG,Hello Monsters,world tour,end stage,2025-08-30,Sat,2025-08-30,Sat,1,North America,Canada,Toronto,Scotiabank Arena,arena,19800,,,,,,,,unreported,
BABYMONSTER,female,5,7,2024-04-01,YG,Hello Monsters,world tour,end stage,2025-09-02,Tue,2025-09-02,Tue,1,North America,United States,Rosemont,Allstate Arena,arena,22000,6493,0.2951,3636,0.5600,338246.00,93.03,Touring Data,reported,
BABYMONSTER,female,5,7,2024-04-01,YG,Hello Monsters,world tour,end stage,2025-09-05,Fri,2025-09-05,Fri,1,North America,United States,Atlanta,State Farm Arena,arena,18000,7820,0.4344,5083,0.6500,407557.00,80.18,Touring Data,reported,
BABYMONSTER,female,5,7,2024-04-01,YG,Hello Monsters,world tour,end stage,2025-09-07,Sun,2025-09-07,Sun,1,North America,United States,Fort Worth,Dickies Arena,arena,14000,7267,0.5191,5886,0.8100,586800.00,99.69,Touring Data,reported,
BABYMONSTER,female,5,7,2024-04-01,YG,Hello Monsters,world tour,end stage,2025-09-10,Wed,2025-09-10,Wed,1,North America,United States,Oakland,Oakland Arena,arena,19596,8229,0.4199,6336,0.7700,680423.00,107.39,Touring Data,reported,
BABYMONSTER,female,5,7,2024-04-01,YG,Hello Monsters,world tour,end stage,2025-09-12,Fri,2025-09-12,Fri,1,North America,United States,Seattle,Climate Pledge Arena,arena,17200,8336,0.4847,7085,0.8500,958951.00,135.35,Touring Data,reported,
BLACKPINK,female,3,4,2016-08-08,YG,In Your Area,world tour,end stage,2018-11-10,Sat,2018-11-11,Sun,2,Asia,South Korea,Seoul,Seoul Olympic Stadium,stadium,65599,21125,0.1610,21125,1.0000,1865309.00,88.30,Touring Data,reported,
BLACKPINK,female,3,4,2016-08-08,YG,In Your Area,world tour,end stage,2019-01-11,Fri,2019-01-13,Sun,3,Asia,Thailand,Bangkok,IMPACT Arena,arena,12000,29241,0.8123,29241,1.0000,4231009.00,144.69,Touring Data,reported,
BLACKPINK,female,3,4,2016-08-08,YG,In Your Area,world tour,end stage,2019-01-19,Sat,2019-01-20,Sun,2,Asia,Indonesia,Tangerang,ICE BSD,concert hall,,16260,,16260,1.0000,2160298.00,132.86,Touring Data,reported,
BLACKPINK,female,3,4,2016-08-08,YG,In Your Area,world tour,end stage,2019-01-26,Sat,2019-01-26,Sat,1,Asia,Hong Kong,Hong Kong,AsiaWorld–Expo,arena,14000,9690,0.6921,9690,1.0000,1331229.00,137.38,Touring Data,reported,
BLACKPINK,female,3,4,2016-08-08,YG,In Your Area,world tour,end stage,2019-02-02,Sat,2019-02-02,Sat,1,Asia,Philippines,Pasay,SM Mall of Asia Arena,arena,15000,8469,0.5646,8469,1.0000,1651297.00,194.98,Touring Data,reported,
BLACKPINK,female,3,4,2016-08-08,YG,In Your Area,world tour,end stage,2019-02-15,Fri,2019-02-15,Fri,1,Asia,Singapore,Singapore,Singapore Indoor Stadium,arena,9000,8076,0.8973,8076,1.0000,1380122.00,170.89,Touring Data,reported,
BLACKPINK,female,3,4,2016-08-08,YG,In Your Area,world tour,end stage,2019-02-23,Sat,2019-02-24,Sun,2,Asia,Malaysia,Kuala Lumpur,Malawati Indoor Stadium,arena,13000,15504,0.5963,15504,1.0000,2133735.00,137.62,Touring Data,reported,
BLACKPINK,female,3,4,2016-08-08,YG,In Your Area,world tour,end stage,2019-03-03,Sun,2019-03-03,Sun,1,Asia,Taiwan,Taoyuan,NTSU Arena,arena,15000,8774,0.5849,8774,1.0000,1211700.00,138.10,Touring Data,reported,
BLACKPINK,female,3,4,2016-08-08,YG,In Your Area,world tour,end stage,2019-04-17,Wed,2019-04-17,Wed,1,North America,United States,Inglewood,Kia Forum,arena,17500,12245,0.6997,12245,1.0000,1876188.00,153.22,Touring Data,reported,
BLACKPINK,female,3,4,2016-08-08,YG,In Your Area,world tour,end stage,2019-04-24,Wed,2019-04-24,Wed,1,North America,United States,Rosemont,Allstate Arena,arena,22000,11417,0.5190,11417,1.0000,1815062.00,158.98,Touring Data,reported,
BLACKPINK,female,3,4,2016-08-08,YG,In Your Area,world tour,end stage,2019-04-27,Sat,2019-04-27,Sat,1,North America,Canada,Hamilton,TD Coliseum,arena,18000,10907,0.6059,10704,0.9814,1434093.00,133.98,Touring Data,reported,
BLACKPINK,female,3,4,2016-08-08,YG,In Your Area,world tour,end stage,2019-05-01,Wed,2019-05-02,Thu,2,North America,United States,Newark,Prudential Center,arena,17000,23078,0.6788,22944,0.9942,3219636.00,140.33,Touring Data,reported,
BLACKPINK,female,3,4,2016-08-08,YG,In Your Area,world tour,end stage,2019-05-05,Sun,2019-05-05,Sun,1,North America,United States,Duluth,Gas South Arena,arena,13100,9339,0.7129,9180,0.9830,1518063.00,165.37,Touring Data,reported,
BLACKPINK,female,3,4,2016-08-08,YG,In Your Area,world tour,end stage,2019-05-08,Wed,2019-05-08,Wed,1,North America,United States,Fort Worth,Fort Worth Convention Center,arena,13500,9107,0.6746,9107,1.0000,1321716.00,145.13,Touring Data,reported,
BLACKPINK,female,3,4,2016-08-08,YG,In Your Area,world tour,end stage,2019-05-09,Wed,2019-05-09,Wed,1,North America,United States,Fort Worth,Fort Worth Convention Center,arena,13500,,,,,,,,unreported,Poor Ticketing
BLACKPINK,female,3,4,2016-08-08,YG,In Your Area,world tour,end stage,2019-05-18,Sat,2019-05-18,Sat,1,Europe,Netherlands,Amsterdam,AFAS Live,concert hall,6000,5501,0.9168,5272,0.9585,876725.00,166.30,Touring Data,reported,
BLACKPINK,female,3,4,2016-08-08,YG,In Your Area,world tour,end stage,2019-05-21,Tue,2019-05-21,Tue,1,Europe,England,Manchester,AO Arena,arena,21000,6122,0.2915,5424,0.8861,682256.00,125.78,Touring Data,reported,
BLACKPINK,female,3,4,2016-08-08,YG,In Your Area,world tour,end stage,2019-05-22,Wed,2019-05-22,Wed,1,Europe,England,London,Wembley Arena,arena,12500,10074,0.8059,9968,0.9895,1421480.00,142.60,Touring Data,reported,
BLACKPINK,female,3,4,2016-08-08,YG,In Your Area,world tour,end stage,2019-05-24,Fri,2019-05-24,Fri,1,Europe,Germany,Berlin,Max-Schemeling-Halle,arena,12000,7903,0.6586,7722,0.9771,1159480.00,150.15,Touring Data,reported,
BLACKPINK,female,3,4,2016-08-08,YG,In Your Area,world tour,end stage,2019-05-26,Sun,2019-05-26,Sun,1,Europe,France,Paris,Zénith,arena,9000,6224,0.6916,6224,1.0000,915475.00,147.09,Touring Data,reported,
BLACKPINK,female,3,4,2016-08-08,YG,In Your Area,world tour,end stage,2019-05-28,Tue,2019-05-28,Tue,1,Europe,Spain,Barcelona,Palau Sant Jordi,arena,17960,8845,0.4925,8344,0.9434,1049951.00,125.83,Touring Data,reported,
BLACKPINK,female,3,4,2016-08-08,YG,In Your Area,world tour,end stage,2019-06-08,Sat,2019-06-08,Sat,1,Asia,Macau,Macau,Venetian Arena,arena,14000,10081,0.7201,10081,1.0000,1648814.00,163.56,Touring Data,reported,
BLACKPINK,female,3,4,2016-08-08,YG,In Your Area,world tour,end stage,2019-06-13,Thu,2019-06-13,Thu,1,Oceania,Australia,Melbourne,Rod Laver Arena,arena,14820,12173,0.8214,12173,1.0000,1191196.00,97.86,Touring Data,reported,
BLACKPINK,female,3,4,2016-08-08,YG,In Your Area,world tour,end stage,2019-06-15,Sat,2019-06-15,Sat,1,Oceania,Australia,Sydney,Qudos Bank Arena,arena,18000,14491,0.8051,14317,0.9880,1542850.00,107.76,Touring Data,reported,
BLACKPINK,female,3,4,2016-08-08,YG,In Your Area,world tour,end stage,2019-07-12,Fri,2019-07-14,Sun,3,Asia,Thailand,Bangkok,IMPACT Arena,arena,12000,28776,0.7993,28776,1.0000,4284344.00,148.89,Touring Data,reported,
BLACKPINK,female,3,4,2016-08-08,YG,In Your Area,world tour,end stage,2019-12-04,Wed,2019-12-04,Wed,1,Asia,Japan,Tokyo,Tokyo Dome,stadium,55000,50369,0.9158,50369,1.0000,4302670.00,85.42,Touring Data,reported,
BLACKPINK,female,3,4,2016-08-08,YG,In Your Area,world tour,end stage,2020-01-04,Sat,2020-01-05,Sun,2,Asia,Japan,Osaka,Kyocera Dome,stadium,55000,81931,0.7448,81931,1.0000,7220353.00,88.13,Touring Data,reported,
BLACKPINK,female,3,4,2016-08-08,YG,In Your Area,world tour,end stage,2020-02-22,Sat,2020-02-22,Sat,1,Asia,Japan,Fukuoka,PayPay Dome,stadium,47500,38846,0.8178,38846,1.0000,3311234.00,85.24,Touring Data,reported,
BLACKPINK,female,3,4,2016-08-08,YG,Born Pink,world tour,end stage,2022-10-15,Sat,2022-10-16,Sun,2,Asia,South Korea,Seoul,KSPO Dome,arena,15000,20060,0.6687,20060,1.0000,2321471.00,115.73,Touring Data,reported,
BLACKPINK,female,3,4,2016-08-08,YG,Born Pink,world tour,end stage,2022-10-25,Tue,2022-10-26,Wed,2,North America,United States,Dallas,American Airlines Center,arena,21000,23528,0.5602,23528,1.0000,6181742.00,262.74,Touring Data,reported,
BLACKPINK,female,3,4,2016-08-08,YG,Born Pink,world tour,end stage,2022-10-29,Sat,2022-10-30,Sun,2,North America,United States,Houston,Toyota Center,arena,19000,23480,0.6179,23480,1.0000,6107595.00,260.12,Touring Data,reported,
BLACKPINK,female,3,4,2016-08-08,YG,Born Pink,world tour,end stage,2022-11-02,Wed,2022-11-03,Thu,2,North America,United States,Atlanta,State Farm Arena,arena,18000,23434,0.6509,23434,1.0000,6012820.00,256.59,Touring Data,reported,
BLACKPINK,female,3,4,2016-08-08,YG,Born Pink,world tour,end stage,2022-11-06,Sun,2022-11-07,Mon,2,North America,Canada,Hamilton,TD Coliseum,arena,18000,23990,0.6664,23990,1.0000,4478470.00,186.68,Touring Data,reported,
BLACKPINK,female,3,4,2016-08-08,YG,Born Pink,world tour,end stage,2022-11-10,Thu,2022-11-11,Fri,2,North America,United States,Chicago,United Center,arena,23500,25582,0.5443,25582,1.0000,6745780.00,263.69,Touring Data,reported,
BLACKPINK,female,3,4,2016-08-08,YG,Born Pink,world tour,end stage,2022-11-14,Mon,2022-11-15,Tue,2,North America,United States,Newark,Prudential Center,arena,17000,23928,0.7038,23928,1.0000,6595517.00,275.64,Touring Data,reported,
BLACKPINK,female,3,4,2016-08-08,YG,Born Pink,world tour,end stage,2022-11-19,Sat,2022-11-20,Sun,2,North America,United States,Los Angeles,BMO Stadium,stadium,22000,46295,1.0522,46295,1.0000,15346966.00,331.50,Touring Data,reported,
BLACKPINK,female,3,4,2016-08-08,YG,Born Pink,world tour,end stage,2022-11-30,Wed,2022-12-01,Thu,2,Europe,England,London,The O2 Arena,arena,20000,35440,0.8860,35440,1.0000,5755155.00,162.39,Touring Data,reported,
BLACKPINK,female,3,4,2016-08-08,YG,Born Pink,world tour,end stage,2022-12-05,Mon,2022-12-05,Mon,1,Europe,Spain,Barcelona,Palau Sant Jordi,arena,17960,17208,0.9581,17208,1.0000,2398563.00,139.39,Touring Data,reported,
BLACKPINK,female,3,4,2016-08-08,YG,Born Pink,world tour,end stage,2022-12-08,Thu,2022-12-08,Thu,1,Europe,Germany,Cologne,Lanxess Arena,arena,20000,15899,0.7950,15899,1.0000,2705360.00,170.16,Touring Data,reported,
BLACKPINK,female,3,4,2016-08-08,YG,Born Pink,world tour,end stage,2022-12-11,Sun,2022-12-12,Mon,2,Europe,France,Paris,Accor Arena,arena,20300,30731,0.7569,30731,1.0000,4773771.00,155.34,Touring Data,reported,
BLACKPINK,female,3,4,2016-08-08,YG,Born Pink,world tour,end stage,2022-12-15,Thu,2022-12-15,Thu,1,Europe,Denmark,Copenhagen,Royal Arena,arena,17000,15525,0.9132,15525,1.0000,2270370.00,146.24,Touring Data,reported,
BLACKPINK,female,3,4,2016-08-08,YG,Born Pink,world tour,end stage,2022-12-19,Mon,2022-12-20,Tue,2,Europe,Germany,Berlin,Uber Arena,arena,17000,26638,0.7835,26638,1.0000,4707247.00,176.71,Touring Data,reported,
BLACKPINK,female,3,4,2016-08-08,YG,Born Pink,world tour,end stage,2022-12-22,Thu,2022-12-22,Thu,1,Europe,Netherlands,Amsterdam,Ziggo Dome,arena,17000,14641,0.8612,14641,1.0000,2268488.00,154.94,Touring Data,reported,
BLACKPINK,female,3,4,2016-08-08,YG,Born Pink,world tour,end stage,2023-01-07,Sat,2023-01-08,Sun,2,Asia,Thailand,Bangkok,Suphachalasai Stadium,stadium,35000,66211,0.9459,66211,1.0000,12393129.00,187.18,Touring Data,reported,
BLACKPINK,female,3,4,2016-08-08,YG,Born Pink,world tour,end stage,2023-01-13,Fri,2023-01-15,Sun,3,Asia,Hong Kong,Hong Kong,AsiaWorld–Expo,arena,14000,32312,0.7693,32312,1.0000,8270805.00,255.97,Touring Data,reported,
BLACKPINK,female,3,4,2016-08-08,YG,Born Pink,world tour,end stage,2023-01-20,Fri,2023-01-20,Fri,1,Middle East,Saudi Arabia,Riyadh,Boulevard City,concert hall,,26578,,26578,1.0000,4152317.00,156.23,Touring Data,reported,
BLACKPINK,female,3,4,2016-08-08,YG,Born Pink,world tour,end stage,2023-01-28,Sat,2023-01-28,Sat,1,Middle East,United Arab Emirates,Abu Dhabi,Etihad Park,amphitheater,40000,22209,0.5552,22209,1.0000,3121659.00,140.56,Touring Data,reported,
BLACKPINK,female,3,4,2016-08-08,YG,Born Pink,world tour,end stage,2023-03-04,Sat,2023-03-04,Sat,1,Asia,Malaysia,Kuala Lumpur,Bukit Jalil Stadium,stadium,90000,62642,0.6960,62642,1.0000,9130608.00,145.76,Touring Data,reported,
BLACKPINK,female,3,4,2016-08-08,YG,Born Pink,world tour,end stage,2023-03-11,Sat,2023-03-12,Sun,2,Asia,Indonesia,Jakarta,Gelora Bung Karno Main Stadium,stadium,77193,113740,0.7367,113740,1.0000,17199546.00,151.22,Touring Data,reported,
BLACKPINK,female,3,4,2016-08-08,YG,Born Pink,world tour,end stage,2023-03-18,Sat,2023-03-19,Sun,2,Asia,Taiwan,Kaohsiung,National Stadium,stadium,55000,101096,0.9191,101096,1.0000,14182363.00,140.29,Touring Data,reported,
BLACKPINK,female,3,4,2016-08-08,YG,Born Pink,world tour,end stage,2023-03-25,Sat,2023-03-26,Sun,2,Asia,Philippines,Bulacan,Philippine Arena,arena,55000,92720,0.8429,92720,1.0000,14174292.00,152.87,Touring Data,reported,
BLACKPINK,female,3,4,2016-08-08,YG,Born Pink,world tour,end stage,2023-04-08,Sat,2023-04-09,Sun,2,Asia,Japan,Tokyo,Tokyo Dome,stadium,55000,100809,0.9164,100809,1.0000,11105817.00,110.17,Touring Data,reported,
BLACKPINK,female,3,4,2016-08-08,YG,Born Pink,world tour,end stage,2023-04-26,Wed,2023-04-27,Thu,2,North America,Mexico,Mexico City,Estadio GNP Seguros,stadium,65000,113498,0.8731,113498,1.0000,19978283.00,176.02,Touring Data,reported,
BLACKPINK,female,3,4,2016-08-08,YG,Born Pink,world tour,end stage,2023-05-13,Sat,2023-05-14,Sun,2,Asia,Singapore,Singapore,Singapore National Stadium,stadium,55000,97977,0.8907,97977,1.0000,18452183.00,188.33,Touring Data,reported,
BLACKPINK,female,3,4,2016-08-08,YG,Born Pink,world tour,end stage,2023-05-20,Sat,2023-05-21,Sun,2,Asia,Macau,Macau,Galaxy Arena,arena,16000,23267,0.7271,23267,1.0000,7555920.00,324.75,Touring Data,reported,
BLACKPINK,female,3,4,2016-08-08,YG,Born Pink,world tour,end stage,2023-05-27,Sat,2023-05-28,Sun,2,Asia,Thailand,Bangkok,Rajamangala Stadium,stadium,51560,81108,0.7865,81108,1.0000,15380701.00,189.63,Touring Data,reported,
BLACKPINK,female,3,4,2016-08-08,YG,Born Pink,world tour,end stage,2023-06-03,Sat,2023-06-04,Sun,2,Asia,Japan,Osaka,Kyocera Dome,stadium,55000,81996,0.7454,81996,1.0000,8675104.00,105.80,Touring Data,reported,
BLACKPINK,female,3,4,2016-08-08,YG,Born Pink,world tour,end stage,2023-06-10,Sat,2023-06-11,Sun,2,Oceania,Australia,Melbourne,Rod Laver Arena,arena,14820,23145,0.7809,23145,1.0000,4100980.00,177.19,Touring Data,reported,
BLACKPINK,female,3,4,2016-08-08,YG,Born Pink,world tour,end stage,2023-06-16,Fri,2023-06-17,Sat,2,Oceania,Australia,Sydney,Qudos Bank Arena,arena,18000,25926,0.7202,25926,1.0000,4717576.00,181.96,Touring Data,reported,
BLACKPINK,female,3,4,2016-08-08,YG,Born Pink,world tour,end stage,2023-06-21,Wed,2023-06-21,Wed,1,Oceania,New Zealand,Auckland,,,,,,,,,,,unreported,
BLACKPINK,female,3,4,2016-08-08,YG,Born Pink,world tour,end stage,2023-07-15,Sat,2023-07-15,Sat,1,Europe,France,Paris,Stade de France,stadium,81338,52781,0.6489,52781,1.0000,9878963.00,187.17,Touring Data,reported,
BLACKPINK,female,3,4,2016-08-08,YG,Born Pink,world tour,end stage,2023-07-29,Sat,2023-07-30,Sun,2,Asia,Vietnam,Hanoi,Mỹ Đình National Stadium,stadium,50000,67443,0.6744,67443,1.0000,13660064.00,202.54,Touring Data,reported,
BLACKPINK,female,3,4,2016-08-08,YG,Born Pink,world tour,end stage,2023-08-11,Fri,2023-08-12,Sat,2,North America,United States,East Rutherford,MetLife Stadium,stadium,82500,96570,0.5853,96570,1.0000,17506005.00,181.28,Touring Data,reported,
BLACKPINK,female,3,4,2016-08-08,YG,Born Pink,world tour,end stage,2023-08-18,Fri,2023-08-18,Fri,1,North America,United States,Las Vegas,Allegiant Stadium,stadium,65000,44171,0.6796,44171,1.0000,11429130.00,258.75,Touring Data,reported,
BLACKPINK,female,3,4,2016-08-08,YG,Born Pink,world tour,end stage,2023-08-22,Tue,2023-08-22,Tue,1,North America,United States,San Francisco,Oracle Park,stadium,45000,38390,0.8531,38390,1.0000,9586128.00,249.70,Touring Data,reported,
BLACKPINK,female,3,4,2016-08-08,YG,Born Pink,world tour,end stage,2023-08-26,Sat,2023-08-26,Sat,1,North America,United States,Los Angeles,Dodger Stadium,stadium,56000,48824,0.8719,48824,1.0000,13813071.00,282.92,Touring Data,reported,
BLACKPINK,female,3,4,2016-08-08,YG,Born Pink,world tour,end stage,2023-09-16,Sat,2023-09-17,Sun,2,Asia,South Korea,Seoul,Gocheok Sky Dome,stadium,16744,35391,1.0568,35391,1.0000,4684163.00,132.35,Touring Data,reported,
BLACKPINK,female,3,4,2016-08-08,YG,Deadline,world tour,end stage,2025-07-05,Sat,2025-07-06,Sun,2,Asia,South Korea,Goyang,Goyang Stadium,stadium,41311,,,75340,,9478301.00,125.81,KOPIS,parcial,
BLACKPINK,female,3,4,2016-08-08,YG,Deadline,world tour,end stage,2025-07-12,Sat,2025-07-13,Sun,2,North America,United States,Inglewood,SoFi Stadium,stadium,70240,91093,0.6484,89981,0.9878,,,Touring Data,parcial,
BLACKPINK,female,3,4,2016-08-08,YG,Deadline,world tour,end stage,2025-07-18,Fri,2025-07-18,Fri,1,North America,United States,Chicago,Soldier Field,stadium,62500,50201,0.8032,48915,0.9744,,,Touring Data,parcial,
BLACKPINK,female,3,4,2016-08-08,YG,Deadline,world tour,end stage,2025-07-22,Tue,2025-07-23,Wed,2,North America,Canada,Toronto,Rogers Stadium,stadium,50000,,,,,,,,unreported,
BLACKPINK,female,3,4,2016-08-08,YG,Deadline,world tour,end stage,2025-07-26,Sat,2025-07-27,Sun,2,North America,United States,New York,Citi Field,stadium,41922,74127,0.8841,73608,0.9930,,,Touring Data,parcial,
BLACKPINK,female,3,4,2016-08-08,YG,Deadline,world tour,end stage,2025-08-02,Sat,2025-08-03,Sun,2,Europe,France,Paris,Stade de France,stadium,81338,,,,,,,,unreported,
BLACKPINK,female,3,4,2016-08-08,YG,Deadline,world tour,end stage,2025-08-06,Wed,2025-08-06,Wed,1,Europe,Italy,Milan,Ippodromo La Maura,stadium,80000,,,,,,,,unreported,
BLACKPINK,female,3,4,2016-08-08,YG,Deadline,world tour,end stage,2025-08-09,Sat,2025-08-09,Sat,1,Europe,Spain,Barcelona,Estadi Olímpic Lluís Companys,stadium,55926,,,,,,,,unreported,
BLACKPINK,female,3,4,2016-08-08,YG,Deadline,world tour,end stage,2025-08-15,Fri,2025-08-16,Sat,2,Europe,England,London,Wembley Stadium,stadium,90000,,,,,,,,unreported,
BLACKPINK,female,3,4,2016-08-08,YG,Deadline,world tour,end stage,2025-10-18,Sat,2025-10-19,Sun,2,Asia,Taiwan,Kaohsiung,National Stadium,stadium,55000,,,,,,,,unreported,
BLACKPINK,female,3,4,2016-08-08,YG,Deadline,world tour,end stage,2025-10-24,Fri,2025-10-26,Sun,3,Asia,Thailand,Bangkok,Rajamangala Stadium,stadium,51560,,,,,,,,unreported,
BLACKPINK,female,3,4,2016-08-08,YG,Deadline,world tour,end stage,2025-11-01,Sat,2025-11-02,Sun,2,Asia,Indonesia,Jakarta,Gelora Bung Karno Main Stadium,stadium,77193,,,,,,,,unreported,
BLACKPINK,female,3,4,2016-08-08,YG,Deadline,world tour,end stage,2025-11-22,Sat,2025-11-23,Sun,2,Asia,Philippines,Bulacan,Philippine Arena,arena,55000,,,,,,,,unreported,
BLACKPINK,female,3,4,2016-08-08,YG,Deadline,world tour,end stage,2025-11-28,Fri,2025-11-30,Sun,3,Asia,Singapore,Singapore,Singapore National Stadium,stadium,55000,,,,,,,,unreported,
BLACKPINK,female,3,4,2016-08-08,YG,Deadline,world tour,end stage,2026-01-16,Fri,2026-01-18,Sun,3,Asia,Japan,Tokyo,Tokyo Dome,stadium,55000,,,,,,,,unreported,
BLACKPINK,female,3,4,2016-08-08,YG,Deadline,world tour,end stage,2026-01-24,Sat,2026-01-26,Mon,3,Asia,Hong Kong,Hong Kong,Kai Tak Stadium,stadium,45995,,,,,,,,unreported,
i-dle,female,4,5,2018-05-02,Cube,I Am Free-ty,world tour,end stage,2023-06-17,Sat,2023-06-18,Sun,2,Asia,South Korea,Seoul,Jamsil Indoor Stadium,arena,11069,,,9869,,,,KOPIS,missing,
i-dle,female,4,5,2018-05-02,Cube,I Am Free-ty,world tour,end stage,2023-07-01,Sat,2023-07-02,Sun,2,Asia,Taiwan,Taipei,Taipei Arena,stadium,13000,,,,,,,,unreported,
i-dle,female,4,5,2018-05-02,Cube,I Am Free-ty,world tour,end stage,2023-07-15,Sat,2023-07-15,Sat,1,Asia,Thailand,Bangkok,IMPACT Thunder Dome,concert hall,3500,,,,,,,,unreported,
i-dle,female,4,5,2018-05-02,Cube,I Am Free-ty,world tour,end stage,2023-07-22,Sat,2023-07-23,Sun,2,Asia,Hong Kong,Hong Kong,AsiaWorld–Expo,arena,14000,,,,,,,,unreported,
i-dle,female,4,5,2018-05-02,Cube,I Am Free-ty,world tour,end stage,2023-08-04,Fri,2023-08-04,Fri,1,North America,United States,San Francisco,Bill Graham Civic Auditorium,arena,8500,5244,0.6169,5244,1.0000,751096.00,143.23,Touring Data,reported,
i-dle,female,4,5,2018-05-02,Cube,I Am Free-ty,world tour,end stage,2023-08-06,Sun,2023-08-06,Sun,1,North America,United States,Los Angeles,Peacock Theater,arena,7100,6798,0.9575,6360,0.9357,806139.00,126.75,Touring Data,reported,
i-dle,female,4,5,2018-05-02,Cube,I Am Free-ty,world tour,end stage,2023-08-09,Wed,2023-08-09,Wed,1,North America,United States,Grand Prairie,Texas Trust CU Theatre,concert hall,6350,,,,,,,,unreported,
i-dle,female,4,5,2018-05-02,Cube,I Am Free-ty,world tour,end stage,2023-08-13,Sun,2023-08-13,Sun,1,North America,United States,New York,The Theater,theater,5600,5175,0.9241,5175,1.0000,758380.00,146.55,Touring Data,reported,
i-dle,female,4,5,2018-05-02,Cube,I Am Free-ty,world tour,end stage,2023-08-15,Tue,2023-08-15,Tue,1,North America,United States,Atlanta,Fox Theatre,theater,4665,,,2732,0.6267,366145.00,,,unreported,
i-dle,female,4,5,2018-05-02,Cube,I Am Free-ty,world tour,end stage,2023-08-17,Thu,2023-08-17,Thu,1,North America,United States,Rosemont,Rosemont Theatre,theater,4400,4292,0.9755,4292,1.0000,611325.00,142.43,Touring Data,reported,
i-dle,female,4,5,2018-05-02,Cube,I Am Free-ty,world tour,end stage,2023-09-09,Sat,2023-09-09,Sat,1,Europe,England,London,Wembley Arena,arena,12500,,,9438,0.9614,986004.00,,,unreported,
i-dle,female,4,5,2018-05-02,Cube,I Am Free-ty,world tour,end stage,2023-09-11,Mon,2023-09-11,Mon,1,Europe,Netherlands,Amsterdam,AFAS Live,concert hall,6000,,,,,,,,unreported,
i-dle,female,4,5,2018-05-02,Cube,I Am Free-ty,world tour,end stage,2023-09-13,Wed,2023-09-13,Wed,1,Europe,France,Paris,Zénith,arena,9000,,,,,,,,unreported,
i-dle,female,4,5,2018-05-02,Cube,I Am Free-ty,world tour,end stage,2023-09-16,Sat,2023-09-16,Sat,1,Europe,Belgium,Brussels,Forest National,arena,8400,8289,0.9868,8232,0.9931,700197.00,85.06,Touring Data,reported,
i-dle,female,4,5,2018-05-02,Cube,I Am Free-ty,world tour,end stage,2023-09-18,Mon,2023-09-19,Tue,2,Europe,Germany,Berlin,Uber Eats Music Hall,concert hall,4500,,,,,,,,unreported,
i-dle,female,4,5,2018-05-02,Cube,I Am Free-ty,world tour,end stage,2023-09-27,Wed,2023-09-28,Thu,2,Asia,Japan,Tokyo,Tachikawa Stage Garden,concert hall,2448,,,,,,,,unreported,
i-dle,female,4,5,2018-05-02,Cube,I Am Free-ty,world tour,end stage,2023-10-13,Fri,2023-10-14,Sat,2,Asia,Macau,Macau,Galaxy Arena,arena,16000,,,,,,,,unreported,
i-dle,female,4,5,2018-05-02,Cube,I Am Free-ty,world tour,end stage,2023-10-29,Sun,2023-10-29,Sun,1,Asia,Singapore,Singapore,Singapore Indoor Stadium,arena,9000,,,,,,,,unreported,
i-dle,female,4,5,2018-05-02,Cube,i-DOL,world tour,end stage,2024-08-03,Sat,2024-08-04,Sun,2,Asia,South Korea,Seoul,KSPO Dome,arena,15000,,,15425,,1701868.75,110.33,KOPIS,parcial,
i-dle,female,4,5,2018-05-02,Cube,i-DOL,world tour,end stage,2024-08-23,Fri,2024-08-25,Sun,3,Asia,Hong Kong,Hong Kong,AsiaWorld–Expo,arena,14000,,,,,,,,unreported,
i-dle,female,4,5,2018-05-02,Cube,i-DOL,world tour,end stage,2024-09-06,Fri,2024-09-06,Fri,1,North America,United States,Tacoma,Tacoma Dome,arena,21000,8500,0.4048,5322,0.6261,,,Touring Data,parcial,
i-dle,female,4,5,2018-05-02,Cube,i-DOL,world tour,end stage,2024-09-08,Sun,2024-09-08,Sun,1,North America,United States,Oakland,Oakland Arena,arena,19596,,,,,,,,unreported,
i-dle,female,4,5,2018-05-02,Cube,i-DOL,world tour,end stage,2024-09-10,Tue,2024-09-10,Tue,1,North America,United States,Anaheim,Honda Center,theater,10935,10500,0.9602,7177,0.6835,,,Touring Data,parcial,
i-dle,female,4,5,2018-05-02,Cube,i-DOL,world tour,end stage,2024-09-13,Fri,2024-09-13,Fri,1,North America,United States,Houston,Toyota Center,arena,19000,,,,,,,,unreported,
i-dle,female,4,5,2018-05-02,Cube,i-DOL,world tour,end stage,2024-09-15,Sun,2024-09-15,Sun,1,North America,United States,Rosemont,Allstate Arena,arena,22000,11000,0.5000,7027,0.6388,,,Touring Data,parcial,
i-dle,female,4,5,2018-05-02,Cube,i-DOL,world tour,end stage,2024-09-18,Wed,2024-09-18,Wed,1,North America,United States,New York,UBS Arena,arena,19000,12000,0.6316,5475,0.4563,,,Touring Data,parcial,
i-dle,female,4,5,2018-05-02,Cube,i-DOL,world tour,end stage,2024-10-04,Fri,2024-10-06,Sun,3,Asia,Taiwan,Taipei,Taipei Arena,stadium,13000,,,,,,,,unreported,
i-dle,female,4,5,2018-05-02,Cube,i-DOL,world tour,end stage,2024-10-19,Sat,2024-10-19,Sat,1,Asia,Thailand,Bangkok,IMPACT Arena,arena,12000,,,,,,,,unreported,
i-dle,female,4,5,2018-05-02,Cube,i-DOL,world tour,end stage,2024-10-25,Fri,2024-10-27,Sun,3,Asia,Macau,Macau,Galaxy Arena,arena,16000,,,,,,,,unreported,
i-dle,female,4,5,2018-05-02,Cube,i-DOL,world tour,end stage,2024-10-31,Thu,2024-10-31,Thu,1,Oceania,Australia,Melbourne,Rod Laver Arena,arena,14820,,,,,,,,unreported,
i-dle,female,4,5,2018-05-02,Cube,i-DOL,world tour,end stage,2024-11-02,Sat,2024-11-02,Sat,1,Oceania,Australia,Sydney,Qudos Bank Arena,arena,18000,,,,,,,,unreported,
i-dle,female,4,5,2018-05-02,Cube,i-DOL,world tour,end stage,2026-08-31,Mon,2026-09-01,Tue,2,Asia,Japan,Tokyo,Ariake Arena,arena,15000,,,,,,,,unreported,
ITZY,female,4,5,2019-02-12,JYP,Checkmate,world tour,end stage,2022-08-06,Sat,2022-08-07,Sun,2,Asia,South Korea,Seoul,Handball Gymnasium,arena,6500,,,5266,,398828.19,75.74,KOPIS,parcial,
ITZY,female,4,5,2019-02-12,JYP,Checkmate,world tour,end stage,2022-10-26,Wed,2022-10-26,Wed,1,North America,United States,Inglewood,YouTube Theater,theater,6000,,,,,,,,unreported,
ITZY,female,4,5,2019-02-12,JYP,Checkmate,world tour,end stage,2022-10-29,Sat,2022-10-29,Sat,1,North America,United States,Phoenix,Arizona Financial Theatre,theater,5000,,,,,,,,unreported,
ITZY,female,4,5,2019-02-12,JYP,Checkmate,world tour,end stage,2022-11-01,Tue,2022-11-01,Tue,1,North America,United States,Irving,Toyota Music Factory,theater,4000,,,,,,,,unreported,
ITZY,female,4,5,2019-02-12,JYP,Checkmate,world tour,end stage,2022-11-03,Thu,2022-11-03,Thu,1,North America,United States,Sugar Land,Smart Financial Centre,concert hall,6400,,,,,,,,unreported,
ITZY,female,4,5,2019-02-12,JYP,Checkmate,world tour,end stage,2022-11-05,Sat,2022-11-05,Sat,1,North America,United States,Atlanta,Fox Theatre,theater,4665,,,,,,,,unreported,
ITZY,female,4,5,2019-02-12,JYP,Checkmate,world tour,end stage,2022-11-07,Mon,2022-11-07,Mon,1,North America,United States,Rosemont,Rosemont Theatre,theater,4400,,,,,,,,unreported,
ITZY,female,4,5,2019-02-12,JYP,Checkmate,world tour,end stage,2022-11-10,Thu,2022-11-10,Thu,1,North America,United States,Boston,MGM Music Hall,concert hall,5007,,,,,,,,unreported,
ITZY,female,4,5,2019-02-12,JYP,Checkmate,world tour,end stage,2022-11-13,Sun,2022-11-13,Sun,1,North America,United States,New York,The Theater,theater,5600,,,,,,,,unreported,
ITZY,female,4,5,2019-02-12,JYP,Checkmate,world tour,end stage,2023-01-14,Sat,2023-01-15,Sun,2,Asia,Philippines,Pasay,SM Mall of Asia Arena,arena,15000,,,,,,,,unreported,
ITZY,female,4,5,2019-02-12,JYP,Checkmate,world tour,end stage,2023-01-28,Sat,2023-01-28,Sat,1,Asia,Singapore,Singapore,The Star Performing Arts Centre,concert hall,5000,,,,,,,,unreported,
ITZY,female,4,5,2019-02-12,JYP,Checkmate,world tour,end stage,2023-02-04,Sat,2023-02-04,Sat,1,Asia,Indonesia,Jakarta,Gelora Bung Karno Tennis Indoor Stadium,arena,3750,,,,,,,,unreported,
ITZY,female,4,5,2019-02-12,JYP,Checkmate,world tour,end stage,2023-02-22,Wed,2023-02-23,Thu,2,Asia,Japan,Chiba,Makuhari Messe,arena,,,,,,,,,unreported,
ITZY,female,4,5,2019-02-12,JYP,Checkmate,world tour,end stage,2023-02-26,Sun,2023-02-26,Sun,1,Asia,Taiwan,Taoyuan,NTSU Arena,arena,15000,,,,,,,,unreported,
ITZY,female,4,5,2019-02-12,JYP,Checkmate,world tour,end stage,2023-03-11,Sat,2023-03-12,Sun,2,Asia,Hong Kong,Hong Kong,AsiaWorld–Expo,arena,14000,,,,,,,,unreported,
ITZY,female,4,5,2019-02-12,JYP,Checkmate,world tour,end stage,2023-04-08,Sat,2023-04-08,Sat,1,Asia,Thailand,Bangkok,IMPACT Thunder Dome,concert hall,3500,,,,,,,,unreported,
ITZY,female,4,5,2019-02-12,JYP,Born to Be,world tour,end stage,2024-02-24,Sat,2024-02-25,Sun,2,Asia,South Korea,Seoul,Jamsil Indoor Stadium,arena,11069,,,7406,,,,KOPIS,missing,
ITZY,female,4,5,2019-02-12,JYP,Born to Be,world tour,end stage,2024-03-16,Sat,2024-03-16,Sat,1,Asia,Thailand,Bangkok,IMPACT Arena,arena,12000,,,,,,,,unreported,
ITZY,female,4,5,2019-02-12,JYP,Born to Be,world tour,end stage,2024-03-21,Thu,2024-03-21,Thu,1,Oceania,New Zealand,Auckland,Spark Arena,arena,13280,6209,0.4675,5108,0.8228,407215.00,79.72,Touring Data,reported,
ITZY,female,4,5,2019-02-12,JYP,Born to Be,world tour,end stage,2024-03-24,Sun,2024-03-24,Sun,1,Oceania,Australia,Sydney,ICC Sydney Theatre,concert hall,2500,,,,,,,,unreported,
ITZY,female,4,5,2019-02-12,JYP,Born to Be,world tour,end stage,2024-03-26,Tue,2024-03-26,Tue,1,Oceania,Australia,Melbourne,Margaret Court Arena,arena,7500,,,,,,,,unreported,
ITZY,female,4,5,2019-02-12,JYP,Born to Be,world tour,end stage,2024-04-06,Sat,2024-04-06,Sat,1,Asia,Singapore,Singapore,Singapore Indoor Stadium,arena,9000,,,,,,,,unreported,
ITZY,female,4,5,2019-02-12,JYP,Born to Be,world tour,end stage,2024-04-15,Mon,2024-04-15,Mon,1,North America,Mexico,Mexico City,Pepsi Center WTC,theater,7500,6487,0.8649,5639,0.8694,640365.00,113.56,Touring Data,reported,
ITZY,female,4,5,2019-02-12,JYP,Born to Be,world tour,end stage,2024-04-18,Thu,2024-04-18,Thu,1,South America,Chile,Santiago,Movistar Arena,arena,15500,13101,0.8452,13101,1.0000,727248.00,55.51,Touring Data,reported,
ITZY,female,4,5,2019-02-12,JYP,Born to Be,world tour,end stage,2024-04-24,Wed,2024-04-24,Wed,1,Europe,England,London,Wembley Arena,arena,12500,,,,,,,,unreported,
ITZY,female,4,5,2019-02-12,JYP,Born to Be,world tour,end stage,2024-04-26,Fri,2024-04-26,Fri,1,Europe,France,Paris,Zénith,arena,9000,,,,,,,,unreported,
ITZY,female,4,5,2019-02-12,JYP,Born to Be,world tour,end stage,2024-04-28,Sun,2024-04-28,Sun,1,Europe,Germany,Berlin,Velodrom,arena,12000,,,,,,,,unreported,
ITZY,female,4,5,2019-02-12,JYP,Born to Be,world tour,end stage,2024-05-01,Wed,2024-05-01,Wed,1,Europe,Netherlands,Amsterdam,AFAS Live,concert hall,6000,,,,,,,,unreported,
ITZY,female,4,5,2019-02-12,JYP,Born to Be,world tour,end stage,2024-05-04,Sat,2024-05-04,Sat,1,Europe,Spain,Madrid,Palacio Vistalegre,arena,14000,,,,,,,,unreported,
ITZY,female,4,5,2019-02-12,JYP,Born to Be,world tour,end stage,2024-05-17,Fri,2024-05-19,Sun,3,Asia,Japan,Tokyo,Yoyogi National Gymnasium,arena,12898,,,,,,,,unreported,
ITZY,female,4,5,2019-02-12,JYP,Born to Be,world tour,end stage,2024-05-22,Wed,2024-05-22,Wed,1,Asia,Japan,Osaka,Osaka-jō Hall,arena,16000,,,,,,,,unreported,
ITZY,female,4,5,2019-02-12,JYP,Born to Be,world tour,end stage,2024-06-06,Thu,2024-06-06,Thu,1,North America,United States,Seattle,WaMu Theater,concert hall,7000,,,,,,,,unreported,
ITZY,female,4,5,2019-02-12,JYP,Born to Be,world tour,end stage,2024-06-08,Sat,2024-06-08,Sat,1,North America,United States,Oakland,Oakland Arena,arena,19596,,,,,,,,unreported,
ITZY,female,4,5,2019-02-12,JYP,Born to Be,world tour,end stage,2024-06-11,Tue,2024-06-11,Tue,1,North America,United States,Inglewood,Kia Forum,arena,17500,,,,,,,,unreported,
ITZY,female,4,5,2019-02-12,JYP,Born to Be,world tour,end stage,2024-06-14,Fri,2024-06-14,Fri,1,North America,United States,Sugar Land,Smart Financial Centre,concert hall,6400,,,,,,,,unreported,
ITZY,female,4,5,2019-02-12,JYP,Born to Be,world tour,end stage,2024-06-16,Sun,2024-06-16,Sun,1,North America,United States,Irving,Toyota Music Factory,theater,4000,,,,,,,,unreported,
ITZY,female,4,5,2019-02-12,JYP,Born to Be,world tour,end stage,2024-06-18,Tue,2024-06-18,Tue,1,North America,United States,Atlanta,Fox Theatre,theater,4665,4466,0.9573,4098,0.9178,423654.00,103.38,Touring Data,reported,
ITZY,female,4,5,2019-02-12,JYP,Born to Be,world tour,end stage,2024-06-20,Thu,2024-06-20,Thu,1,North America,United States,Fairfax,EagleBank Arena,arena,15000,6688,0.4459,6688,1.0000,677528.00,101.31,Touring Data,reported,
ITZY,female,4,5,2019-02-12,JYP,Born to Be,world tour,end stage,2024-06-23,Sun,2024-06-23,Sun,1,North America,United States,Newark,Prudential Center,arena,17000,8040,0.4729,8040,1.0000,1091587.00,135.77,Touring Data,reported,
ITZY,female,4,5,2019-02-12,JYP,Born to Be,world tour,end stage,2024-06-26,Wed,2024-06-26,Wed,1,North America,United States,Rosemont,Rosemont Theatre,theater,4400,,,,,,,,unreported,
ITZY,female,4,5,2019-02-12,JYP,Born to Be,world tour,end stage,2024-06-28,Fri,2024-06-29,Sat,2,North America,Canada,Toronto,Great Canadian Casino Resort,concert hall,,,,,,,,,unreported,
ITZY,female,4,5,2019-02-12,JYP,Born to Be,world tour,end stage,2024-07-20,Sat,2024-07-20,Sat,1,Asia,Taiwan,Taipei,Taipei Arena,stadium,13000,,,,,,,,unreported,
ITZY,female,4,5,2019-02-12,JYP,Born to Be,world tour,end stage,2024-08-03,Sat,2024-08-03,Sat,1,Asia,Philippines,Pasay,SM Mall of Asia Arena,arena,15000,,,,,,,,unreported,
ITZY,female,4,5,2019-02-12,JYP,Born to Be,world tour,end stage,2024-08-10,Sat,2024-08-10,Sat,1,Asia,Hong Kong,Hong Kong,AsiaWorld–Expo,arena,14000,,,,,,,,unreported,
ITZY,female,4,5,2019-02-12,JYP,Tunnel Vision,world tour,end stage,2026-02-13,Fri,2026-02-15,Sun,3,Asia,South Korea,Seoul,Jamsil Indoor Stadium,arena,11069,,,12334,,899417.27,72.92,KOPIS,parcial,
ITZY,female,4,5,2019-02-12,JYP,Tunnel Vision,world tour,end stage,2026-04-17,Fri,2026-04-17,Fri,1,Oceania,Australia,Melbourne,John Cain Arena,arena,10300,,,,,,,,unreported,
ITZY,female,4,5,2019-02-12,JYP,Tunnel Vision,world tour,end stage,2026-04-19,Sun,2026-04-19,Sun,1,Oceania,Australia,Sydney,ICC Sydney Theatre,concert hall,2500,,,,,,,,unreported,
ITZY,female,4,5,2019-02-12,JYP,Tunnel Vision,world tour,end stage,2026-04-22,Wed,2026-04-22,Wed,1,Oceania,New Zealand,Auckland,Spark Arena,arena,13280,,,,,,,,unreported,Unforeseen Circumstances
ITZY,female,4,5,2019-02-12,JYP,Tunnel Vision,world tour,end stage,2026-05-09,Sat,2026-05-10,Sun,2,Asia,Japan,Tokyo,Keio Arena Tokyo,arena,10000,,,,,,,,unreported,
ITZY,female,4,5,2019-02-12,JYP,Tunnel Vision,world tour,end stage,2026-06-20,Sat,2026-06-20,Sat,1,Asia,Hong Kong,Hong Kong,AsiaWorld–Expo,arena,14000,,,,,,,,unreported,
ITZY,female,4,5,2019-02-12,JYP,Tunnel Vision,world tour,end stage,2026-06-27,Sat,2026-06-27,Sat,1,Asia,Taiwan,Kaohsiung,Kaohsiung Arena,arena,15000,,,,,,,,unreported,
ITZY,female,4,5,2019-02-12,JYP,Tunnel Vision,world tour,end stage,2026-07-04,Sat,2026-07-04,Sat,1,Asia,Thailand,Bangkok,IMPACT Arena,arena,12000,,,,,,,,unreported,
ITZY,female,4,5,2019-02-12,JYP,Tunnel Vision,world tour,end stage,2026-07-11,Sat,2026-07-11,Sat,1,Asia,Philippines,Pasay,SM Mall of Asia Arena,arena,15000,,,,,,,,unreported,
IVE,female,4,6,2021-12-01,"Starship,KAKAO",Show What I Have,world tour,end stage,2023-10-07,Sat,2023-10-08,Sun,2,Asia,South Korea,Seoul,Jamsil Indoor Stadium,arena,11069,9989,0.4512,9989,1.0000,1141028.00,114.23,Touring Data,reported,
IVE,female,4,6,2021-12-01,"Starship,KAKAO",Show What I Have,world tour,end stage,2023-11-15,Wed,2023-11-16,Thu,2,Asia,Japan,Yokohama,K-Arena Yokohama,arena,20000,24387,0.6097,24387,1.0000,2177148.00,89.27,Touring Data,reported,
IVE,female,4,6,2021-12-01,"Starship,KAKAO",Show What I Have,world tour,end stage,2024-01-27,Sat,2024-01-27,Sat,1,Asia,Thailand,Bangkok,IMPACT Arena,arena,12000,,,,,,,,unreported,
IVE,female,4,6,2021-12-01,"Starship,KAKAO",Show What I Have,world tour,end stage,2024-01-31,Wed,2024-02-01,Thu,2,Asia,Japan,Fukuoka,Marine Messe,arena,15000,18851,0.6284,18851,1.0000,1725483.00,91.53,Touring Data,reported,
IVE,female,4,6,2021-12-01,"Starship,KAKAO",Show What I Have,world tour,end stage,2024-02-07,Wed,2024-02-08,Thu,2,Asia,Japan,Osaka,Osaka-jō Hall,arena,16000,20748,0.6484,20748,1.0000,1888026.00,91.00,Touring Data,reported,
IVE,female,4,6,2021-12-01,"Starship,KAKAO",Show What I Have,world tour,end stage,2024-02-17,Sat,2024-02-17,Sat,1,Asia,Malaysia,Kuala Lumpur,Unifi Arena,arena,11000,,,,,,,,unreported,
IVE,female,4,6,2021-12-01,"Starship,KAKAO",Show What I Have,world tour,end stage,2024-02-24,Sat,2024-02-24,Sat,1,Asia,Singapore,Singapore,Singapore Indoor Stadium,arena,9000,,,,,,,,unreported,
IVE,female,4,6,2021-12-01,"Starship,KAKAO",Show What I Have,world tour,end stage,2024-03-02,Sat,2024-03-03,Sun,2,Asia,Taiwan,Taoyuan,NTSU Arena,arena,15000,,,,,,,,unreported,
IVE,female,4,6,2021-12-01,"Starship,KAKAO",Show What I Have,world tour,end stage,2024-03-13,Wed,2024-03-13,Wed,1,North America,United States,Inglewood,Kia Forum,arena,17500,,,,,,,,unreported,
IVE,female,4,6,2021-12-01,"Starship,KAKAO",Show What I Have,world tour,end stage,2024-03-16,Sat,2024-03-16,Sat,1,North America,United States,Oakland,Oakland Arena,arena,19596,12063,0.6156,12063,1.0000,1203629.00,99.78,Touring Data,reported,
IVE,female,4,6,2021-12-01,"Starship,KAKAO",Show What I Have,world tour,end stage,2024-03-20,Wed,2024-03-20,Wed,1,North America,United States,Fort Worth,Dickies Arena,arena,14000,7678,0.5484,7320,0.9534,882302.00,120.53,Touring Data,reported,
IVE,female,4,6,2021-12-01,"Starship,KAKAO",Show What I Have,world tour,end stage,2024-03-24,Sun,2024-03-24,Sun,1,North America,United States,Atlanta,State Farm Arena,arena,18000,7154,0.3974,7154,1.0000,858770.00,120.04,Touring Data,reported,
IVE,female,4,6,2021-12-01,"Starship,KAKAO",Show What I Have,world tour,end stage,2024-03-26,Tue,2024-03-26,Tue,1,North America,United States,Rosemont,Allstate Arena,arena,22000,7438,0.3381,7438,1.0000,809743.00,108.87,Touring Data,reported,
IVE,female,4,6,2021-12-01,"Starship,KAKAO",Show What I Have,world tour,end stage,2024-03-29,Fri,2024-03-29,Fri,1,North America,United States,Newark,Prudential Center,arena,17000,11617,0.6834,11617,1.0000,1484501.00,127.79,Touring Data,reported,
IVE,female,4,6,2021-12-01,"Starship,KAKAO",Show What I Have,world tour,end stage,2024-06-04,Tue,2024-06-04,Tue,1,Europe,France,Paris,Accor Arena,arena,20300,,,,,,,,unreported,
IVE,female,4,6,2021-12-01,"Starship,KAKAO",Show What I Have,world tour,end stage,2024-06-07,Fri,2024-06-07,Fri,1,Europe,Spain,Barcelona,Palau Sant Jordi,arena,17960,,,,,,,,unreported,
IVE,female,4,6,2021-12-01,"Starship,KAKAO",Show What I Have,world tour,end stage,2024-06-10,Mon,2024-06-10,Mon,1,Europe,Germany,Berlin,Uber Arena,arena,17000,,,,,,,,unreported,
IVE,female,4,6,2021-12-01,"Starship,KAKAO",Show What I Have,world tour,end stage,2024-06-13,Thu,2024-06-13,Thu,1,Europe,Netherlands,Amsterdam,Ziggo Dome,arena,17000,,,,,,,,unreported,
IVE,female,4,6,2021-12-01,"Starship,KAKAO",Show What I Have,world tour,end stage,2024-06-16,Sun,2024-06-16,Sun,1,Europe,England,London,The O2 Arena,arena,20000,,,,,,,,unreported,
IVE,female,4,6,2021-12-01,"Starship,KAKAO",Show What I Have,world tour,end stage,2024-06-23,Sun,2024-06-23,Sun,1,North America,Mexico,Mexico City,Palacio de los Deportes,arena,26000,,,,,,,,unreported,
IVE,female,4,6,2021-12-01,"Starship,KAKAO",Show What I Have,world tour,end stage,2024-06-26,Wed,2024-06-26,Wed,1,South America,Brazil,São Paulo,Espaço Unimed,concert hall,8000,,,,,,,,unreported,
IVE,female,4,6,2021-12-01,"Starship,KAKAO",Show What I Have,world tour,end stage,2024-06-30,Sun,2024-06-30,Sun,1,South America,Chile,Santiago,Movistar Arena,arena,15500,6414,0.4138,6414,1.0000,468707.00,73.08,Touring Data,reported,
IVE,female,4,6,2021-12-01,"Starship,KAKAO",Show What I Have,world tour,end stage,2024-07-06,Sat,2024-07-07,Sun,2,Asia,Hong Kong,Hong Kong,AsiaWorld–Expo,arena,14000,,,,,,,,unreported,
IVE,female,4,6,2021-12-01,"Starship,KAKAO",Show What I Have,world tour,end stage,2024-07-13,Sat,2024-07-13,Sat,1,Asia,Philippines,Pasay,SM Mall of Asia Arena,arena,15000,,,,,,,,unreported,
IVE,female,4,6,2021-12-01,"Starship,KAKAO",Show What I Have,world tour,end stage,2024-07-25,Thu,2024-07-25,Thu,1,Oceania,Australia,Melbourne,Rod Laver Arena,arena,14820,,,,,,,,unreported,
IVE,female,4,6,2021-12-01,"Starship,KAKAO",Show What I Have,world tour,end stage,2024-07-28,Sun,2024-07-28,Sun,1,Oceania,Australia,Sydney,Qudos Bank Arena,arena,18000,12472,0.6929,12181,0.9767,1330319.00,109.21,Touring Data,reported,
IVE,female,4,6,2021-12-01,"Starship,KAKAO",Show What I Have,world tour,end stage,2025-08-10,Sun,2025-08-11,Mon,2,Asia,South Korea,Seoul,KSPO Dome,arena,15000,,,16776,,1402142.84,83.58,KOPIS,parcial,
IVE,female,4,6,2021-12-01,"Starship,KAKAO",Show What I Have,world tour,end stage,2025-08-24,Sun,2025-08-24,Sun,1,Asia,Indonesia,Tangerang,ICE BSD,concert hall,,,,,,,,,unreported,
IVE,female,4,6,2021-12-01,"Starship,KAKAO",Show What I Have,world tour,end stage,2025-09-04,Thu,2025-09-05,Fri,2,Asia,Japan,Tokyo,Tokyo Dome,stadium,55000,,,,,,,,unreported,
IVE,female,4,6,2021-12-01,"Starship,KAKAO",Show What I AM,world tour,end stage,2025-10-31,Fri,2025-11-02,Sun,3,Asia,South Korea,Seoul,KSPO Dome,arena,15000,,,28543,,3136988.01,109.90,KOPIS,parcial,
IVE,female,4,6,2021-12-01,"Starship,KAKAO",Show What I AM,world tour,end stage,2026-04-04,Sat,2026-04-04,Sat,1,Asia,Malaysia,Kuala Lumpur,Unifi Arena,arena,11000,,,,,,,,unreported,
IVE,female,4,6,2021-12-01,"Starship,KAKAO",Show What I AM,world tour,end stage,2026-04-18,Sat,2026-04-19,Sun,2,Asia,Japan,Osaka,Kyocera Dome,stadium,55000,,,,,,,,unreported,
IVE,female,4,6,2021-12-01,"Starship,KAKAO",Show What I AM,world tour,end stage,2026-04-25,Sat,2026-04-25,Sat,1,Asia,Philippines,Pasay,SM Mall of Asia Arena,arena,15000,,,,,,,,unreported,
IVE,female,4,6,2021-12-01,"Starship,KAKAO",Show What I AM,world tour,end stage,2026-05-09,Sat,2026-05-09,Sat,1,Asia,Singapore,Singapore,Singapore Indoor Stadium,arena,9000,,,,,,,,unreported,
IVE,female,4,6,2021-12-01,"Starship,KAKAO",Show What I AM,world tour,end stage,2026-05-23,Sat,2026-05-24,Sun,2,Asia,Macau,Macau,Venetian Arena,arena,14000,,,,,,,,unreported,
IVE,female,4,6,2021-12-01,"Starship,KAKAO",Show What I AM,world tour,end stage,2026-06-13,Sat,2026-06-13,Sat,1,Oceania,Australia,Sydney,Qudos Bank Arena,arena,18000,,,,,,,,unreported,
IVE,female,4,6,2021-12-01,"Starship,KAKAO",Show What I AM,world tour,end stage,2026-06-16,Tue,2026-06-16,Tue,1,Oceania,Australia,Melbourne,Rod Laver Arena,arena,14820,,,,,,,,unreported,
IVE,female,4,6,2021-12-01,"Starship,KAKAO",Show What I AM,world tour,end stage,2026-06-20,Sat,2026-06-20,Sat,1,Oceania,New Zealand,Auckland,Spark Arena,arena,13280,,,,,,,,unreported,
IVE,female,4,6,2021-12-01,"Starship,KAKAO",Show What I AM,world tour,end stage,2026-06-24,Wed,2026-06-24,Wed,1,Asia,Japan,Tokyo,Tokyo Dome,stadium,55000,,,,,,,,unreported,
IVE,female,4,6,2021-12-01,"Starship,KAKAO",Show What I AM,world tour,end stage,2026-07-21,Tue,2026-07-21,Tue,1,North America,Canada,Toronto,Scotiabank Arena,arena,19800,11612,0.5865,8237,0.7094,,,Touring Data,parcial,
IVE,female,4,6,2021-12-01,"Starship,KAKAO",Show What I AM,world tour,end stage,2026-07-23,Thu,2026-07-23,Thu,1,North America,Canada,Montreal,Bell Center,arena,15000,11982,0.7988,9373,0.7823,,,Touring Data,parcial,
IVE,female,4,6,2021-12-01,"Starship,KAKAO",Show What I AM,world tour,end stage,2026-07-25,Sat,2026-07-25,Sat,1,North America,United States,Newark,Prudential Center,arena,17000,8234,0.4844,7348,0.8924,,,Touring Data,parcial,
IVE,female,4,6,2021-12-01,"Starship,KAKAO",Show What I AM,world tour,end stage,2026-07-29,Wed,2026-07-29,Wed,1,North America,United States,Austin,Moody Center,arena,16223,5553,0.3423,4456,0.8024,,,Touring Data,parcial,
IVE,female,4,6,2021-12-01,"Starship,KAKAO",Show What I AM,world tour,end stage,2026-08-01,Sat,2026-08-01,Sat,1,North America,United States,Inglewood,Kia Forum,arena,17500,11249,0.6428,7745,0.6885,,,Touring Data,parcial,
IVE,female,4,6,2021-12-01,"Starship,KAKAO",Show What I AM,world tour,end stage,2026-08-04,Tue,2026-08-04,Tue,1,North America,United States,Oakland,Oakland Arena,arena,19596,8597,0.4387,6645,0.7729,,,Touring Data,parcial,
IVE,female,4,6,2021-12-01,"Starship,KAKAO",Show What I AM,world tour,end stage,2026-08-07,Fri,2026-08-07,Fri,1,North America,United States,Seattle,Climate Pledge Arena,arena,17200,10011,0.5820,8055,0.8046,,,Touring Data,parcial,
IVE,female,4,6,2021-12-01,"Starship,KAKAO",Show What I AM,world tour,end stage,2026-08-09,Sun,2026-08-09,Sun,1,North America,Canada,Vancouver,Rogers Arena,arena,19000,,,,,,,,unreported,
IVE,female,4,6,2021-12-01,"Starship,KAKAO",Show What I AM,world tour,end stage,2026-09-04,Fri,2026-09-05,Sat,2,Asia,Hong Kong,Hong Kong,AsiaWorld–Expo,arena,14000,,,,,,,,unreported,
IVE,female,4,6,2021-12-01,"Starship,KAKAO",Show What I AM,world tour,end stage,2026-09-11,Fri,2026-09-12,Sat,2,Asia,Taiwan,Taipei,Taipei Arena,stadium,13000,,,,,,,,unreported,
LE SSERAFIM,female,4,5,2022-05-02,"Source Music,HYBE",FLAME RISES,asian tour,end stage,2023-08-12,Sat,2023-08-13,Sun,2,Asia,South Korea,Seoul,Jamsil Indoor Stadium,arena,11069,10503,0.4744,10503,1.0000,1169029.00,111.30,Touring Data,reported,
LE SSERAFIM,female,4,5,2022-05-02,"Source Music,HYBE",FLAME RISES,asian tour,end stage,2023-08-23,Wed,2023-08-24,Thu,2,Asia,Japan,Nagoya,Nippon Gaishi Hall,arena,10000,17009,0.8505,17009,1.0000,1741531.00,102.39,Touring Data,reported,
LE SSERAFIM,female,4,5,2022-05-02,"Source Music,HYBE",FLAME RISES,asian tour,end stage,2023-08-30,Wed,2023-08-31,Thu,2,Asia,Japan,Tokyo,Yoyogi National Gymnasium,arena,12898,24348,0.9439,24348,1.0000,2265468.00,93.05,Touring Data,reported,
LE SSERAFIM,female,4,5,2022-05-02,"Source Music,HYBE",FLAME RISES,asian tour,end stage,2023-09-06,Wed,2023-09-07,Thu,2,Asia,Japan,Osaka,Osaka-jō Hall,arena,16000,20056,0.6268,20056,1.0000,1881733.00,93.82,Touring Data,reported,
LE SSERAFIM,female,4,5,2022-05-02,"Source Music,HYBE",FLAME RISES,asian tour,end stage,2023-09-30,Sat,2023-10-01,Sun,2,Asia,Hong Kong,Hong Kong,AsiaWorld–Expo,arena,14000,11200,0.4000,11200,1.0000,1783991.00,159.28,Touring Data,reported,
LE SSERAFIM,female,4,5,2022-05-02,"Source Music,HYBE",FLAME RISES,asian tour,end stage,2023-10-03,Tue,2023-10-03,Tue,1,Asia,Indonesia,Jakarta,JIExpo Kemayoran,theater,2500,3768,1.5072,2625,0.6967,394748.00,150.38,Touring Data,reported,
LE SSERAFIM,female,4,5,2022-05-02,"Source Music,HYBE",FLAME RISES,asian tour,end stage,2023-10-07,Sat,2023-10-08,Sun,2,Asia,Thailand,Bangkok,IMPACT Thunder Dome,concert hall,3500,,,,,,,,unreported,Health
LE SSERAFIM,female,4,5,2022-05-02,"Source Music,HYBE",EASY CRAZY HOT,world tour,end stage,2025-04-19,Sat,2025-04-20,Sun,2,Asia,South Korea,Incheon,Inspire Arena,arena,15000,8507,0.2836,8507,1.0000,961594.00,113.04,Touring Data,reported,
LE SSERAFIM,female,4,5,2022-05-02,"Source Music,HYBE",EASY CRAZY HOT,world tour,end stage,2025-05-06,Tue,2025-05-07,Wed,2,Asia,Japan,Nagoya,Portmesse Nagoya,concert hall,15000,15062,0.5021,14161,0.9402,1656957.00,117.01,Touring Data,reported,
LE SSERAFIM,female,4,5,2022-05-02,"Source Music,HYBE",EASY CRAZY HOT,world tour,end stage,2025-05-13,Tue,2025-05-14,Wed,2,Asia,Japan,Osaka,Osaka-jō Hall,arena,16000,16340,0.5106,16340,1.0000,1835824.00,112.35,Touring Data,reported,
LE SSERAFIM,female,4,5,2022-05-02,"Source Music,HYBE",EASY CRAZY HOT,world tour,end stage,2025-06-07,Sat,2025-06-08,Sun,2,Asia,Japan,Fukuoka,West Japan General Exhibition Center Annex,concert hall,,16722,,16722,1.0000,1890036.00,113.03,Touring Data,reported,
LE SSERAFIM,female,4,5,2022-05-02,"Source Music,HYBE",EASY CRAZY HOT,world tour,end stage,2025-06-12,Thu,2025-06-14,Sat,3,Asia,Japan,Saitama,Saitama Super Arena,arena,22500,52947,0.7844,52947,1.0000,5739644.00,108.40,Touring Data,reported,
LE SSERAFIM,female,4,5,2022-05-02,"Source Music,HYBE",EASY CRAZY HOT,world tour,end stage,2025-07-19,Sat,2025-07-20,Sun,2,Asia,Taiwan,Taoyuan,NTSU Arena,arena,15000,18333,0.6111,18333,1.0000,3560662.00,194.22,Touring Data,reported,
LE SSERAFIM,female,4,5,2022-05-02,"Source Music,HYBE",EASY CRAZY HOT,world tour,end stage,2025-07-25,Fri,2025-07-26,Sat,2,Asia,Hong Kong,Hong Kong,AsiaWorld–Expo,arena,14000,19584,0.6994,19584,1.0000,3604782.00,184.07,Touring Data,reported,
LE SSERAFIM,female,4,5,2022-05-02,"Source Music,HYBE",EASY CRAZY HOT,world tour,end stage,2025-08-02,Sat,2025-08-02,Sat,1,Asia,Philippines,Pasay,SM Mall of Asia Arena,arena,15000,9043,0.6029,9043,1.0000,1491051.00,164.88,Touring Data,reported,
LE SSERAFIM,female,4,5,2022-05-02,"Source Music,HYBE",EASY CRAZY HOT,world tour,end stage,2025-08-09,Sat,2025-08-10,Sun,2,Asia,Thailand,Bangkok,IMPACT Thunder Dome,concert hall,3500,11648,1.6640,8696,0.7466,1024947.00,117.86,Touring Data,reported,
LE SSERAFIM,female,4,5,2022-05-02,"Source Music,HYBE",EASY CRAZY HOT,world tour,end stage,2025-08-16,Sat,2025-08-16,Sat,1,Asia,Singapore,Singapore,Singapore Indoor Stadium,arena,9000,6717,0.7463,6717,1.0000,1367388.00,203.57,Touring Data,reported,
LE SSERAFIM,female,4,5,2022-05-02,"Source Music,HYBE",EASY CRAZY HOT,world tour,end stage,2025-09-03,Wed,2025-09-03,Wed,1,North America,United States,Newark,Prudential Center,arena,17000,10178,0.5987,10178,1.0000,1887493.00,185.45,Touring Data,reported,
LE SSERAFIM,female,4,5,2022-05-02,"Source Music,HYBE",EASY CRAZY HOT,world tour,end stage,2025-09-05,Fri,2025-09-05,Fri,1,North America,United States,Chicago,Wintrust Arena,arena,10387,5798,0.5582,5798,1.0000,991905.00,171.08,Touring Data,reported,
LE SSERAFIM,female,4,5,2022-05-02,"Source Music,HYBE",EASY CRAZY HOT,world tour,end stage,2025-09-08,Mon,2025-09-08,Mon,1,North America,United States,Grand Prairie,Texas Trust CU Theatre,concert hall,6350,3469,0.5463,3469,1.0000,658195.00,189.74,Touring Data,reported,
LE SSERAFIM,female,4,5,2022-05-02,"Source Music,HYBE",EASY CRAZY HOT,world tour,end stage,2025-09-12,Fri,2025-09-12,Fri,1,North America,United States,Inglewood,Kia Forum,arena,17500,11385,0.6506,11385,1.0000,1940177.00,170.42,Touring Data,reported,
LE SSERAFIM,female,4,5,2022-05-02,"Source Music,HYBE",EASY CRAZY HOT,world tour,end stage,2025-09-14,Sun,2025-09-14,Sun,1,North America,United States,San Francisco,Bill Graham Civic Auditorium,arena,8500,4701,0.5531,4701,1.0000,838266.00,178.32,Touring Data,reported,
LE SSERAFIM,female,4,5,2022-05-02,"Source Music,HYBE",EASY CRAZY HOT,world tour,end stage,2025-09-17,Wed,2025-09-17,Wed,1,North America,United States,Seattle,Climate Pledge Arena,arena,17200,12335,0.7172,12335,1.0000,2012909.00,163.19,Pollstar,reported,
LE SSERAFIM,female,4,5,2022-05-02,"Source Music,HYBE",EASY CRAZY HOT,world tour,end stage,2025-09-20,Sat,2025-09-20,Sat,1,North America,United States,Las Vegas,Michelob Ultra Arena,arena,12000,7540,0.6283,7540,1.0000,1257073.00,166.72,Pollstar,reported,
LE SSERAFIM,female,4,5,2022-05-02,"Source Music,HYBE",EASY CRAZY HOT,world tour,end stage,2025-09-23,Tue,2025-09-23,Tue,1,North America,Mexico,Mexico City,Arena CDMX,arena,22300,13189,0.5914,13189,1.0000,1432558.00,108.62,Touring Data,reported,
LE SSERAFIM,female,4,5,2022-05-02,"Source Music,HYBE",EASY CRAZY HOT,world tour,end stage,2025-11-18,Tue,2025-11-19,Wed,2,Asia,Japan,Tokyo,Tokyo Dome,stadium,55000,78715,0.7156,73236,0.9304,7796997.00,106.46,Touring Data,reported,
LE SSERAFIM,female,4,5,2022-05-02,"Source Music,HYBE",EASY CRAZY HOT,world tour,end stage,2026-01-31,Sat,2026-02-01,Sun,2,Asia,South Korea,Seoul,Jamsil Indoor Stadium,arena,11069,10474,0.4731,10474,1.0000,1061601.00,101.36,Pollstar,reported,
LE SSERAFIM,female,4,5,2022-05-02,"Source Music,HYBE",PUREFLOW,world tour,end stage,2026-07-11,Sat,2026-07-12,Sun,2,Asia,South Korea,Incheon,Inspire Arena,arena,15000,,,,,,,,unreported,
LE SSERAFIM,female,4,5,2022-05-02,"Source Music,HYBE",PUREFLOW,world tour,end stage,2026-07-25,Sat,2026-07-26,Sun,2,Asia,Japan,Osaka,Osaka-jo Hall,arena,16000,,,,,,,,unreported,
LE SSERAFIM,female,4,5,2022-05-02,"Source Music,HYBE",PUREFLOW,world tour,end stage,2026-07-30,Thu,2026-08-02,Sun,3,Asia,Japan,Yokohama,Yokohama Arena,arena,17000,,,,,,,,unreported,
LE SSERAFIM,female,4,5,2022-05-02,"Source Music,HYBE",PUREFLOW,world tour,end stage,2026-08-08,Sat,2026-08-09,Sun,2,Asia,Japan,Shizuoka,Ecopa Arena,arena,10000,,,,,,,,unreported,
LE SSERAFIM,female,4,5,2022-05-02,"Source Music,HYBE",PUREFLOW,world tour,end stage,2026-08-18,Tue,2026-08-19,Wed,2,Asia,Japan,Miyagi,Sekisui Heim Super Arena,arena,7063,,,,,,,,unreported,
LE SSERAFIM,female,4,5,2022-05-02,"Source Music,HYBE",PUREFLOW,world tour,end stage,2026-09-03,Thu,2026-09-03,Thu,2,Asia,Japan,Fukuoka,Marine Messe,arena,15000,,,,,,,,unreported,
LE SSERAFIM,female,4,5,2022-05-02,"Source Music,HYBE",PUREFLOW,world tour,end stage,2026-09-16,Wed,2026-09-16,Wed,1,North America,United States,Los Angeles,Crypto.com Arena,stadium,20000,,,,,,,,unreported,
LE SSERAFIM,female,4,5,2022-05-02,"Source Music,HYBE",PUREFLOW,world tour,end stage,2026-09-20,Sun,2026-09-20,Sun,1,North America,United States,Tacoma,Tacoma Dome,arena,21000,,,,,,,,unreported,
LE SSERAFIM,female,4,5,2022-05-02,"Source Music,HYBE",PUREFLOW,world tour,end stage,2026-09-23,Wed,2026-09-23,Wed,1,North America,United States,San Jose,SAP Center,arena,19190,,,,,,,,unreported,
LE SSERAFIM,female,4,5,2022-05-02,"Source Music,HYBE",PUREFLOW,world tour,end stage,2026-09-25,Fri,2026-09-25,Fri,1,North America,United States,Phoenix,Mortgage Matchup Center,arena,12565,,,,,,,,unreported,
LE SSERAFIM,female,4,5,2022-05-02,"Source Music,HYBE",PUREFLOW,world tour,end stage,2026-09-27,Sun,2026-09-27,Sun,1,North America,United States,Fort Worth,Dickies Arena,arena,14000,,,,,,,,unreported,
LE SSERAFIM,female,4,5,2022-05-02,"Source Music,HYBE",PUREFLOW,world tour,end stage,2026-09-30,Wed,2026-09-30,Wed,1,North America,United States,Orlando,Kia Center,arena,17030,,,,,,,,unreported,
LE SSERAFIM,female,4,5,2022-05-02,"Source Music,HYBE",PUREFLOW,world tour,end stage,2026-10-02,Fri,2026-10-02,Fri,1,North America,United States,Chicago,United Center,arena,23500,,,,,,,,unreported,
LE SSERAFIM,female,4,5,2022-05-02,"Source Music,HYBE",PUREFLOW,world tour,end stage,2026-10-05,Mon,2026-10-05,Mon,1,North America,United States,Washington,Capital One Arena,arena,20356,,,,,,,,unreported,
LE SSERAFIM,female,4,5,2022-05-02,"Source Music,HYBE",PUREFLOW,world tour,end stage,2026-10-08,Thu,2026-10-08,Thu,1,North America,United States,Newark,Prudential Center,arena,17000,,,,,,,,unreported,
LE SSERAFIM,female,4,5,2022-05-02,"Source Music,HYBE",PUREFLOW,world tour,end stage,2026-10-16,Fri,2026-10-16,Fri,1,Europe,England,London,O2 Arena,arena,20000,,,,,,,,unreported,
LE SSERAFIM,female,4,5,2022-05-02,"Source Music,HYBE",PUREFLOW,world tour,end stage,2026-10-18,Sun,2026-10-18,Sun,1,Europe,Netherlands,Amsterdam,Ziggo Dome,arena,17000,,,,,,,,unreported,
LE SSERAFIM,female,4,5,2022-05-02,"Source Music,HYBE",PUREFLOW,world tour,end stage,2026-10-21,Wed,2026-10-21,Wed,1,Europe,France,Paris,Accor Arena,arena,20300,,,,,,,,unreported,
LE SSERAFIM,female,4,5,2022-05-02,"Source Music,HYBE",PUREFLOW,world tour,end stage,2026-10-23,Fri,2026-10-23,Fri,1,Europe,Denmark,Copenhagen,Royal Arena,arena,17000,,,,,,,,unreported,
LE SSERAFIM,female,4,5,2022-05-02,"Source Music,HYBE",PUREFLOW,world tour,end stage,2026-10-26,Mon,2026-10-26,Mon,1,Europe,Germany,Berlin,Uber Arena,arena,17000,,,,,,,,unreported,
LE SSERAFIM,female,4,5,2022-05-02,"Source Music,HYBE",PUREFLOW,world tour,end stage,2026-11-14,Sat,2026-11-15,Sun,2,Asia,Taiwan,Taoyuan,NTSU Arena,arena,15000,,,,,,,,unreported,
LE SSERAFIM,female,4,5,2022-05-02,"Source Music,HYBE",PUREFLOW,world tour,end stage,2026-11-28,Sat,2026-11-28,Sat,1,Asia,Singapore,Singapore,Singapore Indoor Stadium,arena,9000,,,,,,,,unreported,
LE SSERAFIM,female,4,5,2022-05-02,"Source Music,HYBE",PUREFLOW,world tour,end stage,2026-12-05,Sat,2026-12-06,Sun,2,Asia,Philippines,Pasay,MOA Arena,arena,15000,,,,,,,,unreported,
MISMAO,female,3,3,2023-07-26,JYP,Haute Couture,dome tour,end stage,2024-11-03,Sun,2024-11-04,Mon,2,Asia,Japan,Saitama,Belluna Dome,stadium,31552,67865,1.0754,67865,1.0000,5354593.00,78.90,Touring Data,reported,
MISMAO,female,3,3,2023-07-26,JYP,Haute Couture,dome tour,end stage,2024-11-17,Sun,2024-11-18,Mon,2,Asia,Japan,Osaka,Kyocera Dome,stadium,55000,79230,0.7203,79230,1.0000,6141733.00,77.52,Touring Data,reported,
MISMAO,female,3,3,2023-07-26,JYP,Haute Couture,dome tour,end stage,2025-01-15,Wed,2025-01-16,Thu,2,Asia,Japan,Tokyo,Tokyo Dome,stadium,55000,98449,0.8950,98449,1.0000,7514518.00,76.33,Touring Data,reported,
NMIXX,female,4,6,2022-02-22,JYP,Episode 1: Zero Frontier,world tour,end stage,2025-11-29,Sat,2025-11-30,Sun,2,Asia,South Korea,Incheon,Inspire Arena,arena,15000,,,11574,,1151137.02,99.46,KOPIS,parcial,
NMIXX,female,4,6,2022-02-22,JYP,Episode 1: Zero Frontier,world tour,end stage,2026-03-17,Tue,2026-03-17,Tue,1,Europe,Spain,Madrid,Palacio Vistalegre,arena,14000,,,,,,,,unreported,
NMIXX,female,4,6,2022-02-22,JYP,Episode 1: Zero Frontier,world tour,end stage,2026-03-20,Fri,2026-03-20,Fri,1,Europe,Netherlands,Amsterdam,AFAS Live,concert hall,6000,,,,,,,,unreported,
NMIXX,female,4,6,2022-02-22,JYP,Episode 1: Zero Frontier,world tour,end stage,2026-03-22,Sun,2026-03-22,Sun,1,Europe,France,Paris,Salle Pleyel,concert hall,2000,,,,,,,,unreported,
NMIXX,female,4,6,2022-02-22,JYP,Episode 1: Zero Frontier,world tour,end stage,2026-03-24,Tue,2026-03-24,Tue,1,Europe,Germany,Frankfurt,Centennial Hall ,concert hall,4800,,,,,,,,unreported,
NMIXX,female,4,6,2022-02-22,JYP,Episode 1: Zero Frontier,world tour,end stage,2026-03-26,Thu,2026-03-26,Thu,1,Europe,England,London,Eventim Apollo,concert hall,5039,,,,,,,,unreported,
NMIXX,female,4,6,2022-02-22,JYP,Episode 1: Zero Frontier,world tour,end stage,2026-03-29,Sun,2026-03-29,Sun,1,North America,Canada,Toronto,Great Canadian Toronto,concert hall,,,,,,,,,unreported,
NMIXX,female,4,6,2022-02-22,JYP,Episode 1: Zero Frontier,world tour,end stage,2026-03-31,Tue,2026-03-31,Tue,1,North America,United States,New York,Brooklyn Paramount,theater,2700,,,,,,,,unreported,
NMIXX,female,4,6,2022-02-22,JYP,Episode 1: Zero Frontier,world tour,end stage,2026-04-02,Thu,2026-04-02,Thu,1,North America,United States,Oxon Hill,The Theater at MGM National Harbor,theater,,2808,,2808,1.0000,,,Touring Data,parcial,
NMIXX,female,4,6,2022-02-22,JYP,Episode 1: Zero Frontier,world tour,end stage,2026-04-04,Sat,2026-04-04,Sat,1,North America,United States,Irving,Toyota Music Factory,theater,4000,3799,0.9498,3738,0.9842,,,Touring Data,parcial,
NMIXX,female,4,6,2022-02-22,JYP,Episode 1: Zero Frontier,world tour,end stage,2026-04-07,Tue,2026-04-07,Tue,1,North America,United States,Oakland,Paramount Theatre,concert hall,3040,3040,1.0000,3040,1.0000,,,Touring Data,parcial,
NMIXX,female,4,6,2022-02-22,JYP,Episode 1: Zero Frontier,world tour,end stage,2026-04-09,Thu,2026-04-09,Thu,1,North America,United States,Inglewood,YouTube Theater,theater,6000,5813,0.9688,5428,0.9338,,,Touring Data,parcial,
NMIXX,female,4,6,2022-02-22,JYP,Episode 1: Zero Frontier,world tour,end stage,2026-06-13,Sat,2026-06-13,Sat,1,Asia,Thailand,Bangkok,EmSphere,arena,6000,,,,,,,,unreported,
NMIXX,female,4,6,2022-02-22,JYP,Episode 1: Zero Frontier,world tour,end stage,2026-06-20,Sat,2026-06-20,Sat,1,Asia,Singapore,Singapore,The Star Performing Arts Centre,concert hall,5000,,,,,,,,unreported,
NMIXX,female,4,6,2022-02-22,JYP,Episode 1: Zero Frontier,world tour,end stage,2026-07-11,Sat,2026-07-11,Sat,1,Asia,Taiwan,Kaohsiung,Kaohsiung Arena,arena,15000,,,,,,,,unreported,
NMIXX,female,4,6,2022-02-22,JYP,Episode 1: Zero Frontier,world tour,end stage,2026-07-25,Sat,2026-07-25,Sat,1,Asia,Hong Kong,Hong Kong,AsiaWorld–Expo,arena,14000,,,,,,,,unreported,
NMIXX,female,4,6,2022-02-22,JYP,Episode 1: Zero Frontier,world tour,end stage,2026-08-08,Sat,2026-08-09,Sun,2,Asia,Japan,Tokyo,Keio Arena Tokyo,arena,10000,,,,,,,,unreported,
TWICE,female,3,9,2015-10-20,JYP,Twicelights,world tour,end stage,2019-05-25,Sat,2019-05-26,Sun,2,Asia,South Korea,Seoul,KSPO Dome,arena,15000,23622,0.7874,23622,1.0000,2373781.00,100.49,Touring Data,reported,
TWICE,female,3,9,2015-10-20,JYP,Twicelights,world tour,end stage,2019-06-15,Sat,2019-06-15,Sat,1,Asia,Thailand,Bangkok,IMPACT Arena,arena,12000,8226,0.6855,8044,0.9779,1038412.00,129.09,Touring Data,reported,
TWICE,female,3,9,2015-10-20,JYP,Twicelights,world tour,end stage,2019-06-29,Sat,2019-06-29,Sat,1,Asia,Philippines,Pasay,SM Mall of Asia Arena,arena,15000,8594,0.5729,8594,1.0000,1316774.00,153.22,Touring Data,reported,
TWICE,female,3,9,2015-10-20,JYP,Twicelights,world tour,end stage,2019-07-13,Sat,2019-07-13,Sat,1,Asia,Singapore,Singapore,Singapore Indoor Stadium,arena,9000,8514,0.9460,8514,1.0000,1569254.00,184.31,Touring Data,reported,
TWICE,female,3,9,2015-10-20,JYP,Twicelights,world tour,end stage,2019-07-17,Wed,2019-07-17,Wed,1,North America,United States,Inglewood,Kia Forum,arena,17500,11827,0.6758,11827,1.0000,1388228.00,117.38,Touring Data,reported,
TWICE,female,3,9,2015-10-20,JYP,Twicelights,world tour,end stage,2019-07-19,Fri,2019-07-19,Fri,1,North America,Mexico,Mexico City,Palacio de los Deportes,arena,26000,10651,0.4097,7942,0.7457,885000.00,111.43,Touring Data,reported,
TWICE,female,3,9,2015-10-20,JYP,Twicelights,world tour,end stage,2019-07-21,Sun,2019-07-21,Sun,1,North America,United States,Newark,Prudential Center,arena,17000,10297,0.6057,10297,1.0000,1235443.00,119.98,Touring Data,reported,
TWICE,female,3,9,2015-10-20,JYP,Twicelights,world tour,end stage,2019-07-23,Tue,2019-07-23,Tue,1,North America,United States,Chicago,Wintrust Arena,arena,10387,6046,0.5821,5911,0.9778,781922.00,132.28,Touring Data,reported,
TWICE,female,3,9,2015-10-20,JYP,Twicelights,world tour,end stage,2019-08-17,Sat,2019-08-17,Sat,1,Asia,Malaysia,Kuala Lumpur,Unifi Arena,arena,11000,8113,0.7375,8113,1.0000,1278288.00,157.56,Touring Data,reported,
TWICE,female,3,9,2015-10-20,JYP,Twicelights,world tour,end stage,2019-10-23,Wed,2019-10-23,Wed,1,Asia,Japan,Sapporo,Makomanai Ice Arena,arena,10024,8753,0.8732,8753,1.0000,765263.00,87.43,Touring Data,reported,
TWICE,female,3,9,2015-10-20,JYP,Twicelights,world tour,end stage,2019-10-27,Sun,2019-10-30,Wed,3,Asia,Japan,Chiba,Makuhari Messe,arena,,42158,,42158,1.0000,3680845.00,87.31,Touring Data,reported,
TWICE,female,3,9,2015-10-20,JYP,Twicelights,world tour,end stage,2019-11-06,Wed,2019-11-07,Thu,2,Asia,Japan,Osaka,Osaka-jō Hall,arena,16000,23860,0.7456,23860,1.0000,2076879.00,87.04,Touring Data,reported,
TWICE,female,3,9,2015-10-20,JYP,Twicelights,world tour,end stage,2019-11-16,Sat,2019-11-17,Sun,2,Asia,Japan,Miyagi,Sekisui Heim Super Arena,arena,7063,12866,0.9108,12866,1.0000,1123720.00,87.34,Touring Data,reported,
TWICE,female,3,9,2015-10-20,JYP,Twicelights,world tour,end stage,2019-11-29,Fri,2019-12-01,Sun,3,Asia,Japan,Nagoya,Portmesse Nagoya,concert hall,15000,18000,0.4000,18000,1.0000,1561359.00,86.74,Touring Data,reported,
TWICE,female,3,9,2015-10-20,JYP,Twicelights,world tour,end stage,2020-02-11,Tue,2020-02-12,Wed,2,Asia,Japan,Fukuoka,Marine Messe,arena,15000,23646,0.7882,23646,1.0000,2043395.00,86.42,Touring Data,reported,
TWICE,female,3,9,2015-10-20,JYP,Twicelights,world tour,end stage,2020-02-22,Sat,2020-02-23,Sun,2,Asia,Japan,Shizuoka,Ecopa Arena,arena,10000,20000,1.0000,20000,1.0000,1703578.00,85.18,Touring Data,reported,
TWICE,female,3,9,2015-10-20,JYP,Twicelights,world tour,end stage,2020-03-07,Sat,2020-03-08,Sun,2,Asia,Japan,Tokyo,Tokyo Dome,stadium,55000,,,,,,,,unreported,COVID-19
TWICE,female,3,9,2015-10-20,JYP,Twicelights,world tour,end stage,2020-04-15,Wed,2020-04-16,Thu,2,Asia,Japan,Osaka,Kyocera Dome,stadium,55000,,,,,,,,unreported,COVID-19
TWICE,female,3,9,2015-10-20,JYP,III,world tour,end stage,2021-12-25,Sat,2021-12-26,Sun,1,Asia,South Korea,Seoul,KSPO Dome,arena,15000,,,,,,,,unreported,COVID-19
TWICE,female,3,9,2015-10-20,JYP,III,world tour,end stage,2021-12-25,Sat,2021-12-26,Sun,2,Asia,South Korea,Seoul,KSPO Dome,arena,15000,8874,0.2958,8874,1.0000,904648.00,101.94,Touring Data,reported,
TWICE,female,3,9,2015-10-20,JYP,III,world tour,end stage,2022-02-15,Tue,2022-02-16,Wed,2,North America,United States,Inglewood,Kia Forum,arena,17500,25507,0.7288,25507,1.0000,4438626.00,174.02,Touring Data,reported,
TWICE,female,3,9,2015-10-20,JYP,III,world tour,end stage,2022-02-18,Fri,2022-02-18,Fri,1,North America,United States,Oakland,Oakland Arena,arena,19596,12891,0.6578,12891,1.0000,1397175.00,108.38,Touring Data,reported,
TWICE,female,3,9,2015-10-20,JYP,III,world tour,end stage,2022-02-22,Tue,2022-02-22,Tue,1,North America,United States,Fort Worth,Dickies Arena,arena,14000,10357,0.7398,10357,1.0000,1169384.00,112.91,Touring Data,reported,
TWICE,female,3,9,2015-10-20,JYP,III,world tour,end stage,2022-02-24,Thu,2022-02-24,Thu,1,North America,United States,Atlanta,State Farm Arena,arena,18000,11596,0.6442,11596,1.0000,1294524.00,111.64,Touring Data,reported,
TWICE,female,3,9,2015-10-20,JYP,III,world tour,end stage,2022-02-26,Sat,2022-02-27,Sun,2,North America,United States,New York,UBS Arena,arena,19000,26768,0.7044,26768,1.0000,4044882.00,151.11,Touring Data,reported,
TWICE,female,3,9,2015-10-20,JYP,III,world tour,end stage,2022-04-23,Sat,2022-04-25,Mon,3,Asia,Japan,Tokyo,Tokyo Dome,stadium,55000,146961,0.8907,146961,1.0000,14300242.00,97.31,Touring Data,reported,
TWICE,female,3,9,2015-10-20,JYP,III,world tour,end stage,2022-05-14,Sat,2022-05-15,Sun,2,North America,United States,Los Angeles,BMO Stadium,stadium,22000,46710,1.0616,46710,1.0000,6351796.00,135.98,Touring Data,reported,
TWICE,female,3,9,2015-10-20,JYP,ONCE Day,fanmeeting,end stage,2022-10-01,Sat,2022-10-02,Sun,2,Asia,Japan,Tokyo,Yoyogi National Gymnasium,arena,12898,24178,0.9373,24178,1.0000,1555196.00,64.32,Touring Data,reported,
TWICE,female,3,9,2015-10-20,JYP,ONCE Day,fanmeeting,end stage,2022-10-08,Sat,2022-10-10,Mon,3,Asia,Japan,Osaka,Osaka-jō Hall,arena,16000,34704,0.7230,34704,1.0000,2242174.00,64.61,Touring Data,reported,
TWICE,female,3,9,2015-10-20,JYP,Ready to Be,world tour,end stage,2023-04-15,Sat,2023-04-16,Sun,2,Asia,South Korea,Seoul,KSPO Dome,arena,15000,17137,0.5712,16329,0.9529,1792541.00,109.78,Touring Data,reported,
TWICE,female,3,9,2015-10-20,JYP,Ready to Be,world tour,end stage,2023-05-02,Tue,2023-05-03,Wed,2,Oceania,Australia,Sydney,Qudos Bank Arena,arena,18000,23160,0.6433,22919,0.9896,2985463.00,130.26,Touring Data,reported,
TWICE,female,3,9,2015-10-20,JYP,Ready to Be,world tour,end stage,2023-05-06,Sat,2023-05-07,Sun,2,Oceania,Australia,Melbourne,Rod Laver Arena,arena,14820,22581,0.7618,22581,1.0000,2819653.00,124.87,Touring Data,reported,
TWICE,female,3,9,2015-10-20,JYP,Ready to Be,world tour,end stage,2023-05-13,Sat,2023-05-14,Sun,2,Asia,Japan,Osaka,Nagai Stadium,stadium,47853,102239,1.0683,102239,1.0000,9216796.00,90.15,Touring Data,reported,
TWICE,female,3,9,2015-10-20,JYP,Ready to Be,world tour,end stage,2023-05-20,Sat,2023-05-21,Sun,2,Asia,Japan,Tokyo,Ajinomoto Stadium,stadium,49970,108131,1.0820,108131,1.0000,9576597.00,88.56,Touring Data,reported,
TWICE,female,3,9,2015-10-20,JYP,Ready to Be,world tour,end stage,2023-06-10,Sat,2023-06-10,Sat,1,North America,United States,Inglewood,SoFi Stadium,stadium,70240,48345,0.6883,48345,1.0000,7966286.00,164.78,Touring Data,reported,
TWICE,female,3,9,2015-10-20,JYP,Ready to Be,world tour,end stage,2023-06-12,Mon,2023-06-13,Tue,2,North America,United States,Oakland,Oakland Arena,arena,19596,23703,0.6048,23703,1.0000,3943038.00,166.35,Touring Data,reported,
TWICE,female,3,9,2015-10-20,JYP,Ready to Be,world tour,end stage,2023-06-16,Fri,2023-06-16,Fri,1,North America,United States,Tacoma,Tacoma Dome,arena,21000,18023,0.8582,18023,1.0000,3190548.00,177.03,Touring Data,reported,
TWICE,female,3,9,2015-10-20,JYP,Ready to Be,world tour,end stage,2023-06-21,Wed,2023-06-21,Wed,1,North America,United States,Arlington,Globe Life Field,stadium,40300,24925,0.6185,24925,1.0000,3711432.00,148.90,Touring Data,reported,
TWICE,female,3,9,2015-10-20,JYP,Ready to Be,world tour,end stage,2023-06-24,Sat,2023-06-25,Sun,2,North America,United States,Houston,Toyota Center,arena,19000,19605,0.5159,19605,1.0000,3169265.00,161.66,Touring Data,reported,
TWICE,female,3,9,2015-10-20,JYP,Ready to Be,world tour,end stage,2023-06-28,Wed,2023-06-29,Thu,2,North America,United States,Chicago,United Center,arena,23500,22263,0.4737,22263,1.0000,3434248.00,154.26,Touring Data,reported,
TWICE,female,3,9,2015-10-20,JYP,Ready to Be,world tour,end stage,2023-07-02,Sun,2023-07-03,Mon,2,North America,Canada,Toronto,Scotiabank Arena,arena,19800,27648,0.6982,27648,1.0000,3845920.00,139.10,Touring Data,reported,
TWICE,female,3,9,2015-10-20,JYP,Ready to Be,world tour,end stage,2023-07-06,Thu,2023-07-06,Thu,1,North America,United States,East Rutherford,MetLife Stadium,stadium,82500,47907,0.5807,47907,1.0000,7557127.00,157.75,Touring Data,reported,
TWICE,female,3,9,2015-10-20,JYP,Ready to Be,world tour,end stage,2023-07-09,Sun,2023-07-09,Sun,1,North America,United States,Atlanta,Truist Park,stadium,41108,28568,0.6949,28568,1.0000,4297650.00,150.44,Touring Data,reported,
TWICE,female,3,9,2015-10-20,JYP,Ready to Be,world tour,end stage,2023-09-02,Sat,2023-09-03,Sun,2,Asia,Singapore,Singapore,Singapore Indoor Stadium,arena,9000,18258,1.0143,18258,1.0000,3915948.00,214.48,Touring Data,reported,
TWICE,female,3,9,2015-10-20,JYP,Ready to Be,world tour,end stage,2023-09-07,Thu,2023-09-08,Fri,2,Europe,England,London,The O2 Arena,arena,20000,28148,0.7037,28148,1.0000,5729316.00,203.54,Touring Data,reported,
TWICE,female,3,9,2015-10-20,JYP,Ready to Be,world tour,end stage,2023-09-11,Mon,2023-09-11,Mon,1,Europe,France,Paris,Accor Arena,arena,20300,13523,0.6662,13523,1.0000,2079450.00,153.77,Touring Data,reported,
TWICE,female,3,9,2015-10-20,JYP,Ready to Be,world tour,end stage,2023-09-13,Wed,2023-09-14,Thu,2,Europe,Germany,Berlin,Uber Arena,arena,17000,22099,0.6500,22099,1.0000,3639483.00,164.69,Touring Data,reported,
TWICE,female,3,9,2015-10-20,JYP,Ready to Be,world tour,end stage,2023-09-23,Sat,2023-09-24,Sun,2,Asia,Thailand,Bangkok,IMPACT Arena,arena,12000,21123,0.8801,21123,1.0000,2745866.00,129.99,Touring Data,reported,
TWICE,female,3,9,2015-10-20,JYP,Ready to Be,world tour,end stage,2023-09-30,Sat,2023-10-01,Sun,2,Asia,Philippines,Bulacan,Philippine Arena,arena,55000,86930,0.7903,86930,1.0000,11294323.00,129.92,Touring Data,reported,
TWICE,female,3,9,2015-10-20,JYP,Ready to Be,world tour,end stage,2023-11-04,Sat,2023-11-04,Sat,1,Oceania,Australia,Melbourne,Marvel Stadium,stadium,56347,27744,0.4924,24636,0.8880,2869788.00,116.49,Touring Data,reported,
TWICE,female,3,9,2015-10-20,JYP,Ready to Be,world tour,end stage,2023-12-16,Sat,2023-12-17,Sun,2,Asia,Japan,Nagoya,Vantelin Dome,stadium,36418,76543,1.0509,76543,1.0000,6581912.00,85.99,Touring Data,reported,
TWICE,female,3,9,2015-10-20,JYP,Ready to Be,world tour,end stage,2023-12-23,Sat,2023-12-23,Sat,1,Asia,Indonesia,Jakarta,International Stadium,arena,82000,28290,0.3450,21964,0.7764,3544506.00,161.38,Touring Data,reported,
TWICE,female,3,9,2015-10-20,JYP,Ready to Be,world tour,end stage,2023-12-27,Wed,2023-12-28,Thu,2,Asia,Japan,Fukuoka,PayPay Dome,stadium,47500,81709,0.8601,81709,1.0000,7000050.00,85.67,Touring Data,reported,
TWICE,female,3,9,2015-10-20,JYP,Ready to Be,world tour,end stage,2024-02-02,Fri,2024-02-03,Sat,2,North America,Mexico,Mexico City,Estadio GNP Seguros,stadium,65000,114049,0.8773,114049,1.0000,11152710.00,97.79,Touring Data,reported,
TWICE,female,3,9,2015-10-20,JYP,Ready to Be,world tour,end stage,2024-02-06,Tue,2024-02-07,Wed,2,South America,Brazil,São Paulo,Allianz Parque,stadium,55000,65984,0.5999,65984,1.0000,6408217.00,97.12,Touring Data,reported,
TWICE,female,3,9,2015-10-20,JYP,Ready to Be,world tour,end stage,2024-03-16,Sat,2024-03-16,Sat,1,North America,United States,Las Vegas,Allegiant Stadium,stadium,65000,39880,0.6135,39880,1.0000,6692779.00,167.82,Touring Data,reported,
TWICE,female,3,9,2015-10-20,JYP,Ready to Be,world tour,end stage,2024-07-13,Sat,2024-07-14,Sun,2,Asia,Japan,Osaka,Nagai Stadium,stadium,47853,102093,1.0667,102093,1.0000,8369460.00,81.98,Touring Data,reported,
TWICE,female,3,9,2015-10-20,JYP,Ready to Be,world tour,end stage,2024-07-20,Sat,2024-07-21,Sun,2,Asia,Japan,Tokyo,Ajinomoto Stadium,stadium,49970,112289,1.1236,112289,1.0000,9270727.00,82.56,Touring Data,reported,
TWICE,female,3,9,2015-10-20,JYP,Ready to Be,world tour,end stage,2024-07-27,Sat,2024-07-28,Sun,2,Asia,Japan,Yokohama,Nissan Stadium,stadium,72327,137866,0.9531,137866,1.0000,11645537.00,84.47,Touring Data,reported,
TWICE,female,3,9,2015-10-20,JYP,This Is For,world tour,center stage,2025-07-19,Sat,2025-07-20,Sun,2,Asia,South Korea,Incheon,Inspire Arena,arena,15000,24422,0.8141,24422,1.0000,2509223.00,102.74,Touring Data,reported,
TWICE,female,3,9,2015-10-20,JYP,This Is For,world tour,center stage,2025-07-26,Sat,2025-07-27,Sun,2,Asia,Japan,Osaka,Kyocera Dome,stadium,55000,94657,0.8605,94657,1.0000,9288782.00,98.13,Touring Data,reported,
TWICE,female,3,9,2015-10-20,JYP,This Is For,world tour,center stage,2025-08-23,Sat,2025-08-24,Sun,2,Asia,Japan,Nagoya,Vantelin Dome,stadium,36418,96391,1.3234,96391,1.0000,9438354.00,97.92,Touring Data,reported,
TWICE,female,3,9,2015-10-20,JYP,This Is For,world tour,center stage,2025-08-30,Sat,2025-08-31,Sun,2,Asia,Japan,Fukuoka,PayPay Dome,stadium,47500,90795,0.9557,90795,1.0000,8941340.00,98.48,Touring Data,reported,
TWICE,female,3,9,2015-10-20,JYP,This Is For,world tour,center stage,2025-09-16,Tue,2025-09-17,Wed,2,Asia,Japan,Tokyo,Tokyo Dome,stadium,55000,107584,0.9780,107584,1.0000,10567354.00,98.22,Touring Data,reported,
TWICE,female,3,9,2015-10-20,JYP,This Is For,world tour,center stage,2025-09-27,Sat,2025-09-28,Sun,2,Asia,Macau,Macau,Venetian Arena,arena,14000,27390,0.9782,27390,1.0000,5806806.00,212.00,Touring Data,reported,
TWICE,female,3,9,2015-10-20,JYP,This Is For,world tour,center stage,2025-10-04,Sat,2025-10-04,Sat,1,Asia,Philippines,Bulacan,Philippine Arena,arena,55000,,,,,,,,unreported,
TWICE,female,3,9,2015-10-20,JYP,This Is For,world tour,center stage,2025-10-11,Sat,2025-10-12,Sun,2,Asia,Singapore,Singapore,Singapore Indoor Stadium,arena,9000,22727,1.2626,22727,1.0000,5567643.00,244.98,Touring Data,reported,
TWICE,female,3,9,2015-10-20,JYP,This Is For,world tour,center stage,2025-10-25,Sat,2025-10-25,Sat,1,Asia,Malaysia,Kuala Lumpur,Malaysia National Hockey Stadium,stadium,20000,,,,,,,,unreported,
TWICE,female,3,9,2015-10-20,JYP,This Is For,world tour,center stage,2025-11-01,Sat,2025-11-02,Sun,2,Oceania,Australia,Sydney,Qudos Bank Arena,arena,18000,29572,0.8214,29572,1.0000,4284474.00,144.88,Touring Data,reported,
TWICE,female,3,9,2015-10-20,JYP,This Is For,world tour,center stage,2025-11-08,Sat,2025-11-09,Sun,2,Oceania,Australia,Melbourne,Rod Laver Arena,arena,14820,27368,0.9233,27368,1.0000,3866795.00,141.29,,reported,
TWICE,female,3,9,2015-10-20,JYP,This Is For,world tour,center stage,2025-11-22,Sat,2025-11-23,Sun,2,Asia,Taiwan,Kaohsiung,National Stadium,stadium,55000,,,,,,,,unreported,
TWICE,female,3,9,2015-10-20,JYP,This Is For,world tour,center stage,2025-12-06,Sat,2025-12-07,Sun,2,Asia,Hong Kong,Hong Kong,Kai Tak Stadium,stadium,45995,,,,,,,,unreported,
TWICE,female,3,9,2015-10-20,JYP,This Is For,world tour,center stage,2025-12-13,Sat,2025-12-14,Sun,2,Asia,Thailand,Bangkok,IMPACT Arena,arena,12000,25919,1.0800,25919,1.0000,4997740.00,192.82,Touring Data,reported,
TWICE,female,3,9,2015-10-20,JYP,This Is For,world tour,center stage,2026-01-09,Fri,2026-01-10,Sat,2,North America,Canada,Vancouver,Rogers Arena,arena,19000,,,,,,,,unreported,
TWICE,female,3,9,2015-10-20,JYP,This Is For,world tour,center stage,2026-01-13,Tue,2026-01-14,Wed,2,North America,United States,Seattle,Climate Pledge Arena,arena,17200,29653,0.8620,28096,0.9475,3667993.00,130.55,Touring Data,reported,
TWICE,female,3,9,2015-10-20,JYP,This Is For,world tour,center stage,2026-01-17,Sat,2026-01-18,Sun,2,North America,United States,Oakland,Oakland Arena,arena,19596,,,,,,,,unreported,
TWICE,female,3,9,2015-10-20,JYP,This Is For,world tour,center stage,2026-01-21,Wed,2026-01-25,Sun,4,North America,United States,Inglewood,Kia Forum,arena,17500,,,,,,,,unreported,
TWICE,female,3,9,2015-10-20,JYP,This Is For,world tour,center stage,2026-01-28,Wed,2026-01-28,Wed,1,North America,United States,Phoenix,Mortgage Matchup Center,arena,12565,14272,1.1359,14272,1.0000,2607605.00,182.71,Touring Data,reported,
TWICE,female,3,9,2015-10-20,JYP,This Is For,world tour,center stage,2026-01-31,Sat,2026-02-01,Sun,2,North America,United States,Dallas,American Airlines Center,arena,21000,28797,0.6856,28797,1.0000,3820563.00,132.67,Touring Data,reported,
TWICE,female,3,9,2015-10-20,JYP,This Is For,world tour,center stage,2026-02-13,Fri,2026-02-14,Sat,2,North America,United States,Washington,Capital One Arena,arena,20356,31339,0.7698,31339,1.0000,4490283.00,143.28,Touring Data,reported,
TWICE,female,3,9,2015-10-20,JYP,This Is For,world tour,center stage,2026-02-18,Wed,2026-02-21,Sat,3,North America,United States,New York,UBS Arena,arena,19000,42776,0.7505,42776,1.0000,5415693.00,126.61,Touring Data,reported,
TWICE,female,3,9,2015-10-20,JYP,This Is For,world tour,center stage,2026-02-24,Tue,2026-02-24,Tue,1,North America,United States,Philadelphia,Xfinity Mobile Arena,arena,21000,,,,,,,,unreported,
TWICE,female,3,9,2015-10-20,JYP,This Is For,world tour,center stage,2026-02-27,Fri,2026-02-27,Fri,1,North America,United States,Atlanta,State Farm Arena,arena,18000,15084,0.8380,15084,1.0000,2099562.00,139.19,Touring Data,reported,
TWICE,female,3,9,2015-10-20,JYP,This Is For,world tour,center stage,2026-03-03,Tue,2026-03-03,Tue,1,North America,Canada,Montreal,Bell Center,arena,15000,19334,0.9347,19334,1.0000,2283521.00,118.11,Touring Data,reported,
TWICE,female,3,9,2015-10-20,JYP,This Is For,world tour,center stage,2026-03-06,Fri,2026-03-07,Sat,2,North America,Canada,Hamilton,TD Coliseum,arena,18000,31399,0.8722,30146,0.9601,3704484.00,122.88,Touring Data,reported,
TWICE,female,3,9,2015-10-20,JYP,This Is For,world tour,center stage,2026-03-20,Fri,2026-03-22,Sun,3,Asia,Taiwan,Taipei,Taipei Dome,stadium,59833,,,,,,,,unreported,
TWICE,female,3,9,2015-10-20,JYP,This Is For,world tour,center stage,2026-03-27,Fri,2026-03-28,Sat,2,North America,United States,Orlando,Kia Center,arena,17030,31835,0.9347,31835,1.0000,4139853.00,,,unreported,
TWICE,female,3,9,2015-10-20,JYP,This Is For,world tour,center stage,2026-03-31,Tue,2026-03-31,Tue,1,North America,United States,Charlotte,Spectrum Center,arena,18504,16500,0.8917,16500,1.0000,2194530.00,133.00,Touring Data,reported,
TWICE,female,3,9,2015-10-20,JYP,This Is For,world tour,center stage,2026-04-03,Fri,2026-04-04,Sat,2,North America,United States,Boston,TD Garden,arena,20000,30496,0.7624,29310,0.9611,4004733.00,136.63,Touring Data,reported,
TWICE,female,3,9,2015-10-20,JYP,This Is For,world tour,center stage,2026-04-06,Mon,2026-04-07,Tue,2,North America,United States,Chicago,United Center,arena,23500,,,,,,,,unreported,
TWICE,female,3,9,2015-10-20,JYP,This Is For,world tour,center stage,2026-04-10,Fri,2026-04-10,Fri,1,North America,United States,Detroit,Little Caesars Arena,arena,22000,,,,,,,,unreported,
TWICE,female,3,9,2015-10-20,JYP,This Is For,world tour,center stage,2026-04-12,Sun,2026-04-12,Sun,1,North America,United States,Saint Paul,Grand Casino Arena,arena,20554,,,,,,,,unreported,
TWICE,female,3,9,2015-10-20,JYP,This Is For,world tour,center stage,2026-04-14,Tue,2026-04-14,Tue,1,North America,United States,Denver,Ball Arena,arena,21000,,,,,,,,unreported,
TWICE,female,3,9,2015-10-20,JYP,This Is For,world tour,center stage,2026-04-17,Fri,2026-04-18,Sat,2,North America,United States,Austin,Moody Center,arena,16223,26359,0.8124,26359,1.0000,3829076.00,145.27,Touring Data,reported,
TWICE,female,3,9,2015-10-20,JYP,This Is For,world tour,center stage,2026-04-25,Sat,2026-04-28,Tue,3,Asia,Japan,Tokyo,Japan National Stadium,stadium,67750,,,,,,,,unreported,
TWICE,female,3,9,2015-10-20,JYP,This Is For,world tour,center stage,2026-05-09,Sat,2026-05-09,Sat,1,Europe,Portugal,Lisbon,MEO Arena,arena,20100,,,,,,,,unreported,
TWICE,female,3,9,2015-10-20,JYP,This Is For,world tour,center stage,2026-05-12,Tue,2026-05-12,Tue,1,Europe,Spain,Barcelona,Palau Sant Jordi,arena,17960,,,,,,,,unreported,
TWICE,female,3,9,2015-10-20,JYP,This Is For,world tour,center stage,2026-05-16,Sat,2026-05-17,Sun,2,Europe,France,Paris,Accor Arena,arena,20300,,,,,,,,unreported,
TWICE,female,3,9,2015-10-20,JYP,This Is For,world tour,center stage,2026-05-20,Wed,2026-05-20,Wed,1,Europe,Italy,Turin,Inalpi Arena,arena,15657,,,,,,,,unreported,
TWICE,female,3,9,2015-10-20,JYP,This Is For,world tour,center stage,2026-05-23,Sat,2026-05-23,Sat,1,Europe,Germany,Berlin,Uber Arena,arena,17000,,,,,,,,unreported,
TWICE,female,3,9,2015-10-20,JYP,This Is For,world tour,center stage,2026-05-26,Tue,2026-05-26,Tue,1,Europe,Germany,Cologne,Lanxess Arena,arena,20000,,,,,,,,unreported,
TWICE,female,3,9,2015-10-20,JYP,This Is For,world tour,center stage,2026-05-30,Sat,2026-05-31,Sun,2,Europe,Netherlands,Amsterdam,Ziggo Dome,arena,17000,,,,,,,,unreported,
TWICE,female,3,9,2015-10-20,JYP,This Is For,world tour,center stage,2026-06-03,Wed,2026-06-04,Thu,2,Europe,England,London,The O2 Arena,arena,20000,,,,,,,,unreported,
&TEAM,male,4,9,2022-12-07,"YX Labels,HYBE",Awaken the Bloodline,asian tour,end stage,0202-05-24,Mon,0202-05-24,Mon,1,Asia,Thailand,Bangkok,MCC Hall,concert hall,,2585,,1729,0.6691,292322.00,169.07,Touring Data,reported,
&TEAM,male,4,9,2022-12-07,"YX Labels,HYBE",Awaken the Bloodline,asian tour,end stage,2025-05-10,Sat,2025-05-10,Sat,1,Asia,Japan,Nagoya,Portmesse Nagoya,concert hall,15000,8100,0.5400,8100,1.0000,900039.00,111.12,Touring Data,reported,
&TEAM,male,4,9,2022-12-07,"YX Labels,HYBE",Awaken the Bloodline,asian tour,end stage,2025-05-17,Sat,2025-05-18,Sun,2,Asia,Japan,Tokyo,Ariake Arena,arena,15000,20794,0.6931,20794,1.0000,1808938.00,86.99,Touring Data,reported,
&TEAM,male,4,9,2022-12-07,"YX Labels,HYBE",Awaken the Bloodline,asian tour,end stage,2025-05-27,Tue,2025-05-28,Wed,2,Asia,Japan,Fukuoka,Marine Messe,arena,15000,19222,0.6407,19222,1.0000,2367156.00,123.15,Touring Data,reported,
&TEAM,male,4,9,2022-12-07,"YX Labels,HYBE",Awaken the Bloodline,asian tour,end stage,2025-06-07,Sat,2025-06-08,Sun,2,Asia,South Korea,Seoul,Jamsil Indoor Stadium,arena,11069,14923,0.6741,14923,1.0000,1512306.00,101.34,Touring Data,reported,
&TEAM,male,4,9,2022-12-07,"YX Labels,HYBE",Awaken the Bloodline,asian tour,end stage,2025-06-15,Sun,2025-06-15,Sun,1,Asia,Indonesia,Tangerang,ICE BSD,concert hall,,8539,,7411,0.8680,1071891.00,144.64,Touring Data,reported,
&TEAM,male,4,9,2022-12-07,"YX Labels,HYBE",Awaken the Bloodline,asian tour,end stage,2025-06-20,Fri,2025-06-20,Fri,1,Asia,Taiwan,Taipei,Nangang Exhibition Center,concert hall,,5589,,5589,1.0000,1012991.00,181.25,Touring Data,reported,
&TEAM,male,4,9,2022-12-07,"YX Labels,HYBE",Awaken the Bloodline,asian tour,end stage,2025-07-05,Sat,2025-07-06,Sun,2,Asia,Japan,Kobe,Glion Arena Kobe,arena,10000,18301,0.9151,18301,1.0000,2090627.00,114.24,Touring Data,reported,
&TEAM,male,4,9,2022-12-07,"YX Labels,HYBE",Awaken the Bloodline,asian tour,end stage,2025-07-26,Sat,2025-07-26,Sat,1,Asia,Hong Kong,Hong Kong,AsiaWorld–Expo,arena,14000,4402,0.3144,4402,1.0000,871048.00,197.88,Touring Data,reported,
&TEAM,male,4,9,2022-12-07,"YX Labels,HYBE",Awaken the Bloodline,asian tour,end stage,2025-10-25,Sat,2025-10-26,Sun,2,Asia,Japan,Saitama,Saitama Super Arena,arena,22500,54318,1.2071,54318,1.0000,5785812.00,106.52,Touring Data,reported,
Agust D,male,3,1,2023-04-21,"Bighit,HYBE",D-Day,world tour,end stage,2023-04-26,Wed,2023-04-27,Thu,2,North America,United States,New York,UBS Arena,arena,19000,29414,0.7741,29414,1.0000,6074711.00,206.52,Touring Data,reported,
Agust D,male,3,1,2023-04-21,"Bighit,HYBE",D-Day,world tour,end stage,2023-04-29,Sat,2023-04-29,Sat,1,North America,United States,Newark,Prudential Center,arena,17000,13286,0.7815,13286,1.0000,2923465.00,220.04,Touring Data,reported,
Agust D,male,3,1,2023-04-21,"Bighit,HYBE",D-Day,world tour,end stage,2023-05-03,Wed,2023-05-06,Sat,3,North America,United States,Rosemont,Allstate Arena,arena,22000,36652,0.5553,36652,1.0000,8082446.00,220.52,Touring Data,reported,
Agust D,male,3,1,2023-04-21,"Bighit,HYBE",D-Day,world tour,end stage,2023-05-10,Wed,2023-05-14,Sun,3,North America,United States,Inglewood,Kia Forum,arena,17500,42492,0.8094,42492,1.0000,9492531.00,223.40,Touring Data,reported,
Agust D,male,3,1,2023-04-21,"Bighit,HYBE",D-Day,world tour,end stage,2023-05-16,Tue,2023-05-17,Wed,2,North America,United States,Oakland,Oakland Arena,arena,19596,27149,0.6927,27149,1.0000,5953317.00,219.28,Touring Data,reported,
Agust D,male,3,1,2023-04-21,"Bighit,HYBE",D-Day,world tour,end stage,2023-05-26,Fri,2023-05-28,Sun,3,Asia,Indonesia,Tangerang,ICE BSD,concert hall,,27746,,27746,1.0000,4352121.00,156.86,Touring Data,reported,
Agust D,male,3,1,2023-04-21,"Bighit,HYBE",D-Day,world tour,end stage,2023-06-02,Fri,2023-06-04,Sun,3,Asia,Japan,Yokohama,Pia Arena MM,arena,12141,26809,0.7360,26809,1.0000,3141211.00,117.17,Touring Data,reported,
Agust D,male,3,1,2023-04-21,"Bighit,HYBE",D-Day,world tour,end stage,2023-06-09,Fri,2023-06-11,Sun,3,Asia,Thailand,Bangkok,IMPACT Arena,arena,12000,36107,1.0030,36107,1.0000,4439420.00,122.95,Touring Data,reported,
Agust D,male,3,1,2023-04-21,"Bighit,HYBE",D-Day,world tour,end stage,2023-06-16,Fri,2023-06-18,Sun,3,Asia,Singapore,Singapore,Singapore Indoor Stadium,arena,9000,27340,1.0126,27340,1.0000,5427671.00,198.52,Touring Data,reported,
Agust D,male,3,1,2023-04-21,"Bighit,HYBE",D-Day,world tour,end stage,2023-06-24,Sat,2023-06-25,Sun,2,Asia,South Korea,Seoul,Jamsil Indoor Stadium,arena,11069,14715,0.6647,14715,1.0000,1909665.00,129.78,Touring Data,reported,
Agust D,male,3,1,2023-04-21,"Bighit,HYBE",D-Day,world tour,end stage,2023-08-04,Fri,2023-08-06,Sun,3,Asia,South Korea,Seoul,KSPO Dome,arena,15000,38523,0.8561,38523,1.0000,5427561.00,140.89,Touring Data,reported,
ATEEZ,male,4,8,2018-10-24,KQ,The Fellowship: Beginning of the End,world tour,end stage,2022-01-07,Fri,2022-01-09,Sun,3,Asia,South Korea,Seoul,Olympic Hall,concert hall,2452,9312,1.2659,9312,1.0000,936903.00,100.61,Touring Data,reported,
ATEEZ,male,4,8,2018-10-24,KQ,The Fellowship: Beginning of the End,world tour,end stage,2022-01-18,Tue,2022-01-18,Tue,1,North America,United States,Chicago,Wintrust Arena,arena,10387,9312,0.8965,9312,1.0000,694861.00,74.62,Touring Data,reported,
ATEEZ,male,4,8,2018-10-24,KQ,The Fellowship: Beginning of the End,world tour,end stage,2022-01-20,Thu,2022-01-20,Thu,1,North America,United States,Duluth,Gas South Arena,arena,13100,7764,0.5927,7764,1.0000,811590.00,104.53,Touring Data,reported,
ATEEZ,male,4,8,2018-10-24,KQ,The Fellowship: Beginning of the End,world tour,end stage,2022-01-24,Mon,2022-01-24,Mon,1,North America,United States,Newark,Prudential Center,arena,17000,11243,0.6614,11148,0.9916,1122904.00,100.73,Touring Data,reported,
ATEEZ,male,4,8,2018-10-24,KQ,The Fellowship: Beginning of the End,world tour,end stage,2022-01-27,Thu,2022-01-27,Thu,1,North America,United States,Grand Prairie,Texas Trust CU Theatre,concert hall,6350,6269,0.9872,6269,1.0000,612182.00,97.65,Touring Data,reported,
ATEEZ,male,4,8,2018-10-24,KQ,The Fellowship: Beginning of the End,world tour,end stage,2022-01-30,Sun,2022-01-31,Mon,2,North America,United States,Inglewood,Kia Forum,arena,17500,19868,0.5677,19868,1.0000,2178720.00,109.66,Touring Data,reported,
ATEEZ,male,4,8,2018-10-24,KQ,The Fellowship: Beginning of the End,world tour,end stage,2022-04-23,Sat,2022-04-24,Sun,2,Europe,Spain,Madrid,Palacio Vistalegre,arena,14000,15339,0.5478,14052,0.9161,1526706.00,108.65,Touring Data,reported,
ATEEZ,male,4,8,2018-10-24,KQ,The Fellowship: Beginning of the End,world tour,end stage,2022-04-30,Sat,2022-05-01,Sun,2,Europe,England,London,Wembley Arena,arena,12500,19463,0.7785,18633,0.9574,2340645.00,125.62,Touring Data,reported,
ATEEZ,male,4,8,2018-10-24,KQ,The Fellowship: Beginning of the End,world tour,end stage,2022-05-04,Wed,2022-05-04,Wed,1,Europe,France,Paris,Accor Arena,arena,20300,12224,0.6022,12224,1.0000,1145655.00,93.72,Touring Data,reported,
ATEEZ,male,4,8,2018-10-24,KQ,The Fellowship: Beginning of the End,world tour,end stage,2022-05-08,Sun,2022-05-09,Mon,2,Europe,Germany,Berlin,Uber Arena,arena,17000,21321,0.6271,20843,0.9776,2236181.00,107.29,Touring Data,reported,
ATEEZ,male,4,8,2018-10-24,KQ,The Fellowship: Beginning of the End,world tour,end stage,2022-05-12,Thu,2022-05-12,Thu,1,Europe,Netherlands,Amsterdam,AFAS Live,concert hall,6000,4904,0.8173,4904,1.0000,575183.00,117.29,Touring Data,reported,
ATEEZ,male,4,8,2018-10-24,KQ,The Fellowship: Beginning of the End,world tour,end stage,2022-07-16,Sat,2022-07-18,Mon,3,Asia,Japan,Yokohama,Pia Arena MM,arena,12141,28635,0.7862,28635,1.0000,2105402.00,73.53,Touring Data,reported,
ATEEZ,male,4,8,2018-10-24,KQ,The Fellowship: Break The Wall,world tour,end stage,2022-10-29,Sat,2022-10-30,Sun,2,Asia,South Korea,Seoul,Jamsil Indoor Stadium,arena,11069,10191,0.4603,10191,1.0000,866273.00,85.00,Touring Data,reported,
ATEEZ,male,4,8,2018-10-24,KQ,The Fellowship: Break The Wall,world tour,end stage,2022-11-05,Sat,2022-11-05,Sat,1,North America,United States,Oakland,Oakland Arena,arena,19596,11619,0.5929,7940,0.6834,1142143.00,143.85,Touring Data,reported,
ATEEZ,male,4,8,2018-10-24,KQ,The Fellowship: Break The Wall,world tour,end stage,2022-11-07,Mon,2022-11-08,Tue,2,North America,United States,Anaheim,Honda Center,theater,10935,24986,1.1425,23396,0.9364,2766535.00,118.25,Touring Data,reported,
ATEEZ,male,4,8,2018-10-24,KQ,The Fellowship: Break The Wall,world tour,end stage,2022-11-10,Thu,2022-11-10,Thu,1,North America,United States,Glendale,Desert Diamond Arena,arena,19000,9309,0.4899,9129,0.9807,1278516.00,140.05,Touring Data,reported,
ATEEZ,male,4,8,2018-10-24,KQ,The Fellowship: Break The Wall,world tour,end stage,2022-11-16,Wed,2022-11-16,Wed,1,North America,United States,Fort Worth,Dickies Arena,arena,14000,11023,0.7874,11023,1.0000,1476046.00,133.91,Touring Data,reported,
ATEEZ,male,4,8,2018-10-24,KQ,The Fellowship: Break The Wall,world tour,end stage,2022-11-19,Sat,2022-11-19,Sat,1,North America,United States,Chicago,Wintrust Arena,arena,10387,6421,0.6182,6421,1.0000,953127.00,148.44,Touring Data,reported,
ATEEZ,male,4,8,2018-10-24,KQ,The Fellowship: Break The Wall,world tour,end stage,2022-11-21,Mon,2022-11-22,Tue,2,North America,United States,Atlanta,State Farm Arena,arena,18000,22632,0.6287,21489,0.9495,2673543.00,124.41,Touring Data,reported,
ATEEZ,male,4,8,2018-10-24,KQ,The Fellowship: Break The Wall,world tour,end stage,2022-11-27,Sun,2022-11-28,Mon,2,North America,United States,Newark,Prudential Center,arena,17000,22962,0.6754,21559,0.9389,2905121.00,134.75,Touring Data,reported,
ATEEZ,male,4,8,2018-10-24,KQ,The Fellowship: Break The Wall,world tour,end stage,2022-12-02,Fri,2022-12-02,Fri,1,North America,Canada,Hamilton,TD Coliseum,arena,18000,11327,0.6293,10971,0.9686,1325069.00,120.78,Touring Data,reported,
ATEEZ,male,4,8,2018-10-24,KQ,The Fellowship: Break The Wall,world tour,end stage,2022-12-11,Sun,2022-12-12,Mon,2,Asia,Japan,Chiba,Makuhari Messe,arena,,28921,,28921,1.0000,2392301.00,82.72,Touring Data,reported,
ATEEZ,male,4,8,2018-10-24,KQ,The Fellowship: Break The Wall,world tour,end stage,2023-02-10,Fri,2023-02-10,Fri,1,Europe,Netherlands,Amsterdam,Ziggo Dome,arena,17000,11890,0.6994,11343,0.9540,1365065.00,120.34,Touring Data,reported,
ATEEZ,male,4,8,2018-10-24,KQ,The Fellowship: Break The Wall,world tour,end stage,2023-02-14,Tue,2023-02-15,Wed,2,Europe,Germany,Berlin,Uber Arena,arena,17000,,,,,,,,unreported,
ATEEZ,male,4,8,2018-10-24,KQ,The Fellowship: Break The Wall,world tour,end stage,2023-02-18,Sat,2023-02-18,Sat,1,Europe,Belgium,Brussels,ING Arena,arena,15000,10174,0.6783,10174,1.0000,1294342.00,127.22,Touring Data,reported,
ATEEZ,male,4,8,2018-10-24,KQ,The Fellowship: Break The Wall,world tour,end stage,2023-02-22,Wed,2023-02-22,Wed,1,Europe,England,London,The O2 Arena,arena,20000,,,,,,,,unreported,
ATEEZ,male,4,8,2018-10-24,KQ,The Fellowship: Break The Wall,world tour,end stage,2023-02-28,Tue,2023-02-28,Tue,1,Europe,Spain,Madrid,Movistar Arena,arena,15000,10873,0.7249,9172,0.8436,960126.00,104.68,Touring Data,reported,
ATEEZ,male,4,8,2018-10-24,KQ,The Fellowship: Break The Wall,world tour,end stage,2023-03-04,Sat,2023-03-04,Sat,1,Europe,Denmark,Copenhagen,Royal Arena,arena,17000,12626,0.7427,9041,0.7161,1175682.00,130.04,Touring Data,reported,
ATEEZ,male,4,8,2018-10-24,KQ,The Fellowship: Break The Wall,world tour,end stage,2023-03-07,Tue,2023-03-08,Wed,2,Europe,France,Paris,Accor Arena,arena,20300,22347,0.5504,19120,0.8556,1973789.00,103.23,Touring Data,reported,
ATEEZ,male,4,8,2018-10-24,KQ,The Fellowship: Break The Wall,world tour,end stage,2023-04-28,Fri,2023-04-29,Sat,2,Asia,South Korea,Seoul,Jamsil Indoor Stadium,arena,11069,10093,0.4559,10093,1.0000,910475.00,90.21,Touring Data,reported,
ATEEZ,male,4,8,2018-10-24,KQ,The Fellowship: Break The Wall,world tour,end stage,2023-05-02,Tue,2023-05-03,Wed,2,Asia,Japan,Tokyo,Ariake Arena,arena,15000,22271,0.7424,22271,1.0000,1803300.00,80.97,Touring Data,reported,
ATEEZ,male,4,8,2018-10-24,KQ,The Fellowship: Break The Wall,world tour,end stage,2023-05-06,Sat,2023-05-07,Sun,2,Asia,Japan,Kobe,World Memorial Hall,arena,8000,12000,0.7500,12000,1.0000,990632.00,82.55,Touring Data,reported,
ATEEZ,male,4,8,2018-10-24,KQ,The Fellowship: Break The Wall,world tour,end stage,2023-07-08,Sat,2023-07-08,Sat,1,Asia,Taiwan,Taipei,Nangang Exhibition Center,concert hall,,,,,,,,,unreported,
ATEEZ,male,4,8,2018-10-24,KQ,The Fellowship: Break The Wall,world tour,end stage,2023-07-15,Sat,2023-07-15,Sat,1,Asia,Hong Kong,Hong Kong,AsiaWorld–Expo,arena,14000,,,,,,,,unreported,
ATEEZ,male,4,8,2018-10-24,KQ,The Fellowship: Break The Wall,world tour,end stage,2023-07-20,Thu,2023-07-20,Thu,1,Middle East,Saudi Arabia,Jeddah,Jeddah Superdome,concert hall,40000,,,,,,,,unreported,
ATEEZ,male,4,8,2018-10-24,KQ,The Fellowship: Break The Wall,world tour,end stage,2023-08-05,Sat,2023-08-05,Sat,1,Asia,Thailand,Bangkok,IMPACT Arena,arena,12000,,,,,,,,unreported,
ATEEZ,male,4,8,2018-10-24,KQ,The Fellowship: Break The Wall,world tour,end stage,2023-08-23,Wed,2023-08-23,Wed,1,North America,Mexico,Mexico City,Arena CDMX,arena,22300,19748,0.8856,17129,0.8674,2390489.00,139.56,Touring Data,reported,
ATEEZ,male,4,8,2018-10-24,KQ,The Fellowship: Break The Wall,world tour,end stage,2023-08-26,Sat,2023-08-26,Sat,1,South America,Brazil,São Paulo,Allianz Parque,stadium,55000,,,,,,,,unreported,
ATEEZ,male,4,8,2018-10-24,KQ,The Fellowship: Break The Wall,world tour,end stage,2023-08-30,Wed,2023-08-30,Wed,1,South America,Chile,Santiago,Movistar Arena,arena,15500,16522,1.0659,13665,0.8271,1350531.00,98.83,Touring Data,reported,
ATEEZ,male,4,8,2018-10-24,KQ,The Fellowship: Break The Wall,world tour,end stage,2023-09-03,Sun,2023-09-03,Sun,1,South America,Colombia,Bogotá,Coliseo Bicentenario,arena,7000,,,,,,,,unreported,
ATEEZ,male,4,8,2018-10-24,KQ,The Fellowship: Break The Wall,world tour,end stage,2023-09-09,Sat,2023-09-09,Sat,1,Asia,Singapore,Singapore,Singapore Indoor Stadium,arena,9000,,,,,,,,unreported,
ATEEZ,male,4,8,2018-10-24,KQ,The Fellowship: Break The Wall,world tour,end stage,2023-09-16,Sat,2023-09-16,Sat,1,Asia,Philippines,Manila,Smart Araneta Coliseum,arena,9679,,,,,,,,unreported,
ATEEZ,male,4,8,2018-10-24,KQ,Towards The Light: Will To Power,world tour,end stage,2024-01-27,Sat,2024-01-28,Sun,2,Asia,South Korea,Seoul,Jamsil Indoor Stadium,arena,11069,13146,0.5938,12847,0.9773,1374320.00,106.98,Touring Data,reported,
ATEEZ,male,4,8,2018-10-24,KQ,Towards The Light: Will To Power,world tour,end stage,2024-02-03,Sat,2024-02-04,Sun,2,Asia,Japan,Saitama,Saitama Super Arena,arena,22500,45200,1.0044,45200,1.0000,4007414.00,88.66,Touring Data,reported,
ATEEZ,male,4,8,2018-10-24,KQ,Towards The Light: Will To Power,world tour,end stage,2024-07-14,Sun,2024-07-14,Sun,1,North America,United States,Tacoma,Tacoma Dome,arena,21000,14018,0.6675,13661,0.9746,2596931.00,190.10,Touring Data,reported,
ATEEZ,male,4,8,2018-10-24,KQ,Towards The Light: Will To Power,world tour,end stage,2024-07-17,Wed,2024-07-17,Wed,1,North America,United States,Oakland,Oakland Arena,arena,19596,11001,0.5614,11001,1.0000,1860858.00,169.15,Touring Data,reported,
ATEEZ,male,4,8,2018-10-24,KQ,Towards The Light: Will To Power,world tour,end stage,2024-07-20,Sat,2024-07-21,Sun,2,North America,United States,Los Angeles,BMO Stadium,stadium,22000,40460,0.9195,38145,0.9428,7230535.00,189.55,Touring Data,reported,
ATEEZ,male,4,8,2018-10-24,KQ,Towards The Light: Will To Power,world tour,end stage,2024-07-25,Thu,2024-07-25,Thu,1,North America,United States,Phoenix,Mortgage Matchup Center,arena,12565,10763,2.4579,10763,1.0000,2237730.00,207.91,Touring Data,reported,
ATEEZ,male,4,8,2018-10-24,KQ,Towards The Light: Will To Power,world tour,end stage,2024-07-28,Sun,2024-07-28,Sun,1,North America,United States,Arlington,Globe Life Field,stadium,40300,27938,0.6933,27938,1.0000,5289558.00,189.33,Touring Data,reported,
ATEEZ,male,4,8,2018-10-24,KQ,Towards The Light: Will To Power,world tour,end stage,2024-07-30,Tue,2024-07-31,Wed,2,North America,United States,Duluth,Gas South Arena,arena,13100,18865,0.7200,18865,1.0000,3957122.00,209.76,Touring Data,reported,
ATEEZ,male,4,8,2018-10-24,KQ,Towards The Light: Will To Power,world tour,end stage,2024-08-03,Sat,2024-08-03,Sat,1,North America,United States,New York,Citi Field,stadium,41922,28467,0.6790,28467,1.0000,5531913.00,194.33,Touring Data,reported,
ATEEZ,male,4,8,2018-10-24,KQ,Towards The Light: Will To Power,world tour,end stage,2024-08-06,Tue,2024-08-06,Tue,1,North America,United States,Washington,Capital One Arena,arena,20356,12766,0.6271,12766,1.0000,2662071.00,208.53,Touring Data,reported,
ATEEZ,male,4,8,2018-10-24,KQ,Towards The Light: Will To Power,world tour,end stage,2024-08-08,Thu,2024-08-08,Thu,1,North America,Canada,Toronto,Scotiabank Arena,arena,19800,10322,0.5213,10322,1.0000,1829661.00,177.26,Touring Data,reported,
ATEEZ,male,4,8,2018-10-24,KQ,Towards The Light: Will To Power,world tour,end stage,2024-08-10,Sat,2024-08-11,Sun,2,North America,United States,Rosemont,Allstate Arena,arena,22000,21865,0.4969,20286,0.9278,4418493.00,217.81,Touring Data,reported,
ATEEZ,male,4,8,2018-10-24,KQ,Towards The Light: Will To Power,world tour,end stage,2025-01-18,Sat,2025-01-18,Sat,1,Europe,France,Lyon,LDLC Arena,arena,16000,11377,0.7111,10894,0.9576,1785775.00,163.92,Touring Data,reported,
ATEEZ,male,4,8,2018-10-24,KQ,Towards The Light: Will To Power,world tour,end stage,2025-01-20,Mon,2025-01-20,Mon,1,Europe,Italy,Milan,Unipol Forum,arena,15800,9514,0.6022,9514,1.0000,1566322.00,164.63,Touring Data,reported,
ATEEZ,male,4,8,2018-10-24,KQ,Towards The Light: Will To Power,world tour,end stage,2025-01-23,Thu,2025-01-23,Thu,1,Europe,Switzerland,Zürich,Hallenstadion,arena,13000,13000,1.0000,9607,0.7390,1594873.00,166.01,Touring Data,reported,
ATEEZ,male,4,8,2018-10-24,KQ,Towards The Light: Will To Power,world tour,end stage,2025-01-27,Mon,2025-01-28,Tue,2,Europe,England,London,The O2 Arena,arena,20000,22129,0.5532,22129,1.0000,3643960.00,164.67,Touring Data,reported,
ATEEZ,male,4,8,2018-10-24,KQ,Towards The Light: Will To Power,world tour,end stage,2025-01-30,Thu,2025-01-30,Thu,1,Europe,England,Manchester,AO Arena,arena,21000,11836,0.5636,11836,1.0000,1904631.00,160.92,Touring Data,reported,
ATEEZ,male,4,8,2018-10-24,KQ,Towards The Light: Will To Power,world tour,end stage,2025-02-03,Mon,2025-02-03,Mon,1,Europe,Netherlands,Amsterdam,Ziggo Dome,arena,17000,13901,0.8177,13663,0.9829,1942381.00,142.16,Touring Data,reported,
ATEEZ,male,4,8,2018-10-24,KQ,Towards The Light: Will To Power,world tour,end stage,2025-02-07,Fri,2025-02-07,Fri,1,Europe,Spain,Barcelona,Palau Sant Jordi,arena,17960,14501,0.8074,13765,0.9493,1935193.00,140.59,Touring Data,reported,
ATEEZ,male,4,8,2018-10-24,KQ,Towards The Light: Will To Power,world tour,end stage,2025-02-11,Tue,2025-02-11,Tue,1,Europe,Germany,Cologne,Lanxess Arena,arena,20000,14156,0.7078,14156,1.0000,2140770.00,151.23,Touring Data,reported,
ATEEZ,male,4,8,2018-10-24,KQ,Towards The Light: Will To Power,world tour,end stage,2025-02-14,Fri,2025-02-14,Fri,1,Europe,Denmark,Copenhagen,Royal Arena,arena,17000,12893,0.7584,11862,0.9201,1527214.00,128.75,Touring Data,reported,
ATEEZ,male,4,8,2018-10-24,KQ,Towards The Light: Will To Power,world tour,end stage,2025-02-18,Tue,2025-02-19,Wed,2,Europe,Germany,Berlin,Uber Arena,arena,17000,24479,0.7200,24479,1.0000,4338175.00,177.22,Touring Data,reported,
ATEEZ,male,4,8,2018-10-24,KQ,Towards The Light: Will To Power,world tour,end stage,2025-02-22,Sat,2025-02-22,Sat,1,Europe,France,Paris,La Défense Arena,arena,45000,29225,0.6494,29225,1.0000,4345691.00,148.70,Touring Data,reported,
ATEEZ,male,4,8,2018-10-24,KQ,Towards The Light: Will To Power,world tour,end stage,2025-02-25,Tue,2025-02-25,Tue,1,Europe,Belgium,Brussels,ING Arena,arena,15000,11007,0.7338,9809,0.8912,1684249.00,171.70,Touring Data,reported,
ATEEZ,male,4,8,2018-10-24,KQ,Towards The Light: Will To Power,world tour,end stage,2025-03-22,Sat,2025-03-23,Sun,2,Asia,South Korea,Seoul,KSPO Dome,arena,15000,23280,0.7760,23280,1.0000,2222879.00,95.48,Touring Data,reported,
ATEEZ,male,4,8,2018-10-24,KQ,In Your Fantasy,world tour,end stage,2025-07-05,Sat,2025-07-06,Sun,2,Asia,South Korea,Incheon,Inspire Arena,arena,15000,,,,,,,,unreported,
ATEEZ,male,4,8,2018-10-24,KQ,In Your Fantasy,world tour,end stage,2025-07-10,Thu,2025-07-10,Thu,1,North America,United States,Atlanta,State Farm Arena,arena,18000,10144,0.5636,10144,1.0000,2439384.00,240.48,Touring Data,reported,
ATEEZ,male,4,8,2018-10-24,KQ,In Your Fantasy,world tour,end stage,2025-07-13,Sun,2025-07-13,Sun,1,North America,United States,New York,Citi Field,stadium,41922,31133,0.7426,24694,0.7932,4588014.00,185.79,Touring Data,reported,
ATEEZ,male,4,8,2018-10-24,KQ,In Your Fantasy,world tour,end stage,2025-07-16,Wed,2025-07-16,Wed,1,North America,United States,Baltimore,CFG Bank Arena,arena,13000,11373,0.8748,9502,0.8355,2219195.00,233.55,Touring Data,reported,
ATEEZ,male,4,8,2018-10-24,KQ,In Your Fantasy,world tour,end stage,2025-07-19,Sat,2025-07-19,Sat,1,North America,United States,Nashville,Bridgestone Arena,arena,20000,11230,0.5615,8558,0.7621,1821829.00,212.88,Touring Data,reported,
ATEEZ,male,4,8,2018-10-24,KQ,In Your Fantasy,world tour,end stage,2025-07-21,Mon,2025-07-22,Tue,2,North America,United States,Orlando,Kia Center,arena,17030,21228,0.6233,19877,0.9364,4382073.00,220.46,Touring Data,reported,
ATEEZ,male,4,8,2018-10-24,KQ,In Your Fantasy,world tour,end stage,2025-07-26,Sat,2025-07-26,Sat,1,North America,United States,Chicago,Wrigley Field,stadium,41649,26723,0.6416,20186,0.7554,3389573.00,167.92,Touring Data,reported,
ATEEZ,male,4,8,2018-10-24,KQ,In Your Fantasy,world tour,end stage,2025-07-30,Wed,2025-07-30,Wed,1,North America,United States,Tacoma,Tacoma Dome,arena,21000,13796,0.6570,12623,0.9150,2590638.00,205.23,Touring Data,reported,
ATEEZ,male,4,8,2018-10-24,KQ,In Your Fantasy,world tour,end stage,2025-08-02,Sat,2025-08-02,Sat,1,North America,United States,San Jose,SAP Center,arena,19190,10591,0.5519,10591,1.0000,2529472.00,238.83,Touring Data,reported,
ATEEZ,male,4,8,2018-10-24,KQ,In Your Fantasy,world tour,end stage,2025-08-08,Fri,2025-08-09,Sat,2,North America,United States,Los Angeles,BMO Stadium,stadium,22000,40575,0.9222,36631,0.9028,7889573.00,215.38,Touring Data,reported,
ATEEZ,male,4,8,2018-10-24,KQ,In Your Fantasy,world tour,end stage,2025-08-12,Tue,2025-08-12,Tue,1,North America,United States,Glendale,Desert Diamond Arena,arena,19000,9876,0.5198,8666,0.8775,1773952.00,204.70,Touring Data,reported,
ATEEZ,male,4,8,2018-10-24,KQ,In Your Fantasy,world tour,end stage,2025-08-16,Sat,2025-08-16,Sat,1,North America,United States,Arlington,Globe Life Field,stadium,40300,31337,0.7776,29845,0.9524,4223957.00,141.53,Touring Data,reported,
ATEEZ,male,4,8,2018-10-24,KQ,In Your Fantasy,world tour,end stage,2025-08-23,Sat,2025-08-23,Sat,1,North America,Mexico,Mexico City,Estadio GNP Seguros,stadium,65000,52226,0.8035,28134,0.5387,3749936.00,133.29,Touring Data,reported,
ATEEZ,male,4,8,2018-10-24,KQ,In Your Fantasy,world tour,end stage,2025-09-13,Sat,2025-09-15,Mon,3,Asia,Japan,Saitama,Saitama Super Arena,arena,22500,,,,,,,,unreported,
ATEEZ,male,4,8,2018-10-24,KQ,In Your Fantasy,world tour,end stage,2025-09-20,Sat,2025-09-21,Sun,2,Asia,Japan,Nagoya,Portmesse Nagoya,concert hall,15000,,,,,,,,unreported,
ATEEZ,male,4,8,2018-10-24,KQ,In Your Fantasy,world tour,end stage,2025-10-22,Wed,2025-10-23,Thu,2,Asia,Japan,Kobe,Glion Arena Kobe,arena,10000,,,,,,,,unreported,
ATEEZ,male,4,8,2018-10-24,KQ,In Your Fantasy,world tour,end stage,2026-01-24,Sat,2026-01-24,Sat,1,Asia,Taiwan,Taoyuan,NTSU Arena,arena,15000,,,,,,,,unreported,
ATEEZ,male,4,8,2018-10-24,KQ,In Your Fantasy,world tour,end stage,2026-01-31,Sat,2026-01-31,Sat,1,Asia,Indonesia,Tangerang,ICE BSD,concert hall,,,,,,,,,unreported,
ATEEZ,male,4,8,2018-10-24,KQ,In Your Fantasy,world tour,end stage,2026-02-22,Sun,2026-02-22,Sun,1,Asia,Singapore,Singapore,Singapore Indoor Stadium,arena,9000,,,,,,,,unreported,
ATEEZ,male,4,8,2018-10-24,KQ,In Your Fantasy,world tour,end stage,2026-03-02,Mon,2026-03-03,Tue,2,Oceania,Australia,Melbourne,Rod Laver Arena,arena,14820,,,,,,,,unreported,
ATEEZ,male,4,8,2018-10-24,KQ,In Your Fantasy,world tour,end stage,2026-03-06,Fri,2026-03-07,Sat,2,Oceania,Australia,Sydney,Qudos Bank Arena,arena,18000,,,,,,,,unreported,
ATEEZ,male,4,8,2018-10-24,KQ,In Your Fantasy,world tour,end stage,2026-03-14,Sat,2026-03-14,Sat,1,Asia,Philippines,Manila,Smart Araneta Coliseum,arena,9679,,,,,,,,unreported,
ATEEZ,male,4,8,2018-10-24,KQ,In Your Fantasy,world tour,end stage,2026-03-22,Sun,2026-03-22,Sun,1,Asia,Malaysia,Kuala Lumpur,Unifi Arena,arena,11000,,,,,,,,unreported,
ATEEZ,male,4,8,2018-10-24,KQ,In Your Fantasy,world tour,end stage,2026-03-28,Sat,2026-03-28,Sat,1,Asia,Macau,Macau,Venetian Arena,arena,14000,,,,,,,,unreported,
ATEEZ,male,4,8,2018-10-24,KQ,In Your Fantasy,world tour,end stage,2026-04-04,Sat,2026-04-04,Sat,1,Asia,Thailand,Bangkok,IMPACT Arena,arena,12000,,,,,,,,unreported,
BOYNEXTDOOR,male,5,6,2023-05-30,"KOZ,HYBE",Knock On Vol.1,asian tour,end stage,2024-12-14,Sat,2024-12-15,Sun,2,Asia,South Korea,Incheon,Inspire Arena,arena,15000,11552,0.3851,11552,1.0000,1074570.00,93.02,Touring Data,reported,
BOYNEXTDOOR,male,5,6,2023-05-30,"KOZ,HYBE",Knock On Vol.1,asian tour,end stage,2025-01-30,Thu,2025-01-30,Thu,1,Asia,Japan,Tokyo,Tachikawa Stage Garden,concert hall,2448,2243,0.9163,2243,1.0000,200525.00,89.40,Touring Data,reported,
BOYNEXTDOOR,male,5,6,2023-05-30,"KOZ,HYBE",Knock On Vol.1,asian tour,end stage,2025-02-02,Sun,2025-02-02,Sun,1,Asia,Japan,Nagoya,Niterra Forest Hall,concert hall,,2142,,2099,0.9800,195816.00,93.29,Touring Data,reported,
BOYNEXTDOOR,male,5,6,2023-05-30,"KOZ,HYBE",Knock On Vol.1,asian tour,end stage,2025-02-08,Sat,2025-02-09,Sun,2,Asia,Japan,Osaka,Grand Cube Osaka,concert hall,,7689,,7458,0.9700,671967.00,90.10,Touring Data,reported,
BOYNEXTDOOR,male,5,6,2023-05-30,"KOZ,HYBE",Knock On Vol.1,asian tour,end stage,2025-02-15,Sat,2025-02-15,Sat,1,Asia,Japan,Sendai,Sendai Sun Plaza Hall,concert hall,2710,2056,0.7587,2056,1.0000,191376.00,93.08,Touring Data,reported,
BOYNEXTDOOR,male,5,6,2023-05-30,"KOZ,HYBE",Knock On Vol.1,asian tour,end stage,2025-02-18,Tue,2025-02-19,Wed,2,Asia,Japan,Fukuoka,Fukuoka Sunpalace Hotel Hall,concert hall,2316,4474,0.9659,4384,0.9800,410888.00,93.72,Touring Data,reported,
BOYNEXTDOOR,male,5,6,2023-05-30,"KOZ,HYBE",Knock On Vol.1,asian tour,end stage,2025-02-22,Sat,2025-02-24,Mon,3,Asia,Japan,Yokohama,Pacifico Yokohama,concert hall,6000,16816,0.9342,16479,0.9800,1431431.00,86.86,Touring Data,reported,
BOYNEXTDOOR,male,5,6,2023-05-30,"KOZ,HYBE",Knock On Vol.1,asian tour,end stage,2025-03-15,Sat,2025-03-15,Sat,1,Asia,Singapore,Tampines,Singapore Expo,concert hall,,3909,,3869,0.9900,705124.00,182.25,Touring Data,reported,
BOYNEXTDOOR,male,5,6,2023-05-30,"KOZ,HYBE",Knock On Vol.1,asian tour,end stage,2025-03-22,Sat,2025-03-22,Sat,1,Asia,Philippines,Manila,Smart Araneta Coliseum,arena,9679,4146,0.4284,3109,0.7500,470817.00,151.44,Touring Data,reported,
BOYNEXTDOOR,male,5,6,2023-05-30,"KOZ,HYBE",Knock On Vol.1,asian tour,end stage,2025-03-29,Sat,2025-03-29,Sat,1,Asia,Thailand,Bangkok,IMPACT Thunder Dome,concert hall,3500,,,,,,,,unreported,Natural Phenomena
BOYNEXTDOOR,male,5,6,2023-05-30,"KOZ,HYBE",Knock On Vol.1,asian tour,end stage,2025-04-03,Thu,2025-04-03,Thu,1,Asia,Taiwan,Taipei,Nangang Exhibition Center,concert hall,,4518,,4472,0.9900,783978.00,175.31,Touring Data,reported,
BOYNEXTDOOR,male,5,6,2023-05-30,"KOZ,HYBE",Knock On Vol.1,asian tour,end stage,2025-04-06,Sun,2025-04-06,Sun,1,Asia,Hong Kong,Hong Kong,AsiaWorld–Expo,arena,14000,4917,0.3512,4917,1.0000,947514.00,192.70,Touring Data,reported,
BOYNEXTDOOR,male,5,6,2023-05-30,"KOZ,HYBE",Knock On Vol.1,asian tour,end stage,2025-04-12,Sat,2025-04-12,Sat,1,Asia,Indonesia,Jakarta,Istora Senayan,arena,7166,3931,0.5486,3931,1.0000,524410.00,133.40,Touring Data,reported,
BOYNEXTDOOR,male,5,6,2023-05-30,"KOZ,HYBE",Knock On Vol.1,asian tour,end stage,2025-06-28,Sat,2025-06-30,Mon,3,Asia,Japan,Tokyo,Keio Arena Tokyo,arena,10000,27000,0.9000,27000,1.0000,3055774.00,113.18,Touring Data,reported,
BOYNEXTDOOR,male,5,6,2023-05-30,"KOZ,HYBE",Knock On Vol.1,asian tour,end stage,2025-07-25,Fri,2025-07-27,Sun,3,Asia,South Korea,Seoul,KSPO Dome,arena,15000,31280,0.6951,31280,1.0000,3533317.00,112.96,Touring Data,reported,
BTS,male,3,7,2013-06-13,"Bighit,HYBE",The Wings Tour,world tour,end stage,2017-02-18,Sat,2017-02-19,Sun,2,Asia,South Korea,Seoul,Gocheok Sky Dome,stadium,16744,,,,,,,,unreported,
BTS,male,3,7,2013-06-13,"Bighit,HYBE",The Wings Tour,world tour,end stage,2017-03-11,Sat,2017-03-12,Sun,2,South America,Chile,Santiago,Movistar Arena,arena,15500,,,,,,,,unreported,
BTS,male,3,7,2013-06-13,"Bighit,HYBE",The Wings Tour,world tour,end stage,2017-03-19,Sun,2017-03-20,Mon,2,South America,Brazil,São Paulo,Vibra São Paulo,theater,7000,15327,1.0948,15327,1.0000,1207360.00,78.77,Billboard Boxscore,reported,
BTS,male,3,7,2013-06-13,"Bighit,HYBE",The Wings Tour,world tour,end stage,2017-03-23,Thu,2017-03-24,Fri,2,North America,United States,Newark,Prudential Center,arena,17000,22612,0.6651,22612,1.0000,3348500.00,148.09,Pollstar,reported,
BTS,male,3,7,2013-06-13,"Bighit,HYBE",The Wings Tour,world tour,end stage,2017-03-29,Wed,2017-03-29,Wed,1,North America,United States,Rosemont,Allstate Arena,arena,22000,,,,,,,,unreported,
BTS,male,3,7,2013-06-13,"Bighit,HYBE",The Wings Tour,world tour,end stage,2017-04-01,Sat,2017-04-02,Sun,2,North America,United States,Anaheim,Honda Center,theater,10935,,,,,,,,unreported,
BTS,male,3,7,2013-06-13,"Bighit,HYBE",The Wings Tour,world tour,end stage,2017-04-22,Sat,2017-04-23,Sun,2,Asia,Thailand,Bangkok,IMPACT Arena,arena,12000,,,,,,,,unreported,
BTS,male,3,7,2013-06-13,"Bighit,HYBE",The Wings Tour,world tour,end stage,2017-04-29,Sat,2017-04-29,Sat,1,Asia,Indonesia,Tangerang,ICE BSD,concert hall,,,,,,,,,unreported,
BTS,male,3,7,2013-06-13,"Bighit,HYBE",The Wings Tour,world tour,end stage,2017-05-06,Sat,2017-05-07,Sun,2,Asia,Philippines,Pasay,SM Mall of Asia Arena,arena,15000,,,,,,,,unreported,
BTS,male,3,7,2013-06-13,"Bighit,HYBE",The Wings Tour,world tour,end stage,2017-05-13,Sat,2017-05-14,Sun,2,Asia,Hong Kong,Hong Kong,AsiaWorld–Expo,arena,14000,,,,,,,,unreported,
BTS,male,3,7,2013-06-13,"Bighit,HYBE",The Wings Tour,world tour,end stage,2017-05-26,Fri,2017-05-26,Fri,1,Oceania,Australia,Sydney,Qudos Bank Arena,arena,18000,11426,0.6348,11023,0.9648,2054650.00,186.40,Billboard Boxscore,reported,
BTS,male,3,7,2013-06-13,"Bighit,HYBE",The Wings Tour,world tour,end stage,2017-05-30,Tue,2017-06-01,Thu,3,Asia,Japan,Osaka,Osaka-jō Hall,arena,16000,,,,,,,,unreported,
BTS,male,3,7,2013-06-13,"Bighit,HYBE",The Wings Tour,world tour,end stage,2017-06-07,Wed,2017-06-07,Wed,1,Asia,Japan,Hiroshima,Hiroshima Green Arena,arena,10000,,,,,,,,unreported,
BTS,male,3,7,2013-06-13,"Bighit,HYBE",The Wings Tour,world tour,end stage,2017-06-14,Wed,2017-06-15,Thu,2,Asia,Japan,Nagoya,Nippon Gaishi Hall,arena,10000,,,,,,,,unreported,
BTS,male,3,7,2013-06-13,"Bighit,HYBE",The Wings Tour,world tour,end stage,2017-06-20,Tue,2017-06-22,Thu,3,Asia,Japan,Saitama,Saitama Super Arena,arena,22500,,,,,,,,unreported,
BTS,male,3,7,2013-06-13,"Bighit,HYBE",The Wings Tour,world tour,end stage,2017-06-24,Sat,2017-06-25,Sun,2,Asia,Japan,Fukuoka,Marine Messe,arena,15000,,,,,,,,unreported,
BTS,male,3,7,2013-06-13,"Bighit,HYBE",The Wings Tour,world tour,end stage,2017-07-01,Sat,2017-07-02,Sun,2,Asia,Japan,Sapporo,Makomanai Ice Arena,arena,10024,,,,,,,,unreported,
BTS,male,3,7,2013-06-13,"Bighit,HYBE",The Wings Tour,world tour,end stage,2017-10-14,Sat,2017-10-15,Sun,2,Asia,Japan,Osaka,Kyocera Dome,stadium,55000,,,,,,,,unreported,
BTS,male,3,7,2013-06-13,"Bighit,HYBE",The Wings Tour,world tour,end stage,2017-10-21,Sat,2017-10-22,Sun,2,Asia,Taiwan,Taoyuan,NTSU Arena,arena,15000,,,,,,,,unreported,
BTS,male,3,7,2013-06-13,"Bighit,HYBE",The Wings Tour,world tour,end stage,2017-11-04,Sat,2017-11-04,Sat,1,Asia,Macau,Macau,Venetian Arena,arena,14000,,,,,,,,unreported,
BTS,male,3,7,2013-06-13,"Bighit,HYBE",The Wings Tour,world tour,end stage,2017-12-08,Fri,2017-12-10,Sun,3,Asia,South Korea,Seoul,Gocheok Sky Dome,stadium,16744,,,,,,,,unreported,
BTS,male,3,7,2013-06-13,"Bighit,HYBE",Love Yourself,world tour,end stage,2018-08-25,Sat,2018-08-26,Sun,2,Asia,South Korea,Seoul,Seoul Olympic Stadium,stadium,65599,85366,0.6507,85366,1.0000,8524155.00,99.85,Touring Data,reported,
BTS,male,3,7,2013-06-13,"Bighit,HYBE",Love Yourself,world tour,end stage,2018-09-05,Wed,2018-09-09,Sun,4,North America,United States,Los Angeles,Crypto.com Arena,stadium,20000,56220,0.7028,56220,1.0000,8847240.00,157.37,Touring Data,reported,
BTS,male,3,7,2013-06-13,"Bighit,HYBE",Love Yourself,world tour,end stage,2018-09-12,Wed,2018-09-12,Wed,1,North America,United States,Oakland,Oakland Arena,arena,19596,10743,0.5482,10743,1.0000,1737750.00,161.76,Touring Data,reported,
BTS,male,3,7,2013-06-13,"Bighit,HYBE",Love Yourself,world tour,end stage,2018-09-15,Sat,2018-09-16,Sun,2,North America,United States,Fort Worth,Fort Worth Convention Center,arena,13500,17452,0.6464,17452,1.0000,2908880.00,166.68,Touring Data,reported,
BTS,male,3,7,2013-06-13,"Bighit,HYBE",Love Yourself,world tour,end stage,2018-09-20,Thu,2018-09-23,Sun,3,North America,Canada,Hamilton,TD Coliseum,arena,18000,35574,0.6588,35574,1.0000,4957155.00,139.35,Touring Data,reported,
BTS,male,3,7,2013-06-13,"Bighit,HYBE",Love Yourself,world tour,end stage,2018-09-28,Fri,2018-09-29,Sat,2,North America,United States,Newark,Prudential Center,arena,17000,25236,0.7422,25236,1.0000,4213120.00,166.95,Touring Data,reported,
BTS,male,3,7,2013-06-13,"Bighit,HYBE",Love Yourself,world tour,end stage,2018-10-02,Tue,2018-10-03,Wed,2,North America,United States,Chicago,United Center,arena,23500,27880,0.5932,27880,1.0000,4264960.00,152.98,Touring Data,reported,
BTS,male,3,7,2013-06-13,"Bighit,HYBE",Love Yourself,world tour,end stage,2018-10-06,Sat,2018-10-06,Sat,1,North America,United States,New York,Citi Field,stadium,41922,34327,0.8188,34327,1.0000,4754168.00,138.50,Touring Data,reported,
BTS,male,3,7,2013-06-13,"Bighit,HYBE",Love Yourself,world tour,end stage,2018-10-09,Tue,2018-10-10,Wed,2,Europe,England,London,The O2 Arena,arena,20000,31475,0.7869,31475,1.0000,4943140.00,157.05,Touring Data,reported,
BTS,male,3,7,2013-06-13,"Bighit,HYBE",Love Yourself,world tour,end stage,2018-10-13,Sat,2018-10-13,Sat,1,Europe,Netherlands,Amsterdam,Ziggo Dome,arena,17000,13893,0.8172,13893,1.0000,2250970.00,162.02,Touring Data,reported,
BTS,male,3,7,2013-06-13,"Bighit,HYBE",Love Yourself,world tour,end stage,2018-10-16,Tue,2018-10-17,Wed,2,Europe,Germany,Berlin,Uber Arena,arena,17000,24384,0.7172,24384,1.0000,4305329.00,176.56,Touring Data,reported,
BTS,male,3,7,2013-06-13,"Bighit,HYBE",Love Yourself,world tour,end stage,2018-10-19,Fri,2018-10-20,Sat,2,Europe,France,Paris,Accor Arena,arena,20300,28149,0.6933,28149,1.0000,4579172.00,162.68,Touring Data,reported,
BTS,male,3,7,2013-06-13,"Bighit,HYBE",Love Yourself,world tour,end stage,2018-11-13,Tue,2018-11-14,Wed,2,Asia,Japan,Tokyo,Tokyo Dome,stadium,55000,95939,0.8722,95939,1.0000,9276590.00,96.69,Touring Data,reported,
BTS,male,3,7,2013-06-13,"Bighit,HYBE",Love Yourself,world tour,end stage,2018-11-21,Wed,2018-11-24,Sat,3,Asia,Japan,Osaka,Kyocera Dome,stadium,55000,109679,0.6647,109679,1.0000,10601063.00,96.66,Touring Data,reported,
BTS,male,3,7,2013-06-13,"Bighit,HYBE",Love Yourself,world tour,end stage,2018-12-08,Sat,2018-12-09,Sun,2,Asia,Taiwan,Taoyuan,Rakuten Taoyuan Baseball Stadium,stadium,18000,50144,1.3929,50144,1.0000,8712748.00,173.75,Touring Data,reported,
BTS,male,3,7,2013-06-13,"Bighit,HYBE",Love Yourself,world tour,end stage,2019-01-12,Sat,2019-01-13,Sun,2,Asia,Japan,Nagoya,Vantelin Dome,stadium,36418,79621,1.0932,79621,1.0000,7692562.00,96.61,Touring Data,reported,
BTS,male,3,7,2013-06-13,"Bighit,HYBE",Love Yourself,world tour,end stage,2019-01-19,Sat,2019-01-19,Sat,1,Asia,Singapore,Singapore,Singapore National Stadium,stadium,55000,39946,0.7263,39946,1.0000,7061854.00,176.79,Touring Data,reported,
BTS,male,3,7,2013-06-13,"Bighit,HYBE",Love Yourself,world tour,end stage,2019-02-16,Sat,2019-02-17,Sun,2,Asia,Japan,Fukuoka,PayPay Dome,stadium,47500,72801,0.7663,72801,1.0000,7035557.00,96.64,Touring Data,reported,
BTS,male,3,7,2013-06-13,"Bighit,HYBE",Love Yourself,world tour,end stage,2019-03-20,Wed,2019-03-24,Sun,4,Asia,Hong Kong,Hong Kong,AsiaWorld–Expo,arena,14000,46630,0.8327,46630,1.0000,9025860.00,193.56,Touring Data,reported,
BTS,male,3,7,2013-06-13,"Bighit,HYBE",Love Yourself,world tour,end stage,2019-04-06,Sat,2019-04-07,Sun,2,Asia,Thailand,Bangkok,Rajamangala Stadium,stadium,51560,77634,0.7529,68900,0.8875,15070360.00,218.73,Touring Data,reported,
BTS,male,3,7,2013-06-13,"Bighit,HYBE",Love Yourself,world tour,end stage,2019-05-04,Sat,2019-05-05,Sun,2,North America,United States,Pasadena,Rose Bowl,concert hall,,113040,,113040,1.0000,16557515.00,146.47,Touring Data,reported,
BTS,male,3,7,2013-06-13,"Bighit,HYBE",Love Yourself,world tour,end stage,2019-05-11,Sat,2019-05-12,Sun,2,North America,United States,Chicago,Soldier Field,stadium,62500,98574,0.7886,98574,1.0000,13345795.00,135.39,Touring Data,reported,
BTS,male,3,7,2013-06-13,"Bighit,HYBE",Love Yourself,world tour,end stage,2019-05-18,Sat,2019-05-19,Sun,2,North America,United States,East Rutherford,MetLife Stadium,stadium,82500,98574,0.5974,98574,1.0000,14050410.00,142.54,Touring Data,reported,
BTS,male,3,7,2013-06-13,"Bighit,HYBE",Love Yourself,world tour,end stage,2019-05-25,Sat,2019-05-26,Sun,2,South America,Brazil,São Paulo,Allianz Parque,stadium,55000,84728,0.7703,84728,1.0000,7712318.00,91.02,Touring Data,reported,
BTS,male,3,7,2013-06-13,"Bighit,HYBE",Love Yourself,world tour,end stage,2019-06-01,Sat,2019-06-02,Sun,2,Europe,England,London,Wembley Stadium,stadium,90000,114583,0.6366,114583,1.0000,13545702.00,118.22,Touring Data,reported,
BTS,male,3,7,2013-06-13,"Bighit,HYBE",Love Yourself,world tour,end stage,2019-06-07,Fri,2019-06-08,Sat,2,Europe,France,Paris,Stade de France,stadium,81338,107328,0.6598,107328,1.0000,13728598.00,127.91,Touring Data,reported,
BTS,male,3,7,2013-06-13,"Bighit,HYBE",Love Yourself,world tour,end stage,2019-07-06,Sat,2019-07-07,Sun,2,Asia,Japan,Osaka,Nagai Stadium,stadium,47853,101554,1.0611,101554,1.0000,9832610.00,96.82,Touring Data,reported,
BTS,male,3,7,2013-06-13,"Bighit,HYBE",Love Yourself,world tour,end stage,2019-07-13,Sat,2019-07-14,Sun,2,Asia,Japan,Shizuoka,Shizuoka Stadium ECOPA,stadium,50889,107153,1.0528,107153,1.0000,10486317.00,97.86,Touring Data,reported,
BTS,male,3,7,2013-06-13,"Bighit,HYBE",Love Yourself,world tour,end stage,2019-10-11,Fri,2019-10-11,Fri,1,Middle East,Saudi Arabia,Riyadh,King Fahd Sports City Stadium,stadium,58398,37140,0.6360,31899,0.8589,4381560.00,137.36,Touring Data,reported,
BTS,male,3,7,2013-06-13,"Bighit,HYBE",Love Yourself,world tour,end stage,2019-10-26,Sat,2019-10-29,Tue,3,Asia,South Korea,Seoul,Seoul Olympic Stadium,stadium,65599,129268,0.6569,129268,1.0000,12109026.00,93.67,Touring Data,reported,
BTS,male,3,7,2013-06-13,"Bighit,HYBE",Permission to Dance on Stage,american tour,end stage,2021-11-27,Sat,2021-11-28,Sun,2,North America,United States,Inglewood,SoFi Stadium,stadium,70240,106294,0.7566,106294,1.0000,16499580.00,155.23,Touring Data,reported,
BTS,male,3,7,2013-06-13,"Bighit,HYBE",Permission to Dance on Stage,american tour,end stage,2021-12-01,Wed,2021-12-02,Thu,2,North America,United States,Inglewood,SoFi Stadium,stadium,70240,107458,0.7649,107458,1.0000,16816765.00,156.50,Touring Data,reported,
BTS,male,3,7,2013-06-13,"Bighit,HYBE",Permission to Dance on Stage,american tour,end stage,2022-03-10,Thu,2022-03-13,Sun,3,Asia,South Korea,Seoul,Seoul Olympic Stadium,stadium,65599,44696,0.2271,44696,1.0000,5877261.00,131.49,Touring Data,reported,
BTS,male,3,7,2013-06-13,"Bighit,HYBE",Permission to Dance on Stage,american tour,end stage,2022-04-08,Fri,2022-04-09,Sat,2,North America,United States,Las Vegas,Allegiant Stadium,stadium,65000,99277,0.7637,99277,1.0000,17887015.00,180.17,Touring Data,reported,
BTS,male,3,7,2013-06-13,"Bighit,HYBE",Permission to Dance on Stage,american tour,end stage,2022-04-15,Fri,2022-04-16,Sat,2,North America,United States,Las Vegas,Allegiant Stadium,stadium,65000,100420,0.7725,100420,1.0000,18057835.00,179.82,Touring Data,reported,
BTS,male,3,7,2013-06-13,"Bighit,HYBE",Arirang,world tour,center stage,2026-04-09,Thu,2026-04-12,Sun,3,Asia,South Korea,Goyang,Goyang Stadium,stadium,41311,127218,1.0265,127218,1.0000,16926800.00,139.36,Touring Data,reported,
BTS,male,3,7,2013-06-13,"Bighit,HYBE",Arirang,world tour,center stage,2026-04-17,Fri,2026-04-18,Sat,2,Asia,Japan,Tokyo,Tokyo Dome,stadium,55000,96178,0.8743,96178,1.0000,18602097.00,193.41,Touring Data,reported,
BTS,male,3,7,2013-06-13,"Bighit,HYBE",Arirang,world tour,center stage,2026-04-25,Sat,2026-04-28,Tue,3,North America,United States,Tampa,Raymond James Stadium,stadium,69218,194335,0.9359,194335,1.0000,40736442.00,209.62,Touring Data,reported,
BTS,male,3,7,2013-06-13,"Bighit,HYBE",Arirang,world tour,center stage,2026-05-02,Sat,2026-05-03,Sun,2,North America,United States,El Paso,Sun Bowl,stadium,45971,97722,1.0629,97722,1.0000,20018655.00,204.85,Touring Data,reported,
BTS,male,3,7,2013-06-13,"Bighit,HYBE",Arirang,world tour,center stage,2026-05-07,Thu,2026-05-10,Sun,3,North America,Mexico,Mexico City,Estadio GNP Seguros,stadium,65000,145763,0.7475,145763,1.0000,43477766.00,298.28,Pollstar,reported,
BTS,male,3,7,2013-06-13,"Bighit,HYBE",Arirang,world tour,center stage,2026-05-16,Sat,2026-05-19,Tue,3,North America,United States,Stanford,Stanford Stadium,stadium,50424,170721,1.1286,170721,1.0000,,,Touring Data,parcial,
BTS,male,3,7,2013-06-13,"Bighit,HYBE",Arirang,world tour,center stage,2026-05-23,Sat,2026-05-28,Thu,4,North America,United States,Las Vegas,Allegiant Stadium,stadium,65000,241820,0.9301,241820,1.0000,,,Touring Data,parcial,
BTS,male,3,7,2013-06-13,"Bighit,HYBE",Arirang,world tour,center stage,2026-06-26,Fri,2026-06-27,Sat,2,Europe,Spain,Madrid,Estadio Metropolitano,stadium,60000,,,,,,,,unreported,
BTS,male,3,7,2013-06-13,"Bighit,HYBE",Arirang,world tour,center stage,2026-07-01,Wed,2026-07-02,Thu,2,Europe,Belgium,Brussels,King Baudouin Stadium,stadium,50093,,,,,,,,unreported,
BTS,male,3,7,2013-06-13,"Bighit,HYBE",Arirang,world tour,center stage,2026-07-06,Mon,2026-07-07,Tue,2,Europe,England,London,Tottenham Hotspur Stadium,stadium,62850,,,,,,,,unreported,
BTS,male,3,7,2013-06-13,"Bighit,HYBE",Arirang,world tour,center stage,2026-07-11,Sat,2026-07-12,Sun,2,Europe,Germany,Munich,Allianz Arena,stadium,70000,,,,,,,,unreported,
BTS,male,3,7,2013-06-13,"Bighit,HYBE",Arirang,world tour,center stage,2026-07-17,Fri,2026-07-18,Sat,2,Europe,France,Paris,Stade de France,stadium,81338,,,,,,,,unreported,
BTS,male,3,7,2013-06-13,"Bighit,HYBE",Arirang,world tour,center stage,2026-08-01,Sat,2026-08-02,Sun,2,North America,United States,East Rutherford,MetLife Stadium,stadium,82500,162194,0.9830,162194,1.0000,,,Touring Data,parcial,
BTS,male,3,7,2013-06-13,"Bighit,HYBE",Arirang,world tour,center stage,2026-08-05,Wed,2026-08-06,Thu,2,North America,United States,Foxborough,Gillette Stadium,stadium,64628,138276,1.0698,138276,1.0000,,,Touring Data,parcial,
BTS,male,3,7,2013-06-13,"Bighit,HYBE",Arirang,world tour,center stage,2026-08-10,Mon,2026-08-11,Tue,2,North America,United States,Baltimore,M&T Bank Stadium,stadium,70745,,,,,,,,unreported,
BTS,male,3,7,2013-06-13,"Bighit,HYBE",Arirang,world tour,center stage,2026-08-15,Sat,2026-08-16,Sun,2,North America,United States,Arlington,AT&T Stadium,stadium,100000,,,,,,,,unreported,
BTS,male,3,7,2013-06-13,"Bighit,HYBE",Arirang,world tour,center stage,2026-08-22,Sat,2026-08-23,Sun,2,North America,Canada,Toronto,Rogers Stadium,stadium,50000,101094,1.0109,101094,1.0000,,,Touring Data,parcial,
BTS,male,3,7,2013-06-13,"Bighit,HYBE",Arirang,world tour,center stage,2026-08-27,Thu,2026-08-28,Fri,2,North America,United States,Chicago,Soldier Field,stadium,62500,124242,0.9939,124242,1.0000,,,Touring Data,parcial,
BTS,male,3,7,2013-06-13,"Bighit,HYBE",Arirang,world tour,center stage,2026-09-01,Tue,2026-09-06,Sun,4,North America,United States,Inglewood,SoFi Stadium,stadium,70240,287800,1.0243,287800,1.0000,,,,parcial,
BTS,male,3,7,2013-06-13,"Bighit,HYBE",Arirang,world tour,center stage,2026-10-28,Wed,2026-10-31,Sat,3,South America,Brazil,São Paulo,MorumBIS,stadium,72039,,,,,,,,unreported,
BTS,male,3,7,2013-06-13,"Bighit,HYBE",Arirang,world tour,center stage,2026-12-17,Thu,2026-12-22,Tue,4,Asia,Singapore,Singapore,Singapore National Stadium,stadium,55000,,,,,,,,unreported,
ENHYPEN,male,4,6,2020-11-30,"Belift,HYBE",Manifesto,world tour,end stage,2022-09-17,Sat,2022-09-18,Sun,2,Asia,South Korea,Seoul,Handball Gymnasium,arena,6500,7966,0.6128,7966,1.0000,707381.00,88.80,Touring Data,reported,
ENHYPEN,male,4,6,2020-11-30,"Belift,HYBE",Manifesto,world tour,end stage,2022-10-02,Sun,2022-10-03,Mon,2,North America,United States,Anaheim,Honda Center,theater,10935,20565,0.9403,19826,0.9641,2400595.00,121.08,Touring Data,reported,
ENHYPEN,male,4,6,2020-11-30,"Belift,HYBE",Manifesto,world tour,end stage,2022-10-06,Thu,2022-10-06,Thu,1,North America,United States,Fort Worth,Dickies Arena,arena,14000,11231,0.8022,10043,0.8943,1392457.00,138.65,Touring Data,reported,
ENHYPEN,male,4,6,2020-11-30,"Belift,HYBE",Manifesto,world tour,end stage,2022-10-08,Sat,2022-10-08,Sat,1,North America,United States,Sugar Land,Smart Financial Centre,concert hall,6400,6122,0.9566,6122,1.0000,818798.00,133.75,Touring Data,reported,
ENHYPEN,male,4,6,2020-11-30,"Belift,HYBE",Manifesto,world tour,end stage,2022-10-11,Tue,2022-10-11,Tue,1,North America,United States,Duluth,Gas South Arena,arena,13100,9833,0.7506,8515,0.8660,1230295.00,144.49,Touring Data,reported,
ENHYPEN,male,4,6,2020-11-30,"Belift,HYBE",Manifesto,world tour,end stage,2022-10-13,Thu,2022-10-13,Thu,1,North America,United States,Chicago,Wintrust Arena,arena,10387,6011,0.5787,5961,0.9917,877139.00,147.15,Touring Data,reported,
ENHYPEN,male,4,6,2020-11-30,"Belift,HYBE",Manifesto,world tour,end stage,2022-10-15,Sat,2022-10-15,Sat,1,North America,United States,New York,Radio City,theater,5960,5577,0.9357,5577,1.0000,792693.00,142.14,Touring Data,reported,
ENHYPEN,male,4,6,2020-11-30,"Belift,HYBE",Manifesto,world tour,end stage,2022-11-01,Tue,2022-11-02,Wed,2,Asia,Japan,Nagoya,Nippon Gaishi Hall,arena,10000,17019,0.8510,17019,1.0000,1168545.00,68.66,Touring Data,reported,
ENHYPEN,male,4,6,2020-11-30,"Belift,HYBE",Manifesto,world tour,end stage,2022-11-09,Wed,2022-11-10,Thu,2,Asia,Japan,Osaka,Osaka-jō Hall,arena,16000,18800,0.5875,18800,1.0000,1279367.00,68.05,Touring Data,reported,
ENHYPEN,male,4,6,2020-11-30,"Belift,HYBE",Manifesto,world tour,end stage,2022-11-15,Tue,2022-11-16,Wed,2,Asia,Japan,Yokohama,Yokohama Arena,arena,17000,22723,0.6683,22723,1.0000,1643216.00,72.32,Touring Data,reported,
ENHYPEN,male,4,6,2020-11-30,"Belift,HYBE",Manifesto,world tour,end stage,2023-01-21,Sat,2023-01-22,Sun,2,Asia,Japan,Osaka,Kyocera Dome,stadium,55000,80371,0.7306,80371,1.0000,6001960.00,74.68,Touring Data,reported,
ENHYPEN,male,4,6,2020-11-30,"Belift,HYBE",Manifesto,world tour,end stage,2023-01-28,Sat,2023-01-29,Sun,2,Asia,Thailand,Bangkok,IMPACT Arena,arena,12000,19400,0.8083,19400,1.0000,2732247.00,140.84,Touring Data,reported,
ENHYPEN,male,4,6,2020-11-30,"Belift,HYBE",Manifesto,world tour,end stage,2023-02-03,Fri,2023-02-05,Sun,3,Asia,Philippines,Pasay,SM Mall of Asia Arena,arena,15000,25650,0.5700,25650,1.0000,4552246.00,177.48,Touring Data,reported,
ENHYPEN,male,4,6,2020-11-30,"Belift,HYBE",Fate,world tour,end stage,2023-07-29,Sat,2023-07-30,Sun,2,Asia,South Korea,Seoul,KSPO Dome,arena,15000,15376,0.5125,15376,1.0000,1968770.00,128.04,Touring Data,reported,
ENHYPEN,male,4,6,2020-11-30,"Belift,HYBE",Fate,world tour,end stage,2023-09-02,Sat,2023-09-03,Sun,2,Asia,Japan,Osaka,Kyocera Dome,stadium,55000,68589,0.6235,60495,0.8820,5491166.00,90.77,Touring Data,reported,
ENHYPEN,male,4,6,2020-11-30,"Belift,HYBE",Fate,world tour,end stage,2023-09-13,Wed,2023-09-14,Thu,2,Asia,Japan,Tokyo,Tokyo Dome,stadium,55000,86767,0.7888,76571,0.8825,6892596.00,90.02,Touring Data,reported,
ENHYPEN,male,4,6,2020-11-30,"Belift,HYBE",Fate,world tour,end stage,2023-10-06,Fri,2023-10-06,Fri,1,North America,United States,Carson,Dignity Health Sports Park,stadium,27000,22446,0.8313,22446,1.0000,3627067.00,161.59,Touring Data,reported,
ENHYPEN,male,4,6,2020-11-30,"Belift,HYBE",Fate,world tour,end stage,2023-10-10,Tue,2023-10-10,Tue,1,North America,United States,Glendale,Desert Diamond Arena,arena,19000,9699,0.5105,8551,0.8817,1496035.00,174.95,Touring Data,reported,
ENHYPEN,male,4,6,2020-11-30,"Belift,HYBE",Fate,world tour,end stage,2023-10-13,Fri,2023-10-13,Fri,1,North America,United States,Houston,Toyota Center,arena,19000,10253,0.5396,9405,0.9173,1698118.00,180.55,Touring Data,reported,
ENHYPEN,male,4,6,2020-11-30,"Belift,HYBE",Fate,world tour,end stage,2023-10-14,Sat,2023-10-14,Sat,1,North America,United States,Dallas,American Airlines Center,arena,21000,11687,0.5565,11687,1.0000,2343028.00,200.48,Touring Data,reported,
ENHYPEN,male,4,6,2020-11-30,"Belift,HYBE",Fate,world tour,end stage,2023-10-18,Wed,2023-10-19,Thu,2,North America,United States,Newark,Prudential Center,arena,17000,22450,0.6603,20052,0.8932,3849109.00,191.96,Touring Data,reported,
ENHYPEN,male,4,6,2020-11-30,"Belift,HYBE",Fate,world tour,end stage,2023-10-22,Sun,2023-10-22,Sun,1,North America,United States,Chicago,United Center,arena,23500,12748,0.5425,12748,1.0000,2484011.00,194.85,Touring Data,reported,
ENHYPEN,male,4,6,2020-11-30,"Belift,HYBE",Fate,world tour,end stage,2024-01-13,Sat,2024-01-14,Sun,2,Asia,Taiwan,Taoyuan,NTSU Arena,arena,15000,19006,0.6335,15712,0.8267,2547829.00,162.16,Touring Data,reported,
ENHYPEN,male,4,6,2020-11-30,"Belift,HYBE",Fate,world tour,end stage,2024-01-20,Sat,2024-01-21,Sun,2,Asia,Singapore,Singapore,Singapore Indoor Stadium,arena,9000,17374,0.9652,17374,1.0000,3637847.00,209.38,Touring Data,reported,
ENHYPEN,male,4,6,2020-11-30,"Belift,HYBE",Fate,world tour,end stage,2024-01-26,Fri,2024-01-28,Sun,3,Asia,Macau,Macau,Galaxy Arena,arena,16000,31363,0.6534,31363,1.0000,6847249.00,218.32,Touring Data,reported,
ENHYPEN,male,4,6,2020-11-30,"Belift,HYBE",Fate,world tour,end stage,2024-02-03,Sat,2024-02-03,Sat,1,Asia,Philippines,New Clark City,New Clark Stadium,stadium,20000,23850,1.1925,23764,0.9964,4135557.00,174.03,Touring Data,reported,
ENHYPEN,male,4,6,2020-11-30,"Belift,HYBE",Fate,world tour,end stage,2024-02-23,Fri,2024-02-25,Sun,3,Asia,South Korea,Seoul,KSPO Dome,arena,15000,25501,0.5667,25077,0.9834,2830514.00,112.87,Touring Data,reported,
ENHYPEN,male,4,6,2020-11-30,"Belift,HYBE",Fate,world tour,end stage,2024-04-24,Wed,2024-04-24,Wed,1,North America,United States,Anaheim,Honda Center,theater,10935,11108,1.0158,11108,1.0000,2598603.00,233.94,Touring Data,reported,
ENHYPEN,male,4,6,2020-11-30,"Belift,HYBE",Fate,world tour,end stage,2024-04-26,Fri,2024-04-26,Fri,1,North America,United States,Oakland,Oakland Arena,arena,19596,11950,0.6098,11950,1.0000,2249735.00,188.26,Touring Data,reported,
ENHYPEN,male,4,6,2020-11-30,"Belift,HYBE",Fate,world tour,end stage,2024-04-28,Sun,2024-04-28,Sun,1,North America,United States,Tacoma,Tacoma Dome,arena,21000,15684,0.7469,15684,1.0000,2461058.00,156.92,Touring Data,reported,
ENHYPEN,male,4,6,2020-11-30,"Belift,HYBE",Fate,world tour,end stage,2024-05-01,Wed,2024-05-01,Wed,1,North America,United States,Rosemont,Allstate Arena,arena,22000,11428,0.5195,11428,1.0000,2066844.00,180.86,Touring Data,reported,
ENHYPEN,male,4,6,2020-11-30,"Belift,HYBE",Fate,world tour,end stage,2024-05-03,Fri,2024-05-03,Fri,1,North America,United States,New York,UBS Arena,arena,19000,12224,0.6434,12224,1.0000,2378288.00,194.56,Touring Data,reported,
ENHYPEN,male,4,6,2020-11-30,"Belift,HYBE",Fate,world tour,end stage,2024-06-11,Tue,2024-06-13,Thu,3,Asia,Japan,Saitama,Saitama Super Arena,arena,22500,53269,0.7892,51649,0.9696,4221912.00,81.74,Touring Data,reported,
ENHYPEN,male,4,6,2020-11-30,"Belift,HYBE",Fate,world tour,end stage,2024-06-19,Wed,2024-06-20,Thu,2,Asia,Japan,Fukuoka,Marine Messe,arena,15000,21368,0.7123,20323,0.9511,1719967.00,84.63,Touring Data,reported,
ENHYPEN,male,4,6,2020-11-30,"Belift,HYBE",Fate,world tour,end stage,2024-06-26,Wed,2024-06-27,Thu,2,Asia,Japan,Hiroshima,Hiroshima Green Arena,arena,10000,13639,0.6820,13639,1.0000,1141944.00,83.73,Touring Data,reported,
ENHYPEN,male,4,6,2020-11-30,"Belift,HYBE",Fate,world tour,end stage,2024-08-17,Sat,2024-08-18,Sun,2,Asia,Indonesia,Jakarta,Indonesia Arena,arena,16500,21071,0.6385,21071,1.0000,3471216.00,164.74,Touring Data,reported,
ENHYPEN,male,4,6,2020-11-30,"Belift,HYBE",Fate,world tour,end stage,2024-08-24,Sat,2024-08-25,Sun,2,Asia,Japan,Nagoya,Portmesse Nagoya,concert hall,15000,23011,0.7670,23011,1.0000,2545276.00,110.61,Touring Data,reported,
ENHYPEN,male,4,6,2020-11-30,"Belift,HYBE",Fate,world tour,end stage,2024-08-31,Sat,2024-09-01,Sun,2,Asia,Japan,Miyagi,Sekisui Heim Super Arena,arena,7063,15689,1.1106,15689,1.0000,1801123.00,114.80,Touring Data,reported,
ENHYPEN,male,4,6,2020-11-30,"Belift,HYBE",Walk The Line,world tour,end stage,2024-10-05,Sat,2024-10-06,Sun,2,Asia,South Korea,Goyang,Goyang Stadium,stadium,41311,19702,0.2385,16640,0.8446,2024293.00,121.65,Touring Data,reported,
ENHYPEN,male,4,6,2020-11-30,"Belift,HYBE",Walk The Line,world tour,end stage,2024-11-09,Sat,2024-11-10,Sun,2,Asia,Japan,Saitama,Belluna Dome,stadium,31552,61322,0.9718,59948,0.9776,6457679.00,107.72,Touring Data,reported,
ENHYPEN,male,4,6,2020-11-30,"Belift,HYBE",Walk The Line,world tour,end stage,2024-12-28,Sat,2024-12-29,Sun,2,Asia,Japan,Fukuoka,PayPay Dome,stadium,47500,55300,0.5821,50345,0.9104,5241660.00,104.11,Touring Data,reported,
ENHYPEN,male,4,6,2020-11-30,"Belift,HYBE",Walk The Line,world tour,end stage,2025-01-25,Sat,2025-01-26,Sun,2,Asia,Japan,Osaka,Kyocera Dome,stadium,55000,75981,0.6907,75981,1.0000,7690681.00,101.22,Touring Data,reported,
ENHYPEN,male,4,6,2020-11-30,"Belift,HYBE",Walk The Line,world tour,end stage,2025-03-01,Sat,2025-03-01,Sat,1,Asia,Philippines,Bulacan,Philippine Sports Stadium,stadium,25000,20733,0.8293,19482,0.9397,4221469.00,216.69,Touring Data,reported,
ENHYPEN,male,4,6,2020-11-30,"Belift,HYBE",Walk The Line,world tour,end stage,2025-06-21,Sat,2025-06-21,Sat,1,Asia,Thailand,Bangkok,Rajamangala Stadium,stadium,51560,30418,0.5900,29882,0.9824,5072390.00,169.75,Touring Data,reported,
ENHYPEN,male,4,6,2020-11-30,"Belift,HYBE",Walk The Line,world tour,end stage,2025-07-05,Sat,2025-07-06,Sun,2,Asia,Japan,Tokyo,Ajinomoto Stadium,stadium,49970,84855,0.8491,77820,0.9171,9329112.00,119.88,Touring Data,reported,
ENHYPEN,male,4,6,2020-11-30,"Belift,HYBE",Walk The Line,world tour,end stage,2025-08-02,Sat,2025-08-03,Sun,2,Asia,Japan,Osaka,Nagai Stadium,stadium,47853,85868,0.8972,85868,1.0000,8374014.00,97.52,Touring Data,reported,
ENHYPEN,male,4,6,2020-11-30,"Belift,HYBE",Walk The Line,world tour,end stage,2025-08-06,Wed,2025-08-07,Thu,2,North America,United States,New York,UBS Arena,arena,19000,23510,0.6187,22983,0.9776,4357707.00,189.61,Touring Data,reported,
ENHYPEN,male,4,6,2020-11-30,"Belift,HYBE",Walk The Line,world tour,end stage,2025-08-09,Sat,2025-08-09,Sat,1,North America,United States,Chicago,United Center,arena,23500,12626,0.5373,12626,1.0000,2308207.00,182.81,Touring Data,reported,
ENHYPEN,male,4,6,2020-11-30,"Belift,HYBE",Walk The Line,world tour,end stage,2025-08-12,Tue,2025-08-13,Wed,2,North America,United States,Houston,Toyota Center,arena,19000,21750,0.5724,18859,0.8671,3679008.00,195.08,Touring Data,reported,
ENHYPEN,male,4,6,2020-11-30,"Belift,HYBE",Walk The Line,world tour,end stage,2025-08-16,Sat,2025-08-16,Sat,1,North America,United States,Los Angeles,BMO Stadium,stadium,22000,22510,1.0232,22298,0.9906,4120721.00,184.80,Touring Data,reported,
ENHYPEN,male,4,6,2020-11-30,"Belift,HYBE",Walk The Line,world tour,end stage,2025-08-22,Fri,2025-08-22,Fri,1,Europe,England,London,The O2 Arena,arena,20000,,,,,,,,unreported,
ENHYPEN,male,4,6,2020-11-30,"Belift,HYBE",Walk The Line,world tour,end stage,2025-08-25,Mon,2025-08-25,Mon,1,Europe,England,Manchester,AO Arena,arena,21000,,,,,,,,unreported,
ENHYPEN,male,4,6,2020-11-30,"Belift,HYBE",Walk The Line,world tour,end stage,2025-08-28,Thu,2025-08-28,Thu,1,Europe,Netherlands,Amsterdam,Ziggo Dome,arena,17000,,,,,,,,unreported,
ENHYPEN,male,4,6,2020-11-30,"Belift,HYBE",Walk The Line,world tour,end stage,2025-08-30,Sat,2025-08-30,Sat,1,Europe,Belgium,Brussels,ING Arena,arena,15000,,,,,,,,unreported,
ENHYPEN,male,4,6,2020-11-30,"Belift,HYBE",Walk The Line,world tour,end stage,2025-09-01,Mon,2025-09-01,Mon,1,Europe,Germany,Berlin,Uber Arena,arena,17000,,,,,,,,unreported,
ENHYPEN,male,4,6,2020-11-30,"Belift,HYBE",Walk The Line,world tour,end stage,2025-09-03,Wed,2025-09-03,Wed,1,Europe,France,Paris,Accor Arena,arena,20300,,,,,,,,unreported,
ENHYPEN,male,4,6,2020-11-30,"Belift,HYBE",Walk The Line,world tour,end stage,2025-10-03,Fri,2025-10-05,Sun,3,Asia,Singapore,Singapore,Singapore Indoor Stadium,arena,9000,,,,,,,,unreported,
ENHYPEN,male,4,6,2020-11-30,"Belift,HYBE",Walk The Line,world tour,end stage,2025-10-24,Fri,2025-10-26,Sun,3,Asia,South Korea,Seoul,KSPO Dome,arena,15000,,,30797,,3730953.29,121.15,KOPIS,parcial,
ENHYPEN,male,4,6,2020-11-30,"Belift,HYBE",Blood Saga,world tour,end stage,2026-05-01,Fri,2026-05-03,Sun,3,Asia,South Korea,Seoul,KSPO Dome,arena,15000,,,32280,,,,KOPIS,missing,
ENHYPEN,male,4,6,2020-11-30,"Belift,HYBE",Blood Saga,world tour,end stage,2026-07-04,Sat,2026-07-04,Sat,1,South America,Brazil,São Paulo,Allianz Parque,stadium,55000,,,,,,,,unreported,
ENHYPEN,male,4,6,2020-11-30,"Belift,HYBE",Blood Saga,world tour,end stage,2026-07-08,Wed,2026-07-08,Wed,1,South America,Peru,Lima,Estadio San Marcos,stadium,32000,,,,,,,,unreported,
ENHYPEN,male,4,6,2020-11-30,"Belift,HYBE",Blood Saga,world tour,end stage,2026-07-11,Sat,2026-07-14,Tue,3,North America,Mexico,Mexico City,Arena CDMX,arena,22300,,,,,,,,unreported,
ENHYPEN,male,4,6,2020-11-30,"Belift,HYBE",Blood Saga,world tour,end stage,2026-07-17,Fri,2026-07-18,Sat,2,North America,United States,Dallas,American Airlines Center,arena,21000,22724,1.0821,18818,0.8281,,,Touring Data,parcial,
ENHYPEN,male,4,6,2020-11-30,"Belift,HYBE",Blood Saga,world tour,end stage,2026-07-18,Sat,2026-07-29,Wed,2,North America,United States,Oakland,Oakland Arena,arena,19596,,,,,,,,unreported,
ENHYPEN,male,4,6,2020-11-30,"Belift,HYBE",Blood Saga,world tour,end stage,2026-07-21,Tue,2026-07-21,Tue,1,North America,United States,San Diego,Snapdragon Stadium,,,26442,,20956,0.7925,,,Touring Data,parcial,
ENHYPEN,male,4,6,2020-11-30,"Belift,HYBE",Blood Saga,world tour,end stage,2026-07-26,Sun,2026-07-26,Sun,1,North America,United States,Tacoma,Tacoma Dome,arena,21000,,,,,,,,unreported,
ENHYPEN,male,4,6,2020-11-30,"Belift,HYBE",Blood Saga,world tour,end stage,2026-08-01,Sat,2026-08-01,Sat,1,North America,United States,Las Vegas,T-Mobile Arena,arena,20000,,,,,,,,unreported,
ENHYPEN,male,4,6,2020-11-30,"Belift,HYBE",Blood Saga,world tour,end stage,2026-10-17,Sat,2026-10-18,Sun,2,Asia,Macau,Macau,,,,,,,,,,,unreported,
ENHYPEN,male,4,6,2020-11-30,"Belift,HYBE",Blood Saga,world tour,end stage,2026-12-01,Tue,2026-12-02,Wed,2,Asia,Japan,Tokyo,Tokyo Dome,stadium,55000,,,,,,,,unreported,
ENHYPEN,male,4,6,2020-11-30,"Belift,HYBE",Blood Saga,world tour,end stage,2026-12-26,Sat,2026-12-27,Sun,2,Asia,Japan,Nagoya,Vantelin Dome,stadium,36418,,,,,,,,unreported,
ENHYPEN,male,4,6,2020-11-30,"Belift,HYBE",Blood Saga,world tour,end stage,2027-01-23,Sat,2027-01-23,Sat,1,Asia,Indonesia,Jakarta,,,,,,,,,,,unreported,
ENHYPEN,male,4,6,2020-11-30,"Belift,HYBE",Blood Saga,world tour,end stage,2027-02-06,Sat,2027-02-07,Sun,2,Asia,Japan,Fukuoka,PayPay Dome,stadium,47500,,,,,,,,unreported,
ENHYPEN,male,4,6,2020-11-30,"Belift,HYBE",Blood Saga,world tour,end stage,2027-02-19,Fri,2027-02-20,Sat,2,Asia,Japan,Osaka,Kyocera Dome,stadium,55000,,,,,,,,unreported,
ENHYPEN,male,4,6,2020-11-30,"Belift,HYBE",Blood Saga,world tour,end stage,2027-02-24,Wed,2027-02-24,Wed,1,Europe,Italy,Milan,Unipol Dome,arena,16000,,,,,,,,unreported,
ENHYPEN,male,4,6,2020-11-30,"Belift,HYBE",Blood Saga,world tour,end stage,2027-02-27,Sat,2027-02-27,Sat,1,Europe,France,Paris,La Défense Arena,arena,45000,,,,,,,,unreported,
ENHYPEN,male,4,6,2020-11-30,"Belift,HYBE",Blood Saga,world tour,end stage,2027-03-02,Tue,2027-03-02,Tue,1,Europe,Netherlands,Amsterdam,Ziggo Dome,arena,17000,,,,,,,,unreported,
ENHYPEN,male,4,6,2020-11-30,"Belift,HYBE",Blood Saga,world tour,end stage,2027-03-05,Fri,2027-03-05,Fri,1,Europe,Germany,Berlin,Uber Arena,arena,17000,,,,,,,,unreported,
ENHYPEN,male,4,6,2020-11-30,"Belift,HYBE",Blood Saga,world tour,end stage,2027-03-09,Tue,2027-03-09,Tue,1,Europe,England,London,The O2 Arena,arena,20000,,,,,,,,unreported,
ENHYPEN,male,4,6,2020-11-30,"Belift,HYBE",Blood Saga,world tour,end stage,2027-03-14,Sun,2027-03-14,Sun,1,Asia,Singapore,Singapore,,,,,,,,,,,unreported,
EXO,male,3,5,2012-04-08,"SM,KAKAO",Exo Planet 2 – The Exo'luxion,world tour,end stage,2015-03-07,Sat,2015-03-15,Sun,5,Asia,South Korea,Seoul,KSPO Dome,arena,15000,,,,,,,,unreported,
EXO,male,3,5,2012-04-08,"SM,KAKAO",Exo Planet 2 – The Exo'luxion,world tour,end stage,2015-05-30,Sat,2015-05-31,Sun,2,Asia,China,Shanghai,Mercedes-Benz Arena,arena,18000,,,,,,,,unreported,
EXO,male,3,5,2012-04-08,"SM,KAKAO",Exo Planet 2 – The Exo'luxion,world tour,end stage,2015-06-12,Fri,2015-06-13,Sat,2,Asia,Taiwan,Taipei,Taipei Arena,stadium,13000,,,,,,,,unreported,
EXO,male,3,5,2012-04-08,"SM,KAKAO",Exo Planet 2 – The Exo'luxion,world tour,end stage,2015-06-20,Sat,2015-06-21,Sun,2,Asia,Thailand,Bangkok,IMPACT Arena,arena,12000,,,,,,,,unreported,
EXO,male,3,5,2012-04-08,"SM,KAKAO",Exo Planet 2 – The Exo'luxion,world tour,end stage,2015-07-18,Sat,2015-07-19,Sun,2,Asia,China,Beijing,Cadillac Arena,arena,19000,,,,,,,,unreported,
EXO,male,3,5,2012-04-08,"SM,KAKAO",Exo Planet 2 – The Exo'luxion,world tour,end stage,2015-08-01,Sat,2015-08-01,Sat,1,Asia,China,Chengdu,Chengdu Sports Centre,stadium,30000,,,,,,,,unreported,
EXO,male,3,5,2012-04-08,"SM,KAKAO",Exo Planet 2 – The Exo'luxion,world tour,end stage,2015-08-16,Sun,2015-08-17,Mon,2,Asia,Hong Kong,Hong Kong,AsiaWorld–Expo,arena,14000,,,,,,,,unreported,
EXO,male,3,5,2012-04-08,"SM,KAKAO",Exo Planet 2 – The Exo'luxion,world tour,end stage,2015-08-22,Sat,2015-08-22,Sat,1,Asia,China,Xi'an,Shaanxi Province Stadium,stadium,42383,,,,,,,,unreported,
EXO,male,3,5,2012-04-08,"SM,KAKAO",Exo Planet 2 – The Exo'luxion,world tour,end stage,2015-09-12,Sat,2015-09-12,Sat,1,Asia,China,Chongqing,Chongqing Olympic Sports Center,stadium,58680,,,,,,,,unreported,
EXO,male,3,5,2012-04-08,"SM,KAKAO",Exo Planet 2 – The Exo'luxion,world tour,end stage,2015-10-17,Sat,2015-10-17,Sat,1,Asia,China,Guangzhou,Guangzhou International Sports Arena,arena,18000,,,,,,,,unreported,
EXO,male,3,5,2012-04-08,"SM,KAKAO",Exo Planet 2 – The Exo'luxion,world tour,end stage,2015-10-31,Sat,2015-11-01,Sun,2,Asia,Japan,Fukuoka,Marine Messe,arena,15000,,,,,,,,unreported,
EXO,male,3,5,2012-04-08,"SM,KAKAO",Exo Planet 2 – The Exo'luxion,world tour,end stage,2015-11-06,Fri,2015-11-08,Sun,3,Asia,Japan,Tokyo,Tokyo Dome,stadium,55000,,,,,,,,unreported,
EXO,male,3,5,2012-04-08,"SM,KAKAO",Exo Planet 2 – The Exo'luxion,world tour,end stage,2015-11-13,Fri,2015-11-15,Sun,3,Asia,Japan,Osaka,Kyocera Dome,stadium,55000,,,,,,,,unreported,
EXO,male,3,5,2012-04-08,"SM,KAKAO",Exo Planet 2 – The Exo'luxion,world tour,end stage,2015-11-21,Sat,2015-11-21,Sat,1,Asia,Macau,Macau,Venetian Arena,arena,14000,,,,,,,,unreported,
EXO,male,3,5,2012-04-08,"SM,KAKAO",Exo Planet 2 – The Exo'luxion,world tour,end stage,2015-12-12,Sat,2015-12-12,Sat,1,Asia,China,Nanjing,Nanjing Olympic Sports Center,arena,13000,,,,,,,,unreported,
EXO,male,3,5,2012-04-08,"SM,KAKAO",Exo Planet 2 – The Exo'luxion,world tour,end stage,2016-01-09,Sat,2016-01-10,Sun,2,Asia,Singapore,Singapore,Singapore Indoor Stadium,arena,9000,,,,,,,,unreported,
EXO,male,3,5,2012-04-08,"SM,KAKAO",Exo Planet 2 – The Exo'luxion,world tour,end stage,2016-01-23,Sat,2016-01-24,Sun,2,Asia,Philippines,Pasay,SM Mall of Asia Arena,arena,15000,,,,,,,,unreported,
EXO,male,3,5,2012-04-08,"SM,KAKAO",Exo Planet 2 – The Exo'luxion,world tour,end stage,2016-02-10,Wed,2016-02-10,Wed,1,North America,United States,Grand Prairie,Texas Trust CU Theatre,concert hall,6350,,,,,,,,unreported,
EXO,male,3,5,2012-04-08,"SM,KAKAO",Exo Planet 2 – The Exo'luxion,world tour,end stage,2016-02-12,Fri,2016-02-12,Fri,1,North America,Canada,Vancouver,UBC Thunderbird Arena,arena,8000,,,,,,,,unreported,
EXO,male,3,5,2012-04-08,"SM,KAKAO",Exo Planet 2 – The Exo'luxion,world tour,end stage,2016-02-14,Sun,2016-02-14,Sun,1,North America,United States,Los Angeles,Memorial Sports Arena,arena,16740,,,,,,,,unreported,
EXO,male,3,5,2012-04-08,"SM,KAKAO",Exo Planet 2 – The Exo'luxion,world tour,end stage,2016-02-19,Fri,2016-02-19,Fri,1,North America,United States,Rosemont,Rosemont Theatre,theater,4400,,,,,,,,unreported,
EXO,male,3,5,2012-04-08,"SM,KAKAO",Exo Planet 2 – The Exo'luxion,world tour,end stage,2016-02-21,Sun,2016-02-21,Sun,1,North America,United States,Newark,Prudential Center,arena,17000,9919,0.5835,9919,1.0000,1418705.00,143.03,Billboard Boxscore,reported,
EXO,male,3,5,2012-04-08,"SM,KAKAO",Exo Planet 2 – The Exo'luxion,world tour,end stage,2016-02-27,Sat,2016-02-27,Sat,1,Asia,Indonesia,Tangerang,ICE BSD,concert hall,,,,,,,,,unreported,
EXO,male,3,5,2012-04-08,"SM,KAKAO",Exo Planet 2 – The Exo'luxion,world tour,end stage,2016-03-05,Sat,2016-03-05,Sat,1,Asia,China,Dalian,Dalian Sports Centre Stadium,arena,18000,,,,,,,,unreported,
EXO,male,3,5,2012-04-08,"SM,KAKAO",Exo Planet 2 – The Exo'luxion,world tour,end stage,2016-03-12,Sat,2016-03-12,Sat,1,Asia,Malaysia,Kuala Lumpur,Stadium Merdeka,stadium,25000,,,,,,,,unreported,
EXO,male,3,5,2012-04-08,"SM,KAKAO",Exo Planet 2 – The Exo'luxion,world tour,end stage,2016-03-18,Fri,2016-03-20,Sun,3,Asia,South Korea,Seoul,KSPO Dome,arena,15000,,,,,,,,unreported,
EXO,male,3,5,2012-04-08,"SM,KAKAO",Exo Planet 3 – The Exo'rdium,world tour,end stage,2016-07-22,Fri,2016-07-31,Sun,6,Asia,South Korea,Seoul,KSPO Dome,arena,15000,,,,,,,,unreported,
EXO,male,3,5,2012-04-08,"SM,KAKAO",Exo Planet 3 – The Exo'rdium,world tour,end stage,2016-09-10,Sat,2016-09-11,Sun,2,Asia,Thailand,Bangkok,IMPACT Arena,arena,12000,,,,,,,,unreported,
EXO,male,3,5,2012-04-08,"SM,KAKAO",Exo Planet 3 – The Exo'rdium,world tour,end stage,2016-09-13,Tue,2016-09-14,Wed,2,Asia,Japan,Hiroshima,Hiroshima Green Arena,arena,10000,,,,,,,,unreported,
EXO,male,3,5,2012-04-08,"SM,KAKAO",Exo Planet 3 – The Exo'rdium,world tour,end stage,2016-09-30,Fri,2016-09-30,Fri,1,Asia,China,Hangzhou,Huanglong Sports Center,arena,8000,,,,,,,,unreported,
EXO,male,3,5,2012-04-08,"SM,KAKAO",Exo Planet 3 – The Exo'rdium,world tour,end stage,2016-10-02,Sun,2016-10-04,Tue,3,Asia,Japan,Fukuoka,Marine Messe,arena,15000,,,,,,,,unreported,
EXO,male,3,5,2012-04-08,"SM,KAKAO",Exo Planet 3 – The Exo'rdium,world tour,end stage,2016-10-12,Wed,2016-10-13,Thu,2,Asia,Japan,Sapporo,Makomanai Ice Arena,arena,10024,,,,,,,,unreported,
EXO,male,3,5,2012-04-08,"SM,KAKAO",Exo Planet 3 – The Exo'rdium,world tour,end stage,2016-11-07,Mon,2016-11-09,Wed,3,Asia,Japan,Nagoya,Nippon Gaishi Hall,arena,10000,,,,,,,,unreported,
EXO,male,3,5,2012-04-08,"SM,KAKAO",Exo Planet 3 – The Exo'rdium,world tour,end stage,2016-11-26,Sat,2016-11-27,Sun,2,Asia,Taiwan,Taipei,Taipei Arena,stadium,13000,,,,,,,,unreported,
EXO,male,3,5,2012-04-08,"SM,KAKAO",Exo Planet 3 – The Exo'rdium,world tour,end stage,2016-11-30,Wed,2016-12-01,Thu,2,Asia,Japan,Tokyo,Tokyo Dome,stadium,55000,,,,,,,,unreported,
EXO,male,3,5,2012-04-08,"SM,KAKAO",Exo Planet 3 – The Exo'rdium,world tour,end stage,2016-12-09,Fri,2016-12-11,Sun,3,Asia,Japan,Osaka,Kyocera Dome,stadium,55000,,,,,,,,unreported,
EXO,male,3,5,2012-04-08,"SM,KAKAO",Exo Planet 3 – The Exo'rdium,world tour,end stage,2017-02-11,Sat,2017-02-12,Sun,2,Asia,Hong Kong,Hong Kong,AsiaWorld–Expo,arena,14000,,,,,,,,unreported,
EXO,male,3,5,2012-04-08,"SM,KAKAO",Exo Planet 3 – The Exo'rdium,world tour,end stage,2017-02-25,Sat,2017-02-26,Sun,2,Asia,Philippines,Manila,Smart Araneta Coliseum,arena,9679,,,,,,,,unreported,
EXO,male,3,5,2012-04-08,"SM,KAKAO",Exo Planet 3 – The Exo'rdium,world tour,end stage,2017-03-18,Sat,2017-03-18,Sat,1,Asia,Malaysia,Kuala Lumpur,Stadium Merdeka,stadium,25000,,,,,,,,unreported,
EXO,male,3,5,2012-04-08,"SM,KAKAO",Exo Planet 3 – The Exo'rdium,world tour,end stage,2017-04-02,Sun,2017-04-02,Sun,1,Asia,Singapore,Singapore,Singapore Indoor Stadium,arena,9000,,,,,,,,unreported,
EXO,male,3,5,2012-04-08,"SM,KAKAO",Exo Planet 3 – The Exo'rdium,world tour,end stage,2017-04-25,Tue,2017-04-25,Tue,1,North America,United States,Newark,Prudential Center,arena,17000,10968,0.6452,5999,0.5470,998411.00,166.43,Billboard Boxscore,reported,
EXO,male,3,5,2012-04-08,"SM,KAKAO",Exo Planet 3 – The Exo'rdium,world tour,end stage,2017-04-27,Thu,2017-04-27,Thu,1,North America,Mexico,Mexico City,Arena CDMX,arena,22300,,,,,,,,unreported,
EXO,male,3,5,2012-04-08,"SM,KAKAO",Exo Planet 3 – The Exo'rdium,world tour,end stage,2017-04-28,Fri,2017-04-28,Fri,1,North America,United States,Inglewood,Kia Forum,arena,17500,9740,0.5566,8668,0.8900,1436158.00,165.69,Billboard Boxscore,reported,
EXO,male,3,5,2012-04-08,"SM,KAKAO",Exo Planet 3 – The Exo'rdium,world tour,end stage,2017-05-27,Sat,2017-05-28,Sun,2,Asia,South Korea,Seoul,Seoul Olympic Stadium,stadium,65599,,,,,,,,unreported,
EXO,male,3,5,2012-04-08,"SM,KAKAO",Exo Planet 4 – The Elyxion,asian tour,end stage,2017-11-24,Fri,2017-11-26,Sun,3,Asia,South Korea,Seoul,Gocheok Sky Dome,stadium,16744,,,,,,,,unreported,
EXO,male,3,5,2012-04-08,"SM,KAKAO",Exo Planet 4 – The Elyxion,asian tour,end stage,2017-12-22,Fri,2017-12-24,Sun,3,Asia,Japan,Fukuoka,Marine Messe,arena,15000,,,,,,,,unreported,
EXO,male,3,5,2012-04-08,"SM,KAKAO",Exo Planet 4 – The Elyxion,asian tour,end stage,2018-01-27,Sat,2018-01-28,Sun,2,Asia,Japan,Saitama,Saitama Super Arena,arena,22500,,,,,,,,unreported,
EXO,male,3,5,2012-04-08,"SM,KAKAO",Exo Planet 4 – The Elyxion,asian tour,end stage,2018-02-10,Sat,2018-02-11,Sun,2,Asia,Taiwan,Taipei,Taipei Arena,stadium,13000,,,,,,,,unreported,
EXO,male,3,5,2012-04-08,"SM,KAKAO",Exo Planet 4 – The Elyxion,asian tour,end stage,2018-02-23,Fri,2018-02-24,Sat,2,Asia,Japan,Osaka,Kyocera Dome,stadium,55000,,,,,,,,unreported,
EXO,male,3,5,2012-04-08,"SM,KAKAO",Exo Planet 4 – The Elyxion,asian tour,end stage,2018-03-03,Sat,2018-03-03,Sat,1,Asia,Singapore,Singapore,Singapore Indoor Stadium,arena,9000,,,,,,,,unreported,
EXO,male,3,5,2012-04-08,"SM,KAKAO",Exo Planet 4 – The Elyxion,asian tour,end stage,2018-03-16,Fri,2018-03-18,Sun,3,Asia,Thailand,Bangkok,IMPACT Arena,arena,12000,,,,,,,,unreported,
EXO,male,3,5,2012-04-08,"SM,KAKAO",Exo Planet 4 – The Elyxion,asian tour,end stage,2018-04-28,Sat,2018-04-28,Sat,1,Asia,Philippines,Pasay,SM Mall of Asia Arena,arena,15000,,,,,,,,unreported,
EXO,male,3,5,2012-04-08,"SM,KAKAO",Exo Planet 4 – The Elyxion,asian tour,end stage,2018-06-02,Sat,2018-06-03,Sun,2,Asia,Hong Kong,Hong Kong,AsiaWorld–Expo,arena,14000,,,,,,,,unreported,
EXO,male,3,5,2012-04-08,"SM,KAKAO",Exo Planet 4 – The Elyxion,asian tour,end stage,2018-07-07,Sat,2018-07-07,Sat,1,Asia,Malaysia,Kuala Lumpur,Unifi Arena,arena,11000,,,,,,,,unreported,
EXO,male,3,5,2012-04-08,"SM,KAKAO",Exo Planet 4 – The Elyxion,asian tour,end stage,2018-07-13,Fri,2018-07-15,Sun,3,Asia,South Korea,Seoul,Gocheok Sky Dome,stadium,16744,,,,,,,,unreported,
EXO,male,3,5,2012-04-08,"SM,KAKAO",Exo Planet 4 – The Elyxion,asian tour,end stage,2018-08-10,Fri,2018-08-11,Sat,2,Asia,Macau,Macau,Venetian Arena,arena,14000,,,,,,,,unreported,
G-Dragon,male,2,1,2009-08-18,Galaxy Corporation,Übermensch,world tour,end stage,2025-03-29,Sat,2025-03-30,Sun,2,Asia,South Korea,Goyang,Goyang Stadium,stadium,41311,,,68336,,5740000.00,84.00,KOPIS,parcial,
G-Dragon,male,2,1,2009-08-18,Galaxy Corporation,Übermensch,world tour,end stage,2025-05-10,Sat,2025-05-11,Sun,2,Asia,Japan,Tokyo,Tokyo Dome,stadium,55000,96830,0.8803,96830,1.0000,11866718.00,122.55,Touring Data,reported,
G-Dragon,male,2,1,2009-08-18,Galaxy Corporation,Übermensch,world tour,end stage,2025-05-17,Sat,2025-05-17,Sat,1,Asia,Philippines,Bulacan,Philippine Arena,arena,55000,,,,,,,,unreported,
G-Dragon,male,2,1,2009-08-18,Galaxy Corporation,Übermensch,world tour,end stage,2025-05-25,Sun,2025-05-26,Mon,2,Asia,Japan,Osaka,Kyocera Dome,stadium,55000,78632,0.7148,78632,1.0000,9649214.00,122.71,Touring Data,reported,
G-Dragon,male,2,1,2009-08-18,Galaxy Corporation,Übermensch,world tour,end stage,2025-06-06,Fri,2025-06-08,Sun,3,Asia,Macau,Macau,Galaxy Arena,arena,16000,31185,0.6497,31185,1.0000,6363111.00,204.04,Touring Data,reported,
G-Dragon,male,2,1,2009-08-18,Galaxy Corporation,Übermensch,world tour,end stage,2025-07-02,Wed,2025-07-03,Thu,2,Oceania,Australia,Sydney,Qudos Bank Arena,arena,18000,22140,0.6150,22140,1.0000,4099474.00,185.16,Touring Data,reported,
G-Dragon,male,2,1,2009-08-18,Galaxy Corporation,Übermensch,world tour,end stage,2025-07-06,Sun,2025-07-07,Mon,2,Oceania,Australia,Melbourne,Rod Laver Arena,arena,14820,21913,0.7393,21913,1.0000,3944307.00,180.00,Touring Data,reported,
G-Dragon,male,2,1,2009-08-18,Galaxy Corporation,Übermensch,world tour,end stage,2025-07-11,Fri,2025-07-13,Sun,3,Asia,Taiwan,Taipei,Taipei Arena,stadium,13000,31029,0.7956,31029,1.0000,7159610.00,230.74,Touring Data,reported,
G-Dragon,male,2,1,2009-08-18,Galaxy Corporation,Übermensch,world tour,end stage,2025-07-19,Sat,2025-07-20,Sun,2,Asia,Malaysia,Kuala Lumpur,Unifi Arena,arena,11000,,,,,,,,unreported,
G-Dragon,male,2,1,2009-08-18,Galaxy Corporation,Übermensch,world tour,end stage,2025-07-25,Fri,2025-07-26,Sat,2,Asia,Indonesia,Jakarta,Indonesia Arena,arena,16500,,,,,,,,unreported,
G-Dragon,male,2,1,2009-08-18,Galaxy Corporation,Übermensch,world tour,end stage,2025-08-02,Sat,2025-08-02,Sat,1,Asia,Thailand,Bangkok,Rajamangala Stadium,stadium,51560,,,,,,,,unreported,Unforeseen Circumstances
G-Dragon,male,2,1,2009-08-18,Galaxy Corporation,Übermensch,world tour,end stage,2025-08-08,Fri,2025-08-10,Sun,3,Asia,Hong Kong,Hong Kong,AsiaWorld–Expo,arena,14000,33245,0.7915,33245,1.0000,7618970.00,229.18,Touring Data,reported,
G-Dragon,male,2,1,2009-08-18,Galaxy Corporation,Übermensch,world tour,end stage,2025-08-22,Fri,2025-08-23,Sat,2,North America,United States,Newark,Prudential Center,arena,17000,20714,0.6092,20714,1.0000,5937957.00,286.66,Touring Data,reported,
G-Dragon,male,2,1,2009-08-18,Galaxy Corporation,Übermensch,world tour,end stage,2025-08-31,Sun,2025-08-31,Sun,1,North America,United States,Las Vegas,T-Mobile Arena,arena,20000,13045,0.6523,13045,1.0000,3378552.00,258.99,Touring Data,reported,
G-Dragon,male,2,1,2009-08-18,Galaxy Corporation,Übermensch,world tour,end stage,2025-09-05,Fri,2025-09-06,Sat,2,North America,United States,Los Angeles,Crypto.com Arena,stadium,20000,,,,,,,,unreported,
G-Dragon,male,2,1,2009-08-18,Galaxy Corporation,Übermensch,world tour,end stage,2025-09-20,Sat,2025-09-20,Sat,1,Europe,France,Paris,La Défense Arena,arena,45000,,,,,,,,unreported,
G-Dragon,male,2,1,2009-08-18,Galaxy Corporation,Übermensch,world tour,end stage,2025-10-20,Mon,2025-10-21,Tue,2,Asia,Japan,Osaka,Kyocera Dome,stadium,55000,,,,,,,,unreported,
G-Dragon,male,2,1,2009-08-18,Galaxy Corporation,Übermensch,world tour,end stage,2025-11-01,Sat,2025-11-02,Sun,2,Asia,Taiwan,Taipei,Taipei Dome,stadium,59833,,,,,,,,unreported,
G-Dragon,male,2,1,2009-08-18,Galaxy Corporation,Übermensch,world tour,end stage,2025-11-08,Sat,2025-11-09,Sun,2,Asia,Vietnam,Hung Yen,Vinhomes Ocean Park 3,concert hall,,,,,,,,,unreported,
G-Dragon,male,2,1,2009-08-18,Galaxy Corporation,Übermensch,world tour,end stage,2025-12-12,Fri,2025-12-14,Sun,3,Asia,South Korea,Seoul,Gocheok Sky Dome,stadium,16744,,,49139,,5870000.00,119.46,KOPIS,parcial,
J-Hope,male,3,1,2022-07-15,"Bighit,HYBE",Hope on the Stage,world tour,end stage,2025-02-28,Fri,2025-03-02,Sun,3,Asia,South Korea,Seoul,KSPO Dome,arena,15000,37761,0.8391,37761,1.0000,4301216.00,113.91,Touring Data,reported,
J-Hope,male,3,1,2022-07-15,"Bighit,HYBE",Hope on the Stage,world tour,end stage,2025-03-13,Thu,2025-03-14,Fri,2,North America,United States,New York,Barclays Center,arena,20000,27169,0.6792,27169,1.0000,5075710.00,186.82,Touring Data,reported,
J-Hope,male,3,1,2022-07-15,"Bighit,HYBE",Hope on the Stage,world tour,end stage,2025-03-17,Mon,2025-03-18,Tue,2,North America,United States,Rosemont,Allstate Arena,arena,22000,24756,0.5626,24756,1.0000,4966245.00,200.61,Touring Data,reported,
J-Hope,male,3,1,2022-07-15,"Bighit,HYBE",Hope on the Stage,world tour,end stage,2025-03-22,Sat,2025-03-23,Sun,2,North America,Mexico,Mexico City,Palacio de los Deportes,arena,26000,33129,0.6371,33129,1.0000,6107583.00,184.36,Touring Data,reported,
J-Hope,male,3,1,2022-07-15,"Bighit,HYBE",Hope on the Stage,world tour,end stage,2025-03-26,Wed,2025-03-27,Thu,2,North America,United States,San Antonio,Frost Bank Center,arena,19000,26809,0.7055,26809,1.0000,5209100.00,194.30,Touring Data,reported,
J-Hope,male,3,1,2022-07-15,"Bighit,HYBE",Hope on the Stage,world tour,end stage,2025-03-31,Mon,2025-04-01,Tue,2,North America,United States,Oakland,Oakland Arena,arena,19596,24094,0.6148,24094,1.0000,4826976.00,200.34,Touring Data,reported,
J-Hope,male,3,1,2022-07-15,"Bighit,HYBE",Hope on the Stage,world tour,end stage,2025-04-04,Fri,2025-04-06,Sun,2,North America,United States,Los Angeles,BMO Stadium,stadium,22000,42799,0.9727,42799,1.0000,8818631.00,206.05,Touring Data,reported,
J-Hope,male,3,1,2022-07-15,"Bighit,HYBE",Hope on the Stage,world tour,end stage,2025-04-12,Sat,2025-04-13,Sun,2,Asia,Philippines,Pasay,SM Mall of Asia Arena,arena,15000,22138,0.7379,22138,1.0000,4579658.00,206.87,Touring Data,reported,
J-Hope,male,3,1,2022-07-15,"Bighit,HYBE",Hope on the Stage,world tour,end stage,2025-04-19,Sat,2025-04-20,Sun,2,Asia,Japan,Saitama,Saitama Super Arena,arena,22500,38721,0.8605,38721,1.0000,5217690.00,134.75,Touring Data,reported,
J-Hope,male,3,1,2022-07-15,"Bighit,HYBE",Hope on the Stage,world tour,end stage,2025-04-26,Sat,2025-04-27,Sun,2,Asia,Singapore,Singapore,Singapore Indoor Stadium,arena,9000,19684,1.0936,19684,1.0000,4610267.00,234.21,Touring Data,reported,
J-Hope,male,3,1,2022-07-15,"Bighit,HYBE",Hope on the Stage,world tour,end stage,2025-05-03,Sat,2025-05-04,Sun,2,Asia,Indonesia,Jakarta,Indonesia Arena,arena,16500,20104,0.6092,20104,1.0000,3690889.00,183.59,Touring Data,reported,
J-Hope,male,3,1,2022-07-15,"Bighit,HYBE",Hope on the Stage,world tour,end stage,2025-05-10,Sat,2025-05-11,Sun,2,Asia,Thailand,Bangkok,IMPACT Arena,arena,12000,25494,1.0623,25494,1.0000,4032337.00,158.17,Touring Data,reported,
J-Hope,male,3,1,2022-07-15,"Bighit,HYBE",Hope on the Stage,world tour,end stage,2025-05-17,Sat,2025-05-18,Sun,2,Asia,Macau,Macau,Galaxy Arena,arena,16000,19417,0.6068,19417,1.0000,4206581.00,216.64,Touring Data,reported,
J-Hope,male,3,1,2022-07-15,"Bighit,HYBE",Hope on the Stage,world tour,end stage,2025-05-24,Sat,2025-05-25,Sun,2,Asia,Taiwan,Taoyuan,NTSU Arena,arena,15000,19403,0.6468,19403,1.0000,3891631.00,200.57,Touring Data,reported,
J-Hope,male,3,1,2022-07-15,"Bighit,HYBE",Hope on the Stage,world tour,end stage,2025-05-31,Sat,2025-06-01,Sun,2,Asia,Japan,Osaka,Kyocera Dome,stadium,55000,70153,0.6378,70153,1.0000,9072719.00,129.33,Touring Data,reported,
J-Hope,male,3,1,2022-07-15,"Bighit,HYBE",Hope on the Stage,world tour,end stage,2025-06-13,Fri,2025-06-14,Sat,2,Asia,South Korea,Goyang,Goyang Stadium,stadium,41311,52449,0.6348,52449,1.0000,6120475.00,116.69,Touring Data,reported,
Jin,male,3,1,2022-10-28,"Bighit,HYBE",#RUNSEOKJIN_EP.TOUR,world tour,end stage,2025-06-28,Sat,2025-06-29,Sun,2,Asia,South Korea,Goyang,Goyang Stadium,stadium,41311,19253,0.2330,19253,1.0000,2127828.00,110.52,Touring Data,reported,
Jin,male,3,1,2022-10-28,"Bighit,HYBE",#RUNSEOKJIN_EP.TOUR,world tour,end stage,2025-06-28,Sat,2025-06-29,Sun,2,Asia,South Korea,Seoul,Jamsil Indoor Stadium,arena,11069,,,10718,,185073.00,17.27,KOPIS,parcial,
Jin,male,3,1,2022-10-28,"Bighit,HYBE",#RUNSEOKJIN_EP.TOUR,world tour,end stage,2025-07-05,Sat,2025-07-06,Sun,2,Asia,Japan,Chiba,Makuhari Messe,arena,,42686,,42686,1.0000,5450581.00,127.69,Touring Data,reported,
Jin,male,3,1,2022-10-28,"Bighit,HYBE",#RUNSEOKJIN_EP.TOUR,world tour,end stage,2025-07-12,Sat,2025-07-13,Sun,2,Asia,Japan,Osaka,Kyocera Dome,stadium,55000,82510,0.7501,82510,1.0000,9524161.00,115.43,Touring Data,reported,
Jin,male,3,1,2022-10-28,"Bighit,HYBE",#RUNSEOKJIN_EP.TOUR,world tour,end stage,2025-07-17,Thu,2025-07-18,Fri,2,North America,United States,Anaheim,Honda Center,theater,10935,23753,1.0861,23753,1.0000,4657868.00,196.10,Touring Data,reported,
Jin,male,3,1,2022-10-28,"Bighit,HYBE",#RUNSEOKJIN_EP.TOUR,world tour,end stage,2025-07-22,Tue,2025-07-23,Wed,2,North America,United States,Dallas,American Airlines Center,arena,21000,23162,0.5515,23162,1.0000,4279136.00,184.75,Touring Data,reported,
Jin,male,3,1,2022-10-28,"Bighit,HYBE",#RUNSEOKJIN_EP.TOUR,world tour,end stage,2025-07-26,Sat,2025-07-27,Sun,2,North America,United States,Tampa,Benchmark International Arena,arena,21500,24196,0.5627,22144,0.9152,4129814.00,186.50,Touring Data,reported,
Jin,male,3,1,2022-10-28,"Bighit,HYBE",#RUNSEOKJIN_EP.TOUR,world tour,end stage,2025-07-30,Wed,2025-07-31,Thu,2,North America,United States,Newark,Prudential Center,arena,17000,23056,0.6781,23056,1.0000,4369566.00,189.52,Touring Data,reported,
Jin,male,3,1,2022-10-28,"Bighit,HYBE",#RUNSEOKJIN_EP.TOUR,world tour,end stage,2025-08-05,Tue,2025-08-06,Wed,2,Europe,England,London,The O2 Arena,arena,20000,27917,0.6979,27917,1.0000,6068444.00,217.37,Touring Data,reported,
Jin,male,3,1,2022-10-28,"Bighit,HYBE",#RUNSEOKJIN_EP.TOUR,world tour,end stage,2025-08-09,Sat,2025-08-10,Sun,2,Europe,Netherlands,Amsterdam,Ziggo Dome,arena,17000,22758,0.6694,22758,1.0000,5432488.00,238.71,Touring Data,reported,
Jin,male,3,1,2022-10-28,"Bighit,HYBE",#RUNSEOKJIN_EP.TOUR,world tour,end stage,2025-10-31,Fri,2025-11-01,Sat,2,Asia,South Korea,Incheon,Munhak Stadium,stadium,49084,,,38375,,4567948.00,119.03,KOPIS,parcial,
NCT127,male,3,8,2016-07-07,"SM,KAKAO",NEO CITY – The Origin,world tour,end stage,2019-01-26,Sat,2019-01-27,Sun,2,Asia,South Korea,Seoul,KSPO Dome,arena,15000,,,24800,,2680890.00,108.10,Touring Data,parcial,
NCT127,male,3,8,2016-07-07,"SM,KAKAO",NEO CITY – The Origin,world tour,end stage,2019-02-02,Sat,2019-02-03,Sun,2,Asia,Japan,Osaka,Orix Theater,theater,2400,,,4844,,433566.00,89.51,Touring Data,parcial,
NCT127,male,3,8,2016-07-07,"SM,KAKAO",NEO CITY – The Origin,world tour,end stage,2019-02-11,Mon,2019-02-12,Tue,2,Asia,Japan,Hiroshima,HBG Hall,concert hall,2001,,,5000,,421100.00,84.22,Touring Data,parcial,
NCT127,male,3,8,2016-07-07,"SM,KAKAO",NEO CITY – The Origin,world tour,end stage,2019-02-23,Sat,2019-02-24,Sun,2,Asia,Japan,Kanazawa,Honda no Mori Hall,concert hall,1700,,,3414,,286632.00,83.96,Touring Data,parcial,
NCT127,male,3,8,2016-07-07,"SM,KAKAO",NEO CITY – The Origin,world tour,end stage,2019-03-02,Sat,2019-03-03,Sun,2,Asia,Japan,Sapporo,Sapporo Arts and Culture Theater,concert hall,2302,,,4606,,382942.00,83.14,Touring Data,parcial,
NCT127,male,3,8,2016-07-07,"SM,KAKAO",NEO CITY – The Origin,world tour,end stage,2019-03-17,Sun,2019-03-18,Mon,2,Asia,Japan,Fukuoka,Fukuoka Sunpalace Hotel Hall,concert hall,2316,,,4632,,386467.00,83.43,Touring Data,parcial,
NCT127,male,3,8,2016-07-07,"SM,KAKAO",NEO CITY – The Origin,world tour,end stage,2019-03-21,Thu,2019-03-21,Thu,1,Asia,Japan,Nagoya,Nagoya Civic Assembly Hall,concert hall,2000,,,2400,,201353.00,83.90,Touring Data,parcial,
NCT127,male,3,8,2016-07-07,"SM,KAKAO",NEO CITY – The Origin,world tour,end stage,2019-03-29,Fri,2019-03-31,Sun,3,Asia,Japan,Saitama,Saitama Super Arena,arena,22500,,,49921,,4185881.00,83.85,Touring Data,parcial,
NCT127,male,3,8,2016-07-07,"SM,KAKAO",NEO CITY – The Origin,world tour,end stage,2019-04-24,Wed,2019-04-24,Wed,1,North America,United States,Newark,Prudential Center,arena,17000,,,5622,,859958.00,152.96,Touring Data,parcial,
NCT127,male,3,8,2016-07-07,"SM,KAKAO",NEO CITY – The Origin,world tour,end stage,2019-04-26,Fri,2019-04-26,Fri,1,North America,United States,Atlanta,Coca-Cola Roxy,concert hall,3600,,,3197,,489493.00,153.11,Touring Data,parcial,
NCT127,male,3,8,2016-07-07,"SM,KAKAO",NEO CITY – The Origin,world tour,end stage,2019-04-28,Sun,2019-04-28,Sun,1,North America,United States,Miami,Watsco Center,arena,8000,,,5206,,822034.00,157.90,Touring Data,parcial,
NCT127,male,3,8,2016-07-07,"SM,KAKAO",NEO CITY – The Origin,world tour,end stage,2019-05-01,Wed,2019-05-01,Wed,1,North America,United States,Grand Prairie,Texas Trust CU Theatre,concert hall,6350,,,6066,,802734.00,132.33,Touring Data,parcial,
NCT127,male,3,8,2016-07-07,"SM,KAKAO",NEO CITY – The Origin,world tour,end stage,2019-05-03,Fri,2019-05-03,Fri,1,North America,United States,Phoenix,Arizona Financial Theatre,theater,5000,,,4725,,729225.00,154.33,Touring Data,parcial,
NCT127,male,3,8,2016-07-07,"SM,KAKAO",NEO CITY – The Origin,world tour,end stage,2019-05-05,Sun,2019-05-05,Sun,1,North America,United States,Sugar Land,Smart Financial Centre,concert hall,6400,,,6294,,813048.00,129.18,Touring Data,parcial,
NCT127,male,3,8,2016-07-07,"SM,KAKAO",NEO CITY – The Origin,world tour,end stage,2019-05-07,Tue,2019-05-07,Tue,1,North America,United States,Rosemont,Rosemont Theatre,theater,4400,,,4199,,539718.00,128.53,Touring Data,parcial,
NCT127,male,3,8,2016-07-07,"SM,KAKAO",NEO CITY – The Origin,world tour,end stage,2019-05-09,Thu,2019-05-10,Fri,2,North America,United States,San Jose,San Jose Civic,theater,3036,,,5812,,899596.00,154.78,Touring Data,parcial,
NCT127,male,3,8,2016-07-07,"SM,KAKAO",NEO CITY – The Origin,world tour,end stage,2019-05-12,Sun,2019-05-12,Sun,1,North America,United States,Los Angeles,Peacock Theater,arena,7100,,,6534,,835589.00,127.88,Touring Data,parcial,
NCT127,male,3,8,2016-07-07,"SM,KAKAO",NEO CITY – The Origin,world tour,end stage,2019-05-17,Fri,2019-05-17,Fri,1,North America,Canada,Toronto,Coca-Cola Coliseum,concert hall,9250,,,4118,,523022.00,127.01,Touring Data,parcial,
NCT127,male,3,8,2016-07-07,"SM,KAKAO",NEO CITY – The Origin,world tour,end stage,2019-05-19,Sun,2019-05-19,Sun,1,North America,Canada,Vancouver,Pacific Coliseum,arena,17500,,,3228,,407987.00,126.39,Touring Data,parcial,
NCT127,male,3,8,2016-07-07,"SM,KAKAO",NEO CITY – The Origin,world tour,end stage,2019-05-21,Tue,2019-05-21,Tue,1,North America,Mexico,Mexico City,Teatro Metropolitan,theater,3165,,,2910,,428668.00,147.31,Touring Data,parcial,
NCT127,male,3,8,2016-07-07,"SM,KAKAO",NEO CITY – The Origin,world tour,end stage,2019-06-21,Fri,2019-06-23,Sun,3,Asia,Singapore,Singapore,Singapore Indoor Stadium,arena,9000,,,10746,,1512342.00,140.74,Touring Data,parcial,
NCT127,male,3,8,2016-07-07,"SM,KAKAO",NEO CITY – The Origin,world tour,end stage,2019-06-26,Wed,2019-06-26,Wed,1,Europe,Russia,Saint Petersburg,Ice Palace,arena,12300,,,4631,,624531.00,134.86,Touring Data,parcial,
NCT127,male,3,8,2016-07-07,"SM,KAKAO",NEO CITY – The Origin,world tour,end stage,2019-06-29,Sat,2019-06-29,Sat,1,Europe,Russia,Moscow,Megasport Sport Palace,arena,16500,,,6186,,734216.00,118.69,Touring Data,parcial,
NCT127,male,3,8,2016-07-07,"SM,KAKAO",NEO CITY – The Origin,world tour,end stage,2019-07-07,Sun,2019-07-07,Sun,1,Europe,England,London,Wembley Arena,arena,12500,,,6402,,959075.00,149.81,Touring Data,parcial,
NCT127,male,3,8,2016-07-07,"SM,KAKAO",NEO CITY – The Origin,world tour,end stage,2019-07-10,Wed,2019-07-10,Wed,1,Europe,France,Paris,La Seine Musicale,concert hall,6000,,,3752,,469530.00,125.14,Touring Data,parcial,
NCT127,male,3,8,2016-07-07,"SM,KAKAO",NEO CITY – The Origin,world tour,end stage,2019-07-20,Sat,2019-07-20,Sat,1,Asia,Singapore,Singapore,Singapore Indoor Stadium,arena,9000,,,4218,,806370.00,191.17,Touring Data,parcial,
NCT127,male,3,8,2016-07-07,"SM,KAKAO",NEO CITY – The Origin,world tour,end stage,2019-12-18,Wed,2019-12-19,Thu,2,Asia,Japan,Osaka,Osaka-jō Hall,arena,16000,,,24352,,2224437.00,91.35,Touring Data,parcial,
NCT127,male,3,8,2016-07-07,"SM,KAKAO",NEO CITY – The Origin,world tour,end stage,2020-01-04,Sat,2020-01-05,Sun,2,Asia,Japan,Fukuoka,Marine Messe,arena,15000,,,15000,,1348942.00,89.93,Touring Data,parcial,
NCT127,male,3,8,2016-07-07,"SM,KAKAO",NEO CITY – The Origin,world tour,end stage,2020-01-18,Sat,2020-01-18,Sat,1,Asia,Japan,Niigata,Toki Messe,concert hall,10000,,,5500,,484767.00,88.14,Touring Data,parcial,
NCT127,male,3,8,2016-07-07,"SM,KAKAO",NEO CITY – The Origin,world tour,end stage,2020-02-22,Sat,2020-02-24,Mon,3,Asia,Japan,Tokyo,Keio Arena Tokyo,arena,10000,,,29646,,2587374.00,87.28,Touring Data,parcial,
NCT127,male,3,8,2016-07-07,"SM,KAKAO",NEO CITY – The Origin,world tour,end stage,2020-06-05,Fri,2020-06-05,Fri,1,North America,United States,New York,Madison Square Garden,,,,,,,,,,unreported,COVID-19
NCT127,male,3,8,2016-07-07,"SM,KAKAO",NEO CITY – The Origin,world tour,end stage,2020-06-10,Wed,2020-06-10,Wed,1,North America,United States,Duluth,Gas South Arena,arena,13100,,,,,,,,unreported,COVID-19
NCT127,male,3,8,2016-07-07,"SM,KAKAO",NEO CITY – The Origin,world tour,end stage,2020-06-15,Mon,2020-06-15,Mon,1,North America,United States,Chicago,Wintrust Arena,arena,10387,,,,,,,,unreported,COVID-19
NCT127,male,3,8,2016-07-07,"SM,KAKAO",NEO CITY – The Origin,world tour,end stage,2020-06-18,Thu,2020-06-18,Thu,1,North America,United States,San Jose,SAP Center,arena,19190,,,,,,,,unreported,COVID-19
NCT127,male,3,8,2016-07-07,"SM,KAKAO",NEO CITY – The Origin,world tour,end stage,2020-06-19,Fri,2020-06-19,Fri,1,North America,United States,Inglewood,Kia Forum,arena,17500,,,,,,,,unreported,COVID-19
NCT127,male,3,8,2016-07-07,"SM,KAKAO",NEO CITY – The Origin,world tour,end stage,2020-06-21,Sun,2020-06-21,Sun,1,North America,United States,Seattle,WAMU Theater,concert hall,7000,,,,,,,,unreported,COVID-19
SEVENTEEN,male,3,13,2016-05-26,"Pledis,HYBE",Ode to You,world tour,end stage,2019-08-30,Fri,2019-09-01,Sun,3,Asia,South Korea,Seoul,KSPO Dome,arena,15000,,,36900,,3689207.00,99.98,Touring Data,parcial,
SEVENTEEN,male,3,13,2016-05-26,"Pledis,HYBE",Ode to You,world tour,end stage,2019-10-08,Tue,2019-10-09,Wed,2,Asia,Japan,Osaka,Osaka-jō Hall,arena,16000,,,23329,,2251546.00,96.51,Touring Data,parcial,
SEVENTEEN,male,3,13,2016-05-26,"Pledis,HYBE",Ode to You,world tour,end stage,2019-10-12,Sat,2019-10-12,Sat,1,Asia,Japan,Nagoya,Aichi Sky Expo,concert hall,10000,,,,,,,,unreported,Natural Phenomena
SEVENTEEN,male,3,13,2016-05-26,"Pledis,HYBE",Ode to You,world tour,end stage,2019-10-13,Sun,2019-10-14,Mon,2,Asia,Japan,Nagoya,Aichi Sky Expo,concert hall,10000,,,13000,,1259400.00,96.88,Touring Data,parcial,
SEVENTEEN,male,3,13,2016-05-26,"Pledis,HYBE",Ode to You,world tour,end stage,2019-10-30,Wed,2019-10-31,Thu,2,Asia,Japan,Yokohama,Yokohama Arena,arena,17000,,,24155,,2320687.00,96.07,Touring Data,parcial,
SEVENTEEN,male,3,13,2016-05-26,"Pledis,HYBE",Ode to You,world tour,end stage,2019-11-07,Thu,2019-11-09,Sat,3,Asia,Japan,Chiba,Makuhari Messe,arena,,,,43500,,4184846.00,96.20,Touring Data,parcial,
SEVENTEEN,male,3,13,2016-05-26,"Pledis,HYBE",Ode to You,world tour,end stage,2019-11-16,Sat,2019-11-16,Sat,1,Asia,Indonesia,Jakarta,Istora Senayan,arena,7166,,,4566,,649651.00,142.28,Touring Data,parcial,
SEVENTEEN,male,3,13,2016-05-26,"Pledis,HYBE",Ode to You,world tour,end stage,2019-11-23,Sat,2019-11-24,Sun,2,Asia,Thailand,Bangkok,IMPACT Thunder Dome,concert hall,3500,,,8538,,1413296.00,165.53,Touring Data,parcial,
SEVENTEEN,male,3,13,2016-05-26,"Pledis,HYBE",Ode to You,world tour,end stage,2020-01-10,Fri,2020-01-10,Fri,1,North America,United States,Newark,Prudential Center,arena,17000,,,,,,,,unreported,
SEVENTEEN,male,3,13,2016-05-26,"Pledis,HYBE",Ode to You,world tour,end stage,2020-01-12,Sun,2020-01-12,Sun,1,North America,United States,Chicago,United Center,arena,23500,,,,,,,,unreported,
SEVENTEEN,male,3,13,2016-05-26,"Pledis,HYBE",Ode to You,world tour,end stage,2020-01-14,Tue,2020-01-14,Tue,1,North America,United States,Irving,Toyota Music Factory,theater,4000,,,,,,,,unreported,
SEVENTEEN,male,3,13,2016-05-26,"Pledis,HYBE",Ode to You,world tour,end stage,2020-01-15,Wed,2020-01-15,Wed,1,North America,United States,Sugar Land,Smart Financial Centre,concert hall,6400,,,4793,,511095.00,106.63,Touring Data,parcial,
SEVENTEEN,male,3,13,2016-05-26,"Pledis,HYBE",Ode to You,world tour,end stage,2020-01-17,Fri,2020-01-17,Fri,1,North America,Mexico,Mexico City,Palacio de los Deportes,arena,26000,,,7233,,764534.00,105.70,Touring Data,parcial,
SEVENTEEN,male,3,13,2016-05-26,"Pledis,HYBE",Ode to You,world tour,end stage,2020-01-19,Sun,2020-01-19,Sun,1,North America,United States,Inglewood,Kia Forum,arena,17500,,,,,,,,unreported,
SEVENTEEN,male,3,13,2016-05-26,"Pledis,HYBE",Ode to You,world tour,end stage,2020-01-21,Tue,2020-01-21,Tue,1,North America,United States,San Jose,SAP Center,arena,19190,,,,,,,,unreported,
SEVENTEEN,male,3,13,2016-05-26,"Pledis,HYBE",Ode to You,world tour,end stage,2020-01-23,Thu,2020-01-23,Thu,1,North America,United States,Kent,accesso ShoWare Center,arena,7141,,,3878,,480169.00,123.82,Touring Data,parcial,
SEVENTEEN,male,3,13,2016-05-26,"Pledis,HYBE",Ode to You,world tour,end stage,2020-02-08,Sat,2020-02-08,Sat,1,Asia,Philippines,Pasay,SM Mall of Asia Arena,arena,15000,,,7636,,888980.00,116.42,Touring Data,parcial,
SEVENTEEN,male,3,13,2016-05-26,"Pledis,HYBE",Ode to You,world tour,end stage,2020-02-22,Sat,2020-02-22,Sat,1,Asia,Malaysia,Kuala Lumpur,Unifi Arena,arena,11000,,,,,,,,unreported,COVID-19
SEVENTEEN,male,3,13,2016-05-26,"Pledis,HYBE",Ode to You,world tour,end stage,2020-02-29,Sat,2020-02-29,Sat,1,Asia,Taiwan,Taoyuan,NTSU Arena,arena,15000,,,,,,,,unreported,COVID-19
SEVENTEEN,male,3,13,2016-05-26,"Pledis,HYBE",Ode to You,world tour,end stage,2020-03-03,Tue,2020-03-03,Tue,1,Europe,Spain,Madrid,Movistar Arena,arena,15000,,,,,,,,unreported,COVID-19
SEVENTEEN,male,3,13,2016-05-26,"Pledis,HYBE",Ode to You,world tour,end stage,2020-03-05,Thu,2020-03-05,Thu,1,Europe,France,Paris,La Seine Musicale,concert hall,6000,,,,,,,,unreported,COVID-19
SEVENTEEN,male,3,13,2016-05-26,"Pledis,HYBE",Ode to You,world tour,end stage,2020-03-08,Sun,2020-03-08,Sun,1,Europe,England,London,Wembley Arena,arena,12500,,,,,,,,unreported,COVID-19
SEVENTEEN,male,3,13,2016-05-26,"Pledis,HYBE",Ode to You,world tour,end stage,2020-03-10,Tue,2020-03-10,Tue,1,Europe,Germany,Berlin,Uber Arena,arena,17000,,,,,,,,unreported,COVID-19
SEVENTEEN,male,3,13,2016-05-26,"Pledis,HYBE",Be The Sun,world tour,end stage,2022-06-25,Sat,2022-06-26,Sun,2,Asia,South Korea,Seoul,Gocheok Sky Dome,stadium,16744,34923,1.0429,34923,1.0000,3716926.00,106.43,Touring Data,reported,
SEVENTEEN,male,3,13,2016-05-26,"Pledis,HYBE",Be The Sun,world tour,end stage,2022-08-10,Wed,2022-08-10,Wed,1,North America,Canada,Vancouver,Rogers Arena,arena,19000,8655,0.4555,8377,0.9679,982759.00,117.32,Touring Data,reported,
SEVENTEEN,male,3,13,2016-05-26,"Pledis,HYBE",Be The Sun,world tour,end stage,2022-08-12,Fri,2022-08-12,Fri,1,North America,United States,Seattle,Climate Pledge Arena,arena,17200,10265,0.5968,8806,0.8579,1242499.00,141.10,Touring Data,reported,
SEVENTEEN,male,3,13,2016-05-26,"Pledis,HYBE",Be The Sun,world tour,end stage,2022-08-14,Sun,2022-08-14,Sun,1,North America,United States,Oakland,Oakland Arena,arena,19596,12650,0.6455,12601,0.9962,1360908.00,108.00,Touring Data,reported,
SEVENTEEN,male,3,13,2016-05-26,"Pledis,HYBE",Be The Sun,world tour,end stage,2022-08-17,Wed,2022-08-17,Wed,1,North America,United States,Inglewood,Kia Forum,arena,17500,12561,0.7178,12561,1.0000,1794929.00,142.90,Touring Data,reported,
SEVENTEEN,male,3,13,2016-05-26,"Pledis,HYBE",Be The Sun,world tour,end stage,2022-08-20,Sat,2022-08-20,Sat,1,North America,United States,Houston,Toyota Center,arena,19000,9485,0.4992,9124,0.9620,1136908.00,124.61,Touring Data,reported,
SEVENTEEN,male,3,13,2016-05-26,"Pledis,HYBE",Be The Sun,world tour,end stage,2022-08-23,Tue,2022-08-23,Tue,1,North America,United States,Fort Worth,Dickies Arena,arena,14000,10106,0.7219,9282,0.9185,1117761.00,120.42,Touring Data,reported,
SEVENTEEN,male,3,13,2016-05-26,"Pledis,HYBE",Be The Sun,world tour,end stage,2022-08-25,Thu,2022-08-25,Thu,1,North America,United States,Chicago,United Center,arena,23500,12706,0.5407,12421,0.9776,1401889.00,112.86,Touring Data,reported,
SEVENTEEN,male,3,13,2016-05-26,"Pledis,HYBE",Be The Sun,world tour,end stage,2022-08-28,Sun,2022-08-28,Sun,1,North America,United States,Washington,Capital One Arena,arena,20356,11597,0.5697,11341,0.9780,1324160.00,116.76,Touring Data,reported,
SEVENTEEN,male,3,13,2016-05-26,"Pledis,HYBE",Be The Sun,world tour,end stage,2022-08-30,Tue,2022-08-30,Tue,1,North America,United States,Atlanta,State Farm Arena,arena,18000,10742,0.5968,9503,0.8847,1132775.00,119.20,Touring Data,reported,
SEVENTEEN,male,3,13,2016-05-26,"Pledis,HYBE",Be The Sun,world tour,end stage,2022-09-01,Thu,2022-09-01,Thu,1,North America,United States,New York,UBS Arena,arena,19000,9028,0.4752,9028,1.0000,1275102.00,141.24,Touring Data,reported,
SEVENTEEN,male,3,13,2016-05-26,"Pledis,HYBE",Be The Sun,world tour,end stage,2022-09-03,Sat,2022-09-03,Sat,1,North America,Canada,Toronto,Scotiabank Arena,arena,19800,13769,0.6954,13763,0.9996,1420100.00,103.18,Touring Data,reported,
SEVENTEEN,male,3,13,2016-05-26,"Pledis,HYBE",Be The Sun,world tour,end stage,2022-09-06,Tue,2022-09-06,Tue,1,North America,United States,Newark,Prudential Center,arena,17000,10717,0.6304,10717,1.0000,1428434.00,133.29,Touring Data,reported,
SEVENTEEN,male,3,13,2016-05-26,"Pledis,HYBE",Be The Sun,world tour,end stage,2022-09-24,Sat,2022-09-25,Sun,2,Asia,Indonesia,Tangerang,ICE BSD,concert hall,,17336,,17336,1.0000,2507028.00,144.61,Touring Data,reported,
SEVENTEEN,male,3,13,2016-05-26,"Pledis,HYBE",Be The Sun,world tour,end stage,2022-10-01,Sat,2022-10-02,Sun,2,Asia,Thailand,Bangkok,IMPACT Arena,arena,12000,19270,0.8029,19270,1.0000,2312152.00,119.99,Touring Data,reported,
SEVENTEEN,male,3,13,2016-05-26,"Pledis,HYBE",Be The Sun,world tour,end stage,2022-10-08,Sat,2022-10-09,Sun,2,Asia,Philippines,Pasay,SM Mall of Asia Arena,arena,15000,16956,0.5652,16956,1.0000,2560148.00,150.99,Touring Data,reported,
SEVENTEEN,male,3,13,2016-05-26,"Pledis,HYBE",Be The Sun,world tour,end stage,2022-10-13,Thu,2022-10-13,Thu,1,Asia,Singapore,Singapore,Singapore Indoor Stadium,arena,9000,8191,0.9101,8191,1.0000,1648652.00,201.28,Touring Data,reported,
SEVENTEEN,male,3,13,2016-05-26,"Pledis,HYBE",Be The Sun,world tour,end stage,2022-11-19,Sat,2022-11-20,Sun,2,Asia,Japan,Osaka,Kyocera Dome,stadium,55000,78593,0.7145,78593,1.0000,6324733.00,80.47,Touring Data,reported,
SEVENTEEN,male,3,13,2016-05-26,"Pledis,HYBE",Be The Sun,world tour,end stage,2022-11-26,Sat,2022-11-27,Sun,2,Asia,Japan,Tokyo,Tokyo Dome,stadium,55000,93063,0.8460,93063,1.0000,7641500.00,82.11,Touring Data,reported,
SEVENTEEN,male,3,13,2016-05-26,"Pledis,HYBE",Be The Sun,world tour,end stage,2022-12-03,Sat,2022-12-04,Sun,2,Asia,Japan,Nagoya,Vantelin Dome,stadium,36418,81644,1.1209,81644,1.0000,7005289.00,85.80,Touring Data,reported,
SEVENTEEN,male,3,13,2016-05-26,"Pledis,HYBE",Be The Sun,world tour,end stage,2022-12-17,Sat,2022-12-17,Sat,1,Asia,Philippines,Bulacan,Philippine Arena,arena,55000,39500,0.7182,39480,0.9995,5088704.00,128.89,Touring Data,reported,
SEVENTEEN,male,3,13,2016-05-26,"Pledis,HYBE",Be The Sun,world tour,end stage,2022-12-28,Wed,2022-12-28,Wed,1,Asia,Indonesia,Jakarta,Madya Stadium,stadium,,28629,,25079,0.8760,3968274.00,158.23,Touring Data,reported,
SEVENTEEN,male,3,13,2016-05-26,"Pledis,HYBE",Follow,asian tour,end stage,2023-07-21,Fri,2023-07-22,Sat,2,Asia,South Korea,Seoul,Gocheok Sky Dome,stadium,16744,34341,1.0255,34341,1.0000,4083743.00,118.92,Touring Data,reported,
SEVENTEEN,male,3,13,2016-05-26,"Pledis,HYBE",Follow,asian tour,end stage,2023-09-06,Wed,2023-09-07,Thu,2,Asia,Japan,Tokyo,Tokyo Dome,stadium,55000,89119,0.8102,89119,1.0000,9161436.00,102.80,Touring Data,reported,
SEVENTEEN,male,3,13,2016-05-26,"Pledis,HYBE",Follow,asian tour,end stage,2023-11-23,Thu,2023-11-24,Fri,2,Asia,Japan,Saitama,Belluna Dome,stadium,31552,61906,0.9810,61088,0.9868,5914155.00,96.81,Touring Data,reported,
SEVENTEEN,male,3,13,2016-05-26,"Pledis,HYBE",Follow,asian tour,end stage,2023-11-30,Thu,2023-12-03,Sun,3,Asia,Japan,Nagoya,Vantelin Dome,stadium,36418,112293,1.0278,108239,0.9639,10642941.00,98.33,Touring Data,reported,
SEVENTEEN,male,3,13,2016-05-26,"Pledis,HYBE",Follow,asian tour,end stage,2023-12-07,Thu,2023-12-10,Sun,3,Asia,Japan,Osaka,Kyocera Dome,stadium,55000,109848,0.6657,107848,0.9818,9508856.00,88.17,Touring Data,reported,
SEVENTEEN,male,3,13,2016-05-26,"Pledis,HYBE",Follow,asian tour,end stage,2023-12-16,Sat,2023-12-17,Sun,2,Asia,Japan,Fukuoka,PayPay Dome,stadium,47500,70266,0.7396,68670,0.9773,6959477.00,101.35,Touring Data,reported,
SEVENTEEN,male,3,13,2016-05-26,"Pledis,HYBE",Follow,asian tour,end stage,2023-12-23,Sat,2023-12-24,Sun,2,Asia,Thailand,Bangkok,Rajamangala Stadium,stadium,51560,61676,0.5981,59023,0.9570,8802745.00,149.14,Touring Data,reported,
SEVENTEEN,male,3,13,2016-05-26,"Pledis,HYBE",Follow,asian tour,end stage,2024-01-13,Sat,2024-01-14,Sun,2,Asia,Philippines,Bulacan,Philippine Sports Stadium,stadium,25000,61397,1.2279,54035,0.8801,11641788.00,215.45,Touring Data,reported,
SEVENTEEN,male,3,13,2016-05-26,"Pledis,HYBE",Follow,asian tour,end stage,2024-01-20,Sat,2024-01-21,Sun,2,Asia,Macau,Macau,Macau Olympic Sports Center,stadium,16272,37486,1.1519,37486,1.0000,8030290.00,214.22,Touring Data,reported,
SEVENTEEN,male,3,13,2016-05-26,"Pledis,HYBE",Follow,asian tour,end stage,2024-03-30,Sat,2024-03-31,Sun,2,Asia,South Korea,Incheon,Incheon Stadium,stadium,29376,56329,0.9588,56047,0.9950,5894604.00,105.17,Touring Data,reported,
SEVENTEEN,male,3,13,2016-05-26,"Pledis,HYBE",Follow,asian tour,end stage,2024-04-27,Sat,2024-04-28,Sun,2,Asia,South Korea,Seoul,World Cup Stadium,stadium,66704,72015,0.5398,71525,0.9932,7117490.00,99.51,Touring Data,reported,
SEVENTEEN,male,3,13,2016-05-26,"Pledis,HYBE",Follow,asian tour,end stage,2024-05-18,Sat,2024-05-19,Sun,2,Asia,Japan,Osaka,Nagai Stadium,stadium,47853,101132,1.0567,100565,0.9944,10086598.00,100.30,Touring Data,reported,
SEVENTEEN,male,3,13,2016-05-26,"Pledis,HYBE",Follow,asian tour,end stage,2024-05-25,Sat,2024-05-26,Sun,2,Asia,Japan,Yokohama,Nissan Stadium,stadium,72327,141503,0.9782,140328,0.9917,13723256.00,97.79,Touring Data,reported,
SEVENTEEN,male,3,13,2016-05-26,"Pledis,HYBE",Right Here,world tour,end stage,2024-10-12,Sat,2024-10-13,Sun,2,Asia,South Korea,Goyang,Goyang Stadium,stadium,41311,57421,0.6950,57421,1.0000,6162625.00,107.32,Touring Data,reported,
SEVENTEEN,male,3,13,2016-05-26,"Pledis,HYBE",Right Here,world tour,end stage,2024-10-22,Tue,2024-10-23,Wed,2,North America,United States,Rosemont,Allstate Arena,arena,22000,21808,0.4956,21808,1.0000,2690976.00,123.39,Touring Data,reported,
SEVENTEEN,male,3,13,2016-05-26,"Pledis,HYBE",Right Here,world tour,end stage,2024-10-25,Fri,2024-10-27,Sun,2,North America,United States,New York,UBS Arena,arena,19000,25532,0.6719,25532,1.0000,4028840.00,157.80,Touring Data,reported,
SEVENTEEN,male,3,13,2016-05-26,"Pledis,HYBE",Right Here,world tour,end stage,2024-10-31,Thu,2024-11-01,Fri,2,North America,United States,San Antonio,Frost Bank Center,arena,19000,25723,0.6769,25723,1.0000,3145693.00,122.29,Touring Data,reported,
SEVENTEEN,male,3,13,2016-05-26,"Pledis,HYBE",Right Here,world tour,end stage,2024-11-05,Tue,2024-11-06,Wed,2,North America,United States,Oakland,Oakland Arena,arena,19596,23409,0.5973,23409,1.0000,2988713.00,127.67,Touring Data,reported,
SEVENTEEN,male,3,13,2016-05-26,"Pledis,HYBE",Right Here,world tour,end stage,2024-11-09,Sat,2024-11-10,Sun,2,North America,United States,Los Angeles,BMO Stadium,stadium,22000,43069,0.9788,43069,1.0000,8093740.00,187.92,Touring Data,reported,
SEVENTEEN,male,3,13,2016-05-26,"Pledis,HYBE",Right Here,world tour,end stage,2024-11-29,Fri,2024-11-30,Sat,2,Asia,Japan,Nagoya,Vantelin Dome,stadium,36418,76020,1.0437,76020,1.0000,8314966.00,109.38,Touring Data,reported,
SEVENTEEN,male,3,13,2016-05-26,"Pledis,HYBE",Right Here,world tour,end stage,2024-12-04,Wed,2024-12-05,Thu,2,Asia,Japan,Tokyo,Tokyo Dome,stadium,55000,87763,0.7978,87763,1.0000,9636988.00,109.81,Touring Data,reported,
SEVENTEEN,male,3,13,2016-05-26,"Pledis,HYBE",Right Here,world tour,end stage,2024-12-12,Thu,2024-12-15,Sun,3,Asia,Japan,Osaka,Kyocera Dome,stadium,55000,112150,0.6797,112150,1.0000,12271529.00,109.42,Touring Data,reported,
SEVENTEEN,male,3,13,2016-05-26,"Pledis,HYBE",Right Here,world tour,end stage,2024-12-19,Thu,2024-12-22,Sun,3,Asia,Japan,Fukuoka,PayPay Dome,stadium,47500,106571,0.7479,106571,1.0000,11488812.00,107.80,Touring Data,reported,
SEVENTEEN,male,3,13,2016-05-26,"Pledis,HYBE",Right Here,world tour,end stage,2025-01-18,Sat,2025-01-19,Sun,2,Asia,Philippines,Bulacan,Philippine Sports Stadium,stadium,25000,60040,1.2008,57632,0.9599,12807169.00,222.22,Touring Data,reported,
SEVENTEEN,male,3,13,2016-05-26,"Pledis,HYBE",Right Here,world tour,end stage,2025-01-25,Sat,2025-01-26,Sun,2,Asia,Singapore,Singapore,Singapore National Stadium,stadium,55000,74335,0.6758,73985,0.9953,16031313.00,216.68,Touring Data,reported,
SEVENTEEN,male,3,13,2016-05-26,"Pledis,HYBE",Right Here,world tour,end stage,2025-02-08,Sat,2025-02-09,Sun,2,Asia,Indonesia,Jakarta,International Stadium,arena,82000,75653,0.4613,64819,0.8568,10204435.00,157.43,Touring Data,reported,
SEVENTEEN,male,3,13,2016-05-26,"Pledis,HYBE",Right Here,world tour,end stage,2025-02-15,Sat,2025-02-16,Sun,2,Asia,Thailand,Bangkok,Rajamangala Stadium,stadium,51560,70960,0.6881,68845,0.9702,12130551.00,176.20,Touring Data,reported,
SEVENTEEN,male,3,13,2016-05-26,"Pledis,HYBE",New_,world tour,end stage,2025-09-13,Sat,2025-09-14,Sun,2,Asia,South Korea,Incheon,Incheon Stadium,stadium,29376,50053,0.8519,50053,1.0000,5119587.00,102.28,Touring Data,reported,
SEVENTEEN,male,3,13,2016-05-26,"Pledis,HYBE",New_,world tour,end stage,2025-09-27,Sat,2025-09-28,Sun,2,Asia,Hong Kong,Hong Kong,Kai Tak Stadium,stadium,45995,79911,0.8687,71192,0.8909,16404529.00,230.43,Touring Data,reported,
SEVENTEEN,male,3,13,2016-05-26,"Pledis,HYBE",New_,world tour,end stage,2025-10-11,Sat,2025-10-11,Sat,1,North America,United States,Tacoma,Tacoma Dome,arena,21000,14222,0.6772,11319,0.7959,2112993.00,186.68,Touring Data,reported,
SEVENTEEN,male,3,13,2016-05-26,"Pledis,HYBE",New_,world tour,end stage,2025-10-16,Thu,2025-10-17,Fri,2,North America,United States,Los Angeles,BMO Stadium,stadium,22000,30280,0.6882,26734,0.8829,5784738.00,216.38,Touring Data,reported,
SEVENTEEN,male,3,13,2016-05-26,"Pledis,HYBE",New_,world tour,end stage,2025-10-21,Tue,2025-10-22,Wed,2,North America,United States,Austin,Moody Center,arena,16223,17757,0.5473,13220,0.7445,2238225.00,169.31,Touring Data,reported,
SEVENTEEN,male,3,13,2016-05-26,"Pledis,HYBE",New_,world tour,end stage,2025-10-26,Sun,2025-10-27,Mon,2,North America,United States,Sunrise,Amerant Bank Arena,arena,23000,18865,0.4101,15527,0.8231,2867731.00,184.69,Touring Data,reported,
SEVENTEEN,male,3,13,2016-05-26,"Pledis,HYBE",New_,world tour,end stage,2025-10-29,Wed,2025-10-30,Thu,2,North America,United States,Washington,Capital One Arena,arena,20356,23914,0.5874,18437,0.7710,3425012.00,185.77,Touring Data,reported,
SEVENTEEN,male,3,13,2016-05-26,"Pledis,HYBE",New_,world tour,end stage,2025-11-27,Thu,2025-11-30,Sun,3,Asia,Japan,Nagoya,Vantelin Dome,stadium,36418,,,,,,,,unreported,
SEVENTEEN,male,3,13,2016-05-26,"Pledis,HYBE",New_,world tour,end stage,2025-12-04,Thu,2025-12-07,Sun,3,Asia,Japan,Osaka,Kyocera Dome,stadium,55000,,,,,,,,unreported,
SEVENTEEN,male,3,13,2016-05-26,"Pledis,HYBE",New_,world tour,end stage,2025-12-11,Thu,2025-12-12,Fri,2,Asia,Japan,Tokyo,Tokyo Dome,stadium,55000,,,,,,,,unreported,
SEVENTEEN,male,3,13,2016-05-26,"Pledis,HYBE",New_,world tour,end stage,2025-12-20,Sat,2025-12-21,Sun,2,Asia,Japan,Fukuoka,PayPay Dome,stadium,47500,,,,,,,,unreported,
SEVENTEEN,male,3,13,2016-05-26,"Pledis,HYBE",New_,world tour,end stage,2026-02-28,Sat,2026-03-01,Sun,2,Asia,Hong Kong,Hong Kong,Kai Tak Stadium,stadium,45995,,,,,,,,unreported,
SEVENTEEN,male,3,13,2016-05-26,"Pledis,HYBE",New_,world tour,end stage,2026-03-07,Sat,2026-03-07,Sat,1,Asia,Singapore,Singapore,Singapore National Stadium,stadium,55000,,,,,,,,unreported,
SEVENTEEN,male,3,13,2016-05-26,"Pledis,HYBE",New_,world tour,end stage,2026-03-14,Sat,2026-03-15,Sun,2,Asia,Thailand,Bangkok,Suphachalasai Stadium,stadium,35000,,,,,,,,unreported,
SEVENTEEN,male,3,13,2016-05-26,"Pledis,HYBE",New_,world tour,end stage,2026-03-21,Sat,2026-03-21,Sat,1,Asia,Philippines,Bulacan,Philippine Sports Stadium,stadium,25000,,,,,,,,unreported,
SEVENTEEN,male,3,13,2016-05-26,"Pledis,HYBE",New_,world tour,end stage,2026-04-04,Sat,2026-04-05,Sun,2,Asia,South Korea,Incheon,Incheon Stadium,stadium,29376,,,,,,,,unreported,
Stray Kids,male,4,8,2018-03-25,JYP,Maniac,world tour,end stage,2022-04-29,Fri,2022-05-01,Sun,3,Asia,South Korea,Seoul,Jamsil Indoor Stadium,arena,11069,15693,0.4726,15693,1.0000,1499365.00,95.54,Touring Data,reported,
Stray Kids,male,4,8,2018-03-25,JYP,Maniac,world tour,end stage,2022-06-11,Sat,2022-06-12,Sun,2,Asia,Japan,Kobe,World Memorial Hall,arena,8000,12000,0.7500,12000,1.0000,1020754.00,85.06,Touring Data,reported,
Stray Kids,male,4,8,2018-03-25,JYP,Maniac,world tour,end stage,2022-06-18,Sat,2022-06-19,Sun,2,Asia,Japan,Tokyo,Yoyogi National Gymnasium,arena,12898,21580,0.8366,21580,1.0000,1821441.00,84.40,Touring Data,reported,
Stray Kids,male,4,8,2018-03-25,JYP,Maniac,world tour,end stage,2022-06-28,Tue,2022-06-29,Wed,2,North America,United States,Newark,Prudential Center,arena,17000,24186,0.7114,24186,1.0000,3525316.00,145.76,Touring Data,reported,
Stray Kids,male,4,8,2018-03-25,JYP,Maniac,world tour,end stage,2022-07-01,Fri,2022-07-01,Fri,1,North America,United States,Chicago,United Center,arena,23500,12718,0.5412,12718,1.0000,1828631.00,143.78,Touring Data,reported,
Stray Kids,male,4,8,2018-03-25,JYP,Maniac,world tour,end stage,2022-07-09,Sat,2022-07-10,Sun,2,North America,United States,Inglewood,Kia Forum,arena,17500,24920,0.7120,24920,1.0000,3515182.00,141.06,Touring Data,reported,
Stray Kids,male,4,8,2018-03-25,JYP,Maniac,world tour,end stage,2022-07-12,Tue,2022-07-12,Tue,1,North America,United States,Oakland,Oakland Arena,arena,19596,12507,0.6382,12507,1.0000,1273342.00,101.81,Touring Data,reported,
Stray Kids,male,4,8,2018-03-25,JYP,Maniac,world tour,end stage,2022-07-14,Thu,2022-07-15,Fri,2,North America,United States,Seattle,Climate Pledge Arena,arena,17200,23522,0.6838,23522,1.0000,3010437.00,127.98,Touring Data,reported,
Stray Kids,male,4,8,2018-03-25,JYP,Maniac,world tour,end stage,2022-07-19,Tue,2022-07-20,Wed,2,North America,United States,Anaheim,Honda Center,theater,10935,23689,1.0832,20026,0.8454,2725243.00,136.09,Touring Data,reported,
Stray Kids,male,4,8,2018-03-25,JYP,Maniac,world tour,end stage,2022-07-26,Tue,2022-07-27,Wed,2,Asia,Japan,Tokyo,Yoyogi National Gymnasium,arena,12898,21641,0.8389,21641,1.0000,1845079.00,85.26,Touring Data,reported,
Stray Kids,male,4,8,2018-03-25,JYP,Maniac,world tour,end stage,2022-09-17,Sat,2022-09-18,Sun,2,Asia,South Korea,Seoul,KSPO Dome,arena,15000,20231,0.6744,20231,1.0000,1759739.00,86.98,Touring Data,reported,
Stray Kids,male,4,8,2018-03-25,JYP,Maniac,world tour,end stage,2022-11-12,Sat,2022-11-13,Sun,2,Asia,Indonesia,Jakarta,Beach City International Stadium,arena,15000,16261,0.5420,15862,0.9755,2661926.00,167.82,Touring Data,reported,
Stray Kids,male,4,8,2018-03-25,JYP,Maniac,world tour,end stage,2023-02-02,Thu,2023-02-03,Fri,2,Asia,Thailand,Bangkok,IMPACT Arena,arena,12000,20817,0.8674,20817,1.0000,3480866.00,167.21,Touring Data,reported,
Stray Kids,male,4,8,2018-03-25,JYP,Maniac,world tour,end stage,2023-02-05,Sun,2023-02-05,Sun,1,Asia,Singapore,Singapore,Singapore Indoor Stadium,arena,9000,8813,0.9792,8813,1.0000,1517520.00,172.19,Touring Data,reported,
Stray Kids,male,4,8,2018-03-25,JYP,Maniac,world tour,end stage,2023-02-11,Sat,2023-02-12,Sun,2,Asia,Japan,Saitama,Saitama Super Arena,arena,22500,56862,1.2636,56862,1.0000,5110106.00,89.87,Touring Data,reported,
Stray Kids,male,4,8,2018-03-25,JYP,Maniac,world tour,end stage,2023-02-17,Fri,2023-02-18,Sat,2,Oceania,Australia,Melbourne,Rod Laver Arena,arena,14820,24536,0.8278,23139,0.9431,2599024.00,112.32,Touring Data,reported,
Stray Kids,male,4,8,2018-03-25,JYP,Maniac,world tour,end stage,2023-02-21,Tue,2023-02-22,Wed,2,Oceania,Australia,Sydney,Qudos Bank Arena,arena,18000,24685,0.6857,23897,0.9681,2809061.00,117.55,Touring Data,reported,
Stray Kids,male,4,8,2018-03-25,JYP,Maniac,world tour,end stage,2023-02-25,Sat,2023-02-26,Sun,2,Asia,Japan,Osaka,Kyocera Dome,stadium,55000,79331,0.7212,79331,1.0000,6905821.00,87.05,Touring Data,reported,
Stray Kids,male,4,8,2018-03-25,JYP,Maniac,world tour,end stage,2023-03-11,Sat,2023-03-12,Sun,2,Asia,Philippines,Pasay,SM Mall of Asia Arena,arena,15000,17629,0.5876,17629,1.0000,3039265.00,172.40,Touring Data,reported,
Stray Kids,male,4,8,2018-03-25,JYP,Maniac,world tour,end stage,2023-03-22,Wed,2023-03-23,Thu,2,North America,United States,Atlanta,State Farm Arena,arena,18000,23019,0.6394,23019,1.0000,2553505.00,110.93,Touring Data,reported,
Stray Kids,male,4,8,2018-03-25,JYP,Maniac,world tour,end stage,2023-03-26,Sun,2023-03-27,Mon,2,North America,United States,Fort Worth,Dickies Arena,arena,14000,22626,0.8081,22626,1.0000,2553994.00,112.88,Touring Data,reported,
Stray Kids,male,4,8,2018-03-25,JYP,Maniac,world tour,end stage,2023-03-31,Fri,2023-04-02,Sun,2,North America,United States,Los Angeles,BMO Stadium,stadium,22000,45380,1.0314,45380,1.0000,5735570.00,126.39,Touring Data,reported,
Stray Kids,male,4,8,2018-03-25,JYP,5-Star,dome tour,end stage,2023-08-16,Wed,2023-08-17,Thu,2,Asia,Japan,Fukuoka,PayPay Dome,stadium,47500,73789,0.7767,73789,1.0000,6341406.00,85.94,Touring Data,reported,
Stray Kids,male,4,8,2018-03-25,JYP,5-Star,dome tour,end stage,2023-09-02,Sat,2023-09-03,Sun,2,Asia,Japan,Nagoya,Vantelin Dome,stadium,36418,75516,1.0368,75516,1.0000,6481729.00,85.83,Touring Data,reported,
Stray Kids,male,4,8,2018-03-25,JYP,5-Star,dome tour,end stage,2023-09-09,Sat,2023-09-10,Sun,2,Asia,Japan,Osaka,Kyocera Dome,stadium,55000,77833,0.7076,77833,1.0000,6600627.00,84.80,Touring Data,reported,
Stray Kids,male,4,8,2018-03-25,JYP,5-Star,dome tour,end stage,2023-10-21,Sat,2023-10-22,Sun,2,Asia,South Korea,Seoul,Gocheok Sky Dome,stadium,16744,31267,0.9337,31267,1.0000,3304605.00,105.69,Touring Data,reported,
Stray Kids,male,4,8,2018-03-25,JYP,5-Star,dome tour,end stage,2023-10-28,Sat,2023-10-29,Sun,2,Asia,Japan,Tokyo,Tokyo Dome,stadium,55000,95371,0.8670,95371,1.0000,7956408.00,83.43,Touring Data,reported,
Stray Kids,male,4,8,2018-03-25,JYP,Dominate,world tour,end stage,2024-08-24,Sat,2024-09-01,Sun,4,Asia,South Korea,Seoul,KSPO Dome,arena,15000,40907,0.6818,40907,1.0000,4078504.00,99.70,Touring Data,reported,
Stray Kids,male,4,8,2018-03-25,JYP,Dominate,world tour,end stage,2024-09-28,Sat,2024-09-28,Sat,1,Asia,Singapore,Singapore,Singapore National Stadium,stadium,55000,36967,0.6721,31462,0.8511,5397239.00,171.55,Touring Data,reported,
Stray Kids,male,4,8,2018-03-25,JYP,Dominate,world tour,end stage,2024-10-19,Sat,2024-10-19,Sat,1,Oceania,Australia,Melbourne,Marvel Stadium,stadium,56347,30602,0.5431,27336,0.8933,3037891.00,111.13,Touring Data,reported,
Stray Kids,male,4,8,2018-03-25,JYP,Dominate,world tour,end stage,2024-10-26,Sat,2024-10-26,Sat,1,Oceania,Australia,Sydney,Allianz Stadium,stadium,42500,37725,0.8876,36589,0.9699,4350528.00,118.90,Touring Data,reported,
Stray Kids,male,4,8,2018-03-25,JYP,Dominate,world tour,end stage,2024-11-03,Sun,2024-11-03,Sun,1,Asia,Taiwan,Kaohsiung,National Stadium,stadium,55000,41273,0.7504,41273,1.0000,5165580.00,125.16,Touring Data,reported,
Stray Kids,male,4,8,2018-03-25,JYP,Dominate,world tour,end stage,2024-11-14,Thu,2024-11-17,Sun,3,Asia,Japan,Tokyo,Tokyo Dome,stadium,55000,143575,0.8702,143575,1.0000,13004095.00,90.57,Touring Data,reported,
Stray Kids,male,4,8,2018-03-25,JYP,Dominate,world tour,end stage,2024-11-23,Sat,2024-11-23,Sat,1,Asia,Philippines,Bulacan,Philippine Arena,arena,55000,29677,0.5396,23047,0.7766,3517604.00,152.63,Touring Data,reported,
Stray Kids,male,4,8,2018-03-25,JYP,Dominate,world tour,end stage,2024-11-29,Fri,2024-11-30,Sat,2,Asia,Macau,Macau,Galaxy Arena,arena,16000,21277,0.6649,21277,1.0000,3978613.00,186.99,Touring Data,reported,
Stray Kids,male,4,8,2018-03-25,JYP,Dominate,world tour,end stage,2024-12-05,Thu,2024-12-08,Sun,3,Asia,Japan,Osaka,Kyocera Dome,stadium,55000,114703,0.6952,114703,1.0000,10712933.00,93.40,Touring Data,reported,
Stray Kids,male,4,8,2018-03-25,JYP,Dominate,world tour,end stage,2024-12-14,Sat,2024-12-14,Sat,1,Asia,Thailand,Bangkok,Suphachalasai Stadium,stadium,35000,20600,0.5886,20600,1.0000,3019991.00,146.60,Touring Data,reported,
Stray Kids,male,4,8,2018-03-25,JYP,Dominate,world tour,end stage,2024-12-21,Sat,2024-12-21,Sat,1,Asia,Indonesia,Jakarta,Indonesia Arena,arena,16500,9726,0.5895,9726,1.0000,1794926.00,184.55,Touring Data,reported,
Stray Kids,male,4,8,2018-03-25,JYP,Dominate,world tour,end stage,2025-01-18,Sat,2025-01-19,Sun,2,Asia,Hong Kong,Hong Kong,AsiaWorld–Expo,arena,14000,20922,0.7472,20922,1.0000,3490375.00,166.83,Touring Data,reported,
Stray Kids,male,4,8,2018-03-25,JYP,Dominate,world tour,end stage,2025-03-27,Thu,2025-03-28,Fri,2,South America,Chile,Santiago,Estadio Bicentenario La Florida,stadium,25000,48229,0.9646,48229,1.0000,6104563.00,126.57,Touring Data,reported,
Stray Kids,male,4,8,2018-03-25,JYP,Dominate,world tour,end stage,2025-04-01,Tue,2025-04-01,Tue,1,South America,Brazil,Rio De Janeiro,Nilton Santos,stadium,70000,49063,0.7009,49063,1.0000,4759166.00,97.00,Touring Data,reported,
Stray Kids,male,4,8,2018-03-25,JYP,Dominate,world tour,end stage,2025-04-05,Sat,2025-04-06,Sun,2,South America,Brazil,São Paulo,MorumBIS,stadium,72039,110479,0.7668,110479,1.0000,10466995.00,94.74,Touring Data,reported,
Stray Kids,male,4,8,2018-03-25,JYP,Dominate,world tour,end stage,2025-04-09,Wed,2025-04-09,Wed,1,South America,Peru,Lima,Estadio San Marcos,stadium,32000,43806,1.3689,43806,1.0000,5424175.00,123.82,Touring Data,reported,
Stray Kids,male,4,8,2018-03-25,JYP,Dominate,world tour,end stage,2025-04-12,Sat,2025-04-13,Sun,2,North America,Mexico,Mexico City,Estadio GNP Seguros,stadium,65000,109963,0.8459,109963,1.0000,14363002.00,130.62,Touring Data,reported,
Stray Kids,male,4,8,2018-03-25,JYP,Dominate,world tour,end stage,2025-05-10,Sat,2025-05-18,Sun,4,Asia,Japan,Shizuoka,Shizuoka Stadium ECOPA,stadium,50889,207917,1.0214,207917,1.0000,20074993.00,96.55,Touring Data,reported,
Stray Kids,male,4,8,2018-03-25,JYP,Dominate,world tour,end stage,2025-05-24,Sat,2025-05-24,Sat,1,North America,United States,Seattle,T-Mobile Park,stadium,47368,41264,0.8711,41264,1.0000,6468738.00,156.76,Touring Data,reported,
Stray Kids,male,4,8,2018-03-25,JYP,Dominate,world tour,end stage,2025-05-28,Wed,2025-05-28,Wed,1,North America,United States,San Francisco,Oracle Park,stadium,45000,33403,0.7423,33403,1.0000,5760542.00,172.46,Touring Data,reported,
Stray Kids,male,4,8,2018-03-25,JYP,Dominate,world tour,end stage,2025-05-31,Sat,2025-06-01,Sun,2,North America,United States,Inglewood,SoFi Stadium,stadium,70240,79389,0.5651,79389,1.0000,12360682.00,155.70,Touring Data,reported,
Stray Kids,male,4,8,2018-03-25,JYP,Dominate,world tour,end stage,2025-06-06,Fri,2025-06-07,Sat,2,North America,United States,Arlington,Globe Life Field,stadium,40300,68253,0.8468,68253,1.0000,10312370.00,151.09,Touring Data,reported,
Stray Kids,male,4,8,2018-03-25,JYP,Dominate,world tour,end stage,2025-06-10,Tue,2025-06-10,Tue,1,North America,United States,Atlanta,Truist Park,stadium,41108,36732,0.8935,36732,1.0000,5584148.00,152.02,Touring Data,reported,
Stray Kids,male,4,8,2018-03-25,JYP,Dominate,world tour,end stage,2025-06-14,Sat,2025-06-14,Sat,1,North America,United States,Orlando,Camping World Stadium,stadium,60219,46766,0.7766,46766,1.0000,6999229.00,149.66,Touring Data,reported,
Stray Kids,male,4,8,2018-03-25,JYP,Dominate,world tour,end stage,2025-06-18,Wed,2025-06-19,Thu,2,North America,United States,New York,Citi Field,stadium,41922,63005,0.7515,63005,1.0000,10327827.00,163.92,Touring Data,reported,
Stray Kids,male,4,8,2018-03-25,JYP,Dominate,world tour,end stage,2025-06-23,Mon,2025-06-23,Mon,1,North America,United States,Washington,Nationals Park,stadium,41373,37095,0.8966,37095,1.0000,5633846.00,151.88,Touring Data,reported,
Stray Kids,male,4,8,2018-03-25,JYP,Dominate,world tour,end stage,2025-06-26,Thu,2025-06-26,Thu,1,North America,United States,Chicago,Wrigley Field,stadium,41649,35799,0.8595,35799,1.0000,5632001.00,157.32,Touring Data,reported,
Stray Kids,male,4,8,2018-03-25,JYP,Dominate,world tour,end stage,2025-06-29,Sun,2025-06-29,Sun,1,North America,Canada,Toronto,Rogers Stadium,stadium,50000,49745,0.9949,49745,1.0000,7107706.00,142.88,Touring Data,reported,
Stray Kids,male,4,8,2018-03-25,JYP,Dominate,world tour,end stage,2025-07-11,Fri,2025-07-11,Fri,1,Europe,Netherlands,Amsterdam,Johan Cruijff ArenA,stadium,71000,43788,0.6167,43788,1.0000,8208535.00,187.46,Touring Data,reported,
Stray Kids,male,4,8,2018-03-25,JYP,Dominate,world tour,end stage,2025-07-15,Tue,2025-07-15,Tue,1,Europe,Germany,Frankfurt,Deutsche Bank Park,stadium,65000,41631,0.6405,41631,1.0000,7231693.00,173.71,Touring Data,reported,
Stray Kids,male,4,8,2018-03-25,JYP,Dominate,world tour,end stage,2025-07-18,Fri,2025-07-19,Sat,2,Europe,England,London,Tottenham Hotspur Stadium,stadium,62850,89225,0.7098,89225,1.0000,15958942.00,178.86,Touring Data,reported,
Stray Kids,male,4,8,2018-03-25,JYP,Dominate,world tour,end stage,2025-07-22,Tue,2025-07-22,Tue,1,Europe,Spain,Madrid,Estadio Metropolitano,stadium,60000,49096,0.8183,49096,1.0000,9251687.00,188.44,Touring Data,reported,
Stray Kids,male,4,8,2018-03-25,JYP,Dominate,world tour,end stage,2025-07-22,Tue,2025-07-22,Tue,1,Europe,Spain,Madrid,Estadio Metropolitano,stadium,60000,,,,,,,,unreported,Unforeseen Circumstances
Stray Kids,male,4,8,2018-03-25,JYP,Dominate,world tour,end stage,2025-07-26,Sat,2025-07-27,Sun,2,Europe,France,Paris,Stade de France,stadium,81338,117382,0.7216,117382,1.0000,16938530.00,144.30,Touring Data,reported,
Stray Kids,male,4,8,2018-03-25,JYP,Dominate,world tour,end stage,2025-07-30,Wed,2025-07-30,Wed,1,Europe,Italy,Rome,Stadio Olimpico,stadium,70634,50374,0.7132,50374,1.0000,6772268.00,134.44,Touring Data,reported,
Stray Kids,male,4,8,2018-03-25,JYP,Dominate,world tour,end stage,2025-10-18,Sat,2025-10-19,Sun,2,Asia,South Korea,Incheon,Incheon Stadium,stadium,29376,,,,,,,,unreported,
The Boyz,male,4,10,2017-12-06,ONE HUNDRED,The Blaze World Tour,world tour,end stage,2025-08-08,Fri,2025-08-10,Sun,3,Asia,South Korea,Seoul,KSPO Dome,arena,15000,,,22987,,,,KOPIS,missing,
The Boyz,male,4,10,2017-12-06,ONE HUNDRED,The Blaze World Tour,world tour,end stage,2025-08-16,Sat,2025-08-17,Sun,2,Asia,Japan,Nagoya,Portmesse Nagoya,concert hall,15000,,,,,,,,unreported,
The Boyz,male,4,10,2017-12-06,ONE HUNDRED,The Blaze World Tour,world tour,end stage,2025-08-23,Sat,2025-08-24,Sun,2,Asia,Japan,Yokohama,Pia Arena MM,arena,12141,,,,,,,,unreported,
The Boyz,male,4,10,2017-12-06,ONE HUNDRED,The Blaze World Tour,world tour,end stage,2025-08-30,Sat,2025-08-31,Sun,2,Asia,Japan,Kobe,World Memorial Hall,arena,8000,,,,,,,,unreported,
The Boyz,male,4,10,2017-12-06,ONE HUNDRED,The Blaze World Tour,world tour,end stage,2025-09-12,Fri,2025-09-12,Fri,1,North America,United States,New York,The Theater,theater,5600,3359,0.5998,2020,0.6015,229911.00,113.82,Touring Data,reported,
The Boyz,male,4,10,2017-12-06,ONE HUNDRED,The Blaze World Tour,world tour,end stage,2025-09-14,Sun,2025-09-14,Sun,1,North America,United States,Chicago,Chicago Theatre,theater,3600,3552,0.9867,1116,0.3142,168758.00,151.22,Touring Data,reported,
The Boyz,male,4,10,2017-12-06,ONE HUNDRED,The Blaze World Tour,world tour,end stage,2025-09-16,Tue,2025-09-16,Tue,1,North America,United States,Atlanta,Center Stage Theater,theater,1050,3554,3.3848,564,0.1587,93737.00,166.20,Touring Data,reported,
The Boyz,male,4,10,2017-12-06,ONE HUNDRED,The Blaze World Tour,world tour,end stage,2025-09-19,Fri,2025-09-19,Fri,1,North America,United States,Oakland,Paramount Theatre,concert hall,3040,,,,,,,,unreported,Unforeseen Circumstances
The Boyz,male,4,10,2017-12-06,ONE HUNDRED,The Blaze World Tour,world tour,end stage,2025-09-21,Sun,2025-09-21,Sun,1,North America,United States,Los Angeles,Orpheum Theatre,theater,2000,1977,0.9885,1186,0.6002,187751.00,158.31,Touring Data,reported,
The Boyz,male,4,10,2017-12-06,ONE HUNDRED,The Blaze World Tour,world tour,end stage,2025-09-24,Wed,2025-09-24,Wed,1,North America,United States,Tacoma,Pantages Theater,theater,,3883,,787,0.2027,109644.00,139.32,Touring Data,reported,
The Boyz,male,4,10,2017-12-06,ONE HUNDRED,The Blaze World Tour,world tour,end stage,2025-10-04,Sat,2025-10-05,Sun,2,Asia,Japan,Tokyo,Keio Arena Tokyo,arena,10000,,,,,,,,unreported,
The Boyz,male,4,10,2017-12-06,ONE HUNDRED,The Blaze World Tour,world tour,end stage,2025-10-11,Sat,2025-10-11,Sat,1,Asia,Macau,Macau,Studio City,concert hall,,,,,,,,,unreported,Unforeseen Circumstances
The Boyz,male,4,10,2017-12-06,ONE HUNDRED,The Blaze World Tour,world tour,end stage,2025-10-18,Sat,2025-10-18,Sat,1,Asia,Malaysia,Kuala Lumpur,Idea Live Arena,concert hall,,,,,,,,,unreported,Unforeseen Circumstances
The Boyz,male,4,10,2017-12-06,ONE HUNDRED,The Blaze World Tour,world tour,end stage,2025-10-25,Sat,2025-10-25,Sat,1,Asia,Taiwan,Taoyuan,NTSU Arena,arena,15000,,,,,,,,unreported,Unforeseen Circumstances
The Boyz,male,4,10,2017-12-06,ONE HUNDRED,The Blaze World Tour,world tour,end stage,2025-11-01,Sat,2025-11-01,Sat,1,Asia,Thailand,Bangkok,Idea Live,concert hall,8000,,,,,,,,unreported,Unforeseen Circumstances
The Boyz,male,4,10,2017-12-06,ONE HUNDRED,The Blaze World Tour,world tour,end stage,2025-11-08,Sat,2025-11-08,Sat,1,Asia,Indonesia,Tangerang,ICE BSD,concert hall,,,,,,,,,unreported,
TOMORROW X TOGETHER,male,4,5,2019-03-04,"Bighit,HYBE",Act: Lovesick,world tour,end stage,2022-07-02,Sat,2022-07-03,Sun,2,Asia,South Korea,Seoul,Jamsil Indoor Stadium,arena,11069,10267,0.4638,10267,1.0000,1031699.00,100.49,Touring Data,reported,
TOMORROW X TOGETHER,male,4,5,2019-03-04,"Bighit,HYBE",Act: Lovesick,world tour,end stage,2022-07-07,Thu,2022-07-07,Thu,1,North America,United States,Rosemont,Rosemont Theatre,theater,4400,4340,0.9864,4340,1.0000,667923.00,153.90,Touring Data,reported,
TOMORROW X TOGETHER,male,4,5,2019-03-04,"Bighit,HYBE",Act: Lovesick,world tour,end stage,2022-07-09,Sat,2022-07-09,Sat,1,North America,United States,New York,The Theater,theater,5600,5239,0.9355,5239,1.0000,739695.00,141.19,Touring Data,reported,
TOMORROW X TOGETHER,male,4,5,2019-03-04,"Bighit,HYBE",Act: Lovesick,world tour,end stage,2022-07-12,Tue,2022-07-12,Tue,1,North America,United States,Atlanta,Fox Theatre,theater,4665,4509,0.9666,4509,1.0000,647193.00,143.53,Touring Data,reported,
TOMORROW X TOGETHER,male,4,5,2019-03-04,"Bighit,HYBE",Act: Lovesick,world tour,end stage,2022-07-14,Thu,2022-07-14,Thu,1,North America,United States,Grand Prairie,Texas Trust CU Theatre,concert hall,6350,6202,0.9767,6202,1.0000,744240.00,120.00,Touring Data,reported,
TOMORROW X TOGETHER,male,4,5,2019-03-04,"Bighit,HYBE",Act: Lovesick,world tour,end stage,2022-07-17,Sun,2022-07-17,Sun,1,North America,United States,Sugar Land,Smart Financial Centre,concert hall,6400,6250,0.9766,6250,1.0000,778228.00,124.52,Touring Data,reported,
TOMORROW X TOGETHER,male,4,5,2019-03-04,"Bighit,HYBE",Act: Lovesick,world tour,end stage,2022-07-21,Thu,2022-07-21,Thu,1,North America,United States,San Francisco,Bill Graham Civic Auditorium,arena,8500,5168,0.6080,5168,1.0000,726426.00,140.56,Touring Data,reported,
TOMORROW X TOGETHER,male,4,5,2019-03-04,"Bighit,HYBE",Act: Lovesick,world tour,end stage,2022-07-23,Sat,2022-07-24,Sun,2,North America,United States,Los Angeles,Peacock Theater,arena,7100,13562,0.9551,13562,1.0000,1941090.00,143.13,Touring Data,reported,
TOMORROW X TOGETHER,male,4,5,2019-03-04,"Bighit,HYBE",Act: Lovesick,world tour,end stage,2022-09-03,Sat,2022-09-04,Sun,2,Asia,Japan,Osaka,Ookini Arena Maishima,arena,7056,12117,0.8586,12117,1.0000,874424.00,72.17,Touring Data,reported,
TOMORROW X TOGETHER,male,4,5,2019-03-04,"Bighit,HYBE",Act: Lovesick,world tour,end stage,2022-09-08,Thu,2022-09-09,Fri,2,Asia,Japan,Chiba,Makuhari Messe,arena,,12290,,12290,1.0000,883146.00,71.86,Touring Data,reported,
TOMORROW X TOGETHER,male,4,5,2019-03-04,"Bighit,HYBE",Act: Lovesick,world tour,end stage,2022-10-12,Wed,2022-10-12,Wed,1,Asia,Indonesia,Tangerang,ICE BSD,concert hall,,6067,,6067,1.0000,1012025.00,166.81,Touring Data,reported,
TOMORROW X TOGETHER,male,4,5,2019-03-04,"Bighit,HYBE",Act: Lovesick,world tour,end stage,2022-10-22,Sat,2022-10-23,Sun,2,Asia,Philippines,Pasay,SM Mall of Asia Arena,arena,15000,15999,0.5333,15999,1.0000,2914713.00,182.18,Touring Data,reported,
TOMORROW X TOGETHER,male,4,5,2019-03-04,"Bighit,HYBE",Act: Lovesick,world tour,end stage,2022-10-27,Thu,2022-10-28,Fri,2,Asia,Thailand,Bangkok,IMPACT Arena,arena,12000,8588,0.3578,8588,1.0000,1239528.00,144.33,Touring Data,reported,
TOMORROW X TOGETHER,male,4,5,2019-03-04,"Bighit,HYBE",Act: Sweet Mirage,world tour,end stage,2023-03-25,Sat,2023-03-26,Sun,2,Asia,South Korea,Seoul,KSPO Dome,arena,15000,21445,0.7148,21445,1.0000,2460263.00,114.72,Touring Data,reported,
TOMORROW X TOGETHER,male,4,5,2019-03-04,"Bighit,HYBE",Act: Sweet Mirage,world tour,end stage,2023-04-01,Sat,2023-04-01,Sat,1,Asia,Singapore,Singapore,Singapore Indoor Stadium,arena,9000,7830,0.8700,7830,1.0000,1638463.00,209.25,Touring Data,reported,
TOMORROW X TOGETHER,male,4,5,2019-03-04,"Bighit,HYBE",Act: Sweet Mirage,world tour,end stage,2023-04-04,Tue,2023-04-05,Wed,2,Asia,Taiwan,Taipei,Nangang Exhibition Center,concert hall,,16042,,16042,1.0000,2683356.00,167.27,Touring Data,reported,
TOMORROW X TOGETHER,male,4,5,2019-03-04,"Bighit,HYBE",Act: Sweet Mirage,world tour,end stage,2023-04-14,Fri,2023-04-15,Sat,2,Asia,Japan,Osaka,Asue Arena,arena,16000,17204,0.5376,17204,1.0000,1729151.00,100.51,Touring Data,reported,
TOMORROW X TOGETHER,male,4,5,2019-03-04,"Bighit,HYBE",Act: Sweet Mirage,world tour,end stage,2023-04-18,Tue,2023-04-19,Wed,2,Asia,Japan,Saitama,Saitama Super Arena,arena,22500,40390,0.8976,40390,1.0000,3808158.00,94.28,Touring Data,reported,
TOMORROW X TOGETHER,male,4,5,2019-03-04,"Bighit,HYBE",Act: Sweet Mirage,world tour,end stage,2023-04-25,Tue,2023-04-26,Wed,2,Asia,Japan,Yokohama,Yokohama Arena,arena,17000,22497,0.6617,22497,1.0000,2138380.00,95.05,Touring Data,reported,
TOMORROW X TOGETHER,male,4,5,2019-03-04,"Bighit,HYBE",Act: Sweet Mirage,world tour,end stage,2023-04-29,Sat,2023-04-30,Sun,2,Asia,Japan,Nagoya,Portmesse Nagoya,concert hall,15000,27234,0.9078,27234,1.0000,2567417.00,94.27,Touring Data,reported,
TOMORROW X TOGETHER,male,4,5,2019-03-04,"Bighit,HYBE",Act: Sweet Mirage,world tour,end stage,2023-05-06,Sat,2023-05-06,Sat,1,North America,United States,Charlotte,Spectrum Center,arena,18504,12662,0.6843,12662,1.0000,1815180.00,143.36,Touring Data,reported,
TOMORROW X TOGETHER,male,4,5,2019-03-04,"Bighit,HYBE",Act: Sweet Mirage,world tour,end stage,2023-05-09,Tue,2023-05-10,Wed,2,North America,United States,New York,UBS Arena,arena,19000,22506,0.5923,22506,1.0000,3007000.00,133.61,Touring Data,reported,
TOMORROW X TOGETHER,male,4,5,2019-03-04,"Bighit,HYBE",Act: Sweet Mirage,world tour,end stage,2023-05-16,Tue,2023-05-16,Tue,1,North America,United States,Washington,Capital One Arena,arena,20356,12073,0.5931,12073,1.0000,1813778.00,150.23,Touring Data,reported,
TOMORROW X TOGETHER,male,4,5,2019-03-04,"Bighit,HYBE",Act: Sweet Mirage,world tour,end stage,2023-05-19,Fri,2023-05-20,Sat,2,North America,United States,Duluth,Gas South Arena,arena,13100,19054,0.7273,17804,0.9344,2645964.00,148.62,Touring Data,reported,
TOMORROW X TOGETHER,male,4,5,2019-03-04,"Bighit,HYBE",Act: Sweet Mirage,world tour,end stage,2023-05-23,Tue,2023-05-24,Wed,2,North America,United States,San Antonio,Frost Bank Center,arena,19000,24456,0.6436,24456,1.0000,3386859.00,138.49,Touring Data,reported,
TOMORROW X TOGETHER,male,4,5,2019-03-04,"Bighit,HYBE",Act: Sweet Mirage,world tour,end stage,2023-05-27,Sat,2023-05-28,Sun,2,North America,United States,Los Angeles,BMO Stadium,stadium,22000,46757,1.0627,46757,1.0000,7535828.00,161.17,Touring Data,reported,
TOMORROW X TOGETHER,male,4,5,2019-03-04,"Bighit,HYBE",Act: Sweet Mirage,world tour,end stage,2023-07-01,Sat,2023-07-02,Sun,2,Asia,Japan,Osaka,Kyocera Dome,stadium,55000,71757,0.6523,71757,1.0000,6558855.00,91.40,Touring Data,reported,
TOMORROW X TOGETHER,male,4,5,2019-03-04,"Bighit,HYBE",Act: Sweet Mirage,world tour,end stage,2023-08-09,Wed,2023-08-09,Wed,1,Asia,Indonesia,Jakarta,Beach City International Stadium,arena,15000,7997,0.5331,7231,0.9043,1159708.00,160.38,Touring Data,reported,
TOMORROW X TOGETHER,male,4,5,2019-03-04,"Bighit,HYBE",Act: Sweet Mirage,world tour,end stage,2023-08-13,Sun,2023-08-13,Sun,1,Asia,Philippines,Bulacan,Philippine Arena,arena,55000,17424,0.3168,10886,0.6248,1720917.00,158.09,Touring Data,reported,
TOMORROW X TOGETHER,male,4,5,2019-03-04,"Bighit,HYBE",Act: Sweet Mirage,world tour,end stage,2023-12-02,Sat,2023-12-03,Sun,2,Asia,South Korea,Seoul,Gocheok Sky Dome,stadium,16744,33099,0.9884,25042,0.7566,3078189.00,122.92,Touring Data,reported,
TOMORROW X TOGETHER,male,4,5,2019-03-04,"Bighit,HYBE",Act: Promise,world tour,end stage,2024-05-03,Fri,2024-05-05,Sun,3,Asia,South Korea,Seoul,KSPO Dome,arena,15000,32316,0.7181,32125,0.9941,3537642.00,110.12,Touring Data,reported,
TOMORROW X TOGETHER,male,4,5,2019-03-04,"Bighit,HYBE",Act: Promise,world tour,end stage,2024-05-14,Tue,2024-05-14,Tue,1,North America,United States,Tacoma,Tacoma Dome,arena,21000,13484,0.6421,10691,0.7929,1807004.00,169.02,Touring Data,reported,
TOMORROW X TOGETHER,male,4,5,2019-03-04,"Bighit,HYBE",Act: Promise,world tour,end stage,2024-05-18,Sat,2024-05-18,Sat,1,North America,United States,Oakland,Oakland Coliseum,stadium,64829,20894,0.3223,15662,0.7496,2837321.00,181.16,Touring Data,reported,
TOMORROW X TOGETHER,male,4,5,2019-03-04,"Bighit,HYBE",Act: Promise,world tour,end stage,2024-05-21,Tue,2024-05-22,Wed,2,North America,United States,Los Angeles,Crypto.com Arena,stadium,20000,23849,0.5962,23849,1.0000,4153681.00,174.17,Touring Data,reported,
TOMORROW X TOGETHER,male,4,5,2019-03-04,"Bighit,HYBE",Act: Promise,world tour,end stage,2024-05-26,Sun,2024-05-26,Sun,1,North America,United States,Houston,Minute Maid Park,stadium,41168,28179,0.6845,21734,0.7713,3614273.00,166.30,Touring Data,reported,
TOMORROW X TOGETHER,male,4,5,2019-03-04,"Bighit,HYBE",Act: Promise,world tour,end stage,2024-05-29,Wed,2024-05-29,Wed,1,North America,United States,Atlanta,State Farm Arena,arena,18000,10072,0.5596,10072,1.0000,1777934.00,176.52,Touring Data,reported,
TOMORROW X TOGETHER,male,4,5,2019-03-04,"Bighit,HYBE",Act: Promise,world tour,end stage,2024-06-01,Sat,2024-06-02,Sun,2,North America,United States,New York,The Theater,theater,5600,24775,2.2121,24775,1.0000,3940542.00,159.05,Touring Data,reported,
TOMORROW X TOGETHER,male,4,5,2019-03-04,"Bighit,HYBE",Act: Promise,world tour,end stage,2024-06-05,Wed,2024-06-06,Thu,2,North America,United States,Rosemont,Allstate Arena,arena,22000,22509,0.5116,21446,0.9528,3482960.00,162.41,Touring Data,reported,
TOMORROW X TOGETHER,male,4,5,2019-03-04,"Bighit,HYBE",Act: Promise,world tour,end stage,2024-06-08,Sat,2024-06-08,Sat,1,North America,United States,Washington,Capital One Arena,arena,20356,13169,0.6469,13169,1.0000,2187415.00,166.10,Touring Data,reported,
TOMORROW X TOGETHER,male,4,5,2019-03-04,"Bighit,HYBE",Act: Promise,world tour,end stage,2024-07-10,Wed,2024-07-11,Thu,2,Asia,Japan,Tokyo,Tokyo Dome,stadium,55000,76762,0.6978,71611,0.9329,6411978.00,89.54,Touring Data,reported,
TOMORROW X TOGETHER,male,4,5,2019-03-04,"Bighit,HYBE",Act: Promise,world tour,end stage,2024-07-27,Sat,2024-07-28,Sun,2,Asia,Japan,Osaka,Kyocera Dome,stadium,55000,55545,0.5050,53645,0.9658,5088545.00,94.86,Touring Data,reported,
TOMORROW X TOGETHER,male,4,5,2019-03-04,"Bighit,HYBE",Act: Promise,world tour,end stage,2024-08-04,Sun,2024-08-05,Mon,2,Asia,Japan,Nagoya,Vantelin Dome,stadium,36418,50371,0.6916,46054,0.9143,4634118.00,100.62,Touring Data,reported,
TOMORROW X TOGETHER,male,4,5,2019-03-04,"Bighit,HYBE",Act: Promise,world tour,end stage,2024-08-30,Fri,2024-08-31,Sat,2,Asia,Macau,Macau,Galaxy Arena,arena,16000,21293,0.6654,21293,1.0000,4516751.00,212.12,Touring Data,reported,
TOMORROW X TOGETHER,male,4,5,2019-03-04,"Bighit,HYBE",Act: Promise,world tour,end stage,2024-09-07,Sat,2024-09-07,Sat,1,Asia,Singapore,Singapore,Singapore Indoor Stadium,arena,9000,8183,0.9092,8183,1.0000,1670152.00,204.10,Touring Data,reported,
TOMORROW X TOGETHER,male,4,5,2019-03-04,"Bighit,HYBE",Act: Promise,world tour,end stage,2024-09-14,Sat,2024-09-15,Sun,2,Asia,Japan,Fukuoka,PayPay Dome,stadium,47500,58567,0.6165,54074,0.9233,5400843.00,99.88,Touring Data,reported,
TOMORROW X TOGETHER,male,4,5,2019-03-04,"Bighit,HYBE",Act: Promise,world tour,end stage,2024-10-02,Wed,2024-10-02,Wed,1,Asia,Indonesia,Tangerang,ICE BSD,concert hall,,5226,,4593,0.8789,793759.00,172.82,Touring Data,reported,
TOMORROW X TOGETHER,male,4,5,2019-03-04,"Bighit,HYBE",Act: Promise,world tour,end stage,2024-10-05,Sat,2024-10-06,Sun,2,Asia,Taiwan,Taoyuan,NTSU Arena,arena,15000,18160,0.6053,18160,1.0000,3188916.00,175.60,Touring Data,reported,
TOMORROW X TOGETHER,male,4,5,2019-03-04,"Bighit,HYBE",Act: Promise,world tour,end stage,2024-11-01,Fri,2024-11-03,Sun,3,Asia,South Korea,Seoul,KSPO Dome,arena,15000,31582,0.7018,31582,1.0000,3471876.00,109.93,Touring Data,reported,
TOMORROW X TOGETHER,male,4,5,2019-03-04,"Bighit,HYBE",Act: Promise,world tour,end stage,2024-11-30,Sat,2024-12-01,Sun,2,Asia,Japan,Osaka,Kyocera Dome,stadium,55000,75477,0.6862,73748,0.9771,7042144.00,95.49,Touring Data,reported,
TOMORROW X TOGETHER,male,4,5,2019-03-04,"Bighit,HYBE",Act: Promise,world tour,end stage,2025-03-07,Fri,2025-03-09,Sun,3,Asia,South Korea,Incheon,Inspire Arena,arena,15000,25293,0.5621,24625,0.9736,2608180.00,105.92,Touring Data,reported,
TOMORROW X TOGETHER,male,4,5,2019-03-04,"Bighit,HYBE",Act: Promise,world tour,end stage,2025-03-12,Wed,2025-03-13,Thu,2,Asia,Japan,Yokohama,K-Arena Yokohama,arena,20000,36000,0.9000,36000,1.0000,3552228.00,98.67,Touring Data,reported,
TOMORROW X TOGETHER,male,4,5,2019-03-04,"Bighit,HYBE",Act: Promise,world tour,end stage,2025-03-20,Thu,2025-03-20,Thu,1,Europe,Spain,Barcelona,Palau Sant Jordi,arena,17960,12796,0.7125,10453,0.8169,1514495.00,144.89,Touring Data,reported,
TOMORROW X TOGETHER,male,4,5,2019-03-04,"Bighit,HYBE",Act: Promise,world tour,end stage,2025-03-25,Tue,2025-03-25,Tue,1,Europe,England,London,The O2 Arena,arena,20000,16988,0.8494,15581,0.9172,2618852.00,168.08,Touring Data,reported,
TOMORROW X TOGETHER,male,4,5,2019-03-04,"Bighit,HYBE",Act: Promise,world tour,end stage,2025-03-27,Thu,2025-03-27,Thu,1,Europe,Germany,Berlin,Uber Arena,arena,17000,13019,0.7658,11951,0.9180,1899405.00,158.93,Touring Data,reported,
TOMORROW X TOGETHER,male,4,5,2019-03-04,"Bighit,HYBE",Act: Promise,world tour,end stage,2025-03-30,Sun,2025-03-30,Sun,1,Europe,France,Paris,Accor Arena,arena,20300,14272,0.7031,14153,0.9917,2115584.00,149.48,Touring Data,reported,
TOMORROW X TOGETHER,male,4,5,2019-03-04,"Bighit,HYBE",Act: Promise,world tour,end stage,2025-04-01,Tue,2025-04-01,Tue,1,Europe,Netherlands,Amsterdam,Ziggo Dome,arena,17000,14031,0.8254,13055,0.9305,1915508.00,146.73,Touring Data,reported,
TOMORROW X TOGETHER,male,4,5,2019-03-04,"Bighit,HYBE",Act: Promise,world tour,end stage,2025-04-12,Sat,2025-04-13,Sun,2,Asia,Japan,Kagawa,Anabuki Arena,arena,,14546,,14546,1.0000,1794970.00,123.40,Touring Data,reported,
TOMORROW X TOGETHER,male,4,5,2019-03-04,"Bighit,HYBE",Act: Promise,world tour,end stage,2025-04-25,Fri,2025-04-26,Sat,2,Asia,Japan,Nagoya,Aichi Sky Expo,concert hall,10000,17028,0.8514,16992,0.9979,2080897.00,122.46,Touring Data,reported,
TOMORROW X TOGETHER,male,4,5,2019-03-04,"Bighit,HYBE",Act: Promise,world tour,end stage,2025-04-29,Tue,2025-04-30,Wed,2,Asia,Japan,Fukuoka,Marine Messe,arena,15000,26250,0.8750,26250,1.0000,3015285.00,114.87,Touring Data,reported,
TOMORROW X TOGETHER,male,4,5,2019-03-04,"Bighit,HYBE",Act: Promise,world tour,end stage,2025-05-09,Fri,2025-05-11,Sun,3,Asia,Macau,Macau,Galaxy Arena,arena,16000,31365,0.6534,31365,1.0000,6665925.00,212.53,Touring Data,reported,
TOMORROW X TOGETHER,male,4,5,2019-03-04,"Bighit,HYBE",Act: Promise,world tour,end stage,2025-05-17,Sat,2025-05-18,Sun,2,Asia,Japan,Osaka,Asue Arena,arena,16000,15472,0.4835,15246,0.9854,1837739.00,120.54,Touring Data,reported,
TOMORROW X TOGETHER,male,4,5,2019-03-04,"Bighit,HYBE",Act: Promise,world tour,end stage,2025-05-24,Sat,2025-05-25,Sun,2,Asia,Japan,Tokyo,Ariake Arena,arena,15000,22848,0.7616,22848,1.0000,2307813.00,101.01,Touring Data,reported,
TOMORROW X TOGETHER,male,4,5,2019-03-04,"Bighit,HYBE",Act: Tomorrow,world tour,end stage,2025-08-22,Fri,2025-08-23,Sat,2,Asia,South Korea,Seoul,Gocheok Sky Dome,stadium,16744,31319,0.9352,30599,0.9770,2111067.00,68.99,Touring Data,reported,
TOMORROW X TOGETHER,male,4,5,2019-03-04,"Bighit,HYBE",Act: Tomorrow,world tour,end stage,2025-09-09,Tue,2025-09-09,Tue,1,North America,United States,San Jose,SAP Center,arena,19190,10877,0.5668,10119,0.9303,1842778.00,182.11,Touring Data,reported,
TOMORROW X TOGETHER,male,4,5,2019-03-04,"Bighit,HYBE",Act: Tomorrow,world tour,end stage,2025-09-12,Fri,2025-09-12,Fri,1,North America,United States,Los Angeles,BMO Stadium,stadium,22000,20830,0.9468,16987,0.8155,3216539.00,189.35,Touring Data,reported,
TOMORROW X TOGETHER,male,4,5,2019-03-04,"Bighit,HYBE",Act: Tomorrow,world tour,end stage,2025-09-16,Tue,2025-09-16,Tue,1,North America,United States,Dallas,American Airlines Center,arena,21000,11886,0.5660,10193,0.8576,1996552.00,195.87,Touring Data,reported,
TOMORROW X TOGETHER,male,4,5,2019-03-04,"Bighit,HYBE",Act: Tomorrow,world tour,end stage,2025-09-21,Sun,2025-09-22,Mon,2,North America,United States,Rosemont,Allstate Arena,arena,22000,23153,0.5262,16466,0.7112,2761474.00,167.71,Touring Data,reported,
TOMORROW X TOGETHER,male,4,5,2019-03-04,"Bighit,HYBE",Act: Tomorrow,world tour,end stage,2025-09-25,Thu,2025-09-25,Thu,1,North America,United States,Atlanta,State Farm Arena,arena,18000,10170,0.5650,9753,0.9590,1577310.00,161.73,Touring Data,reported,
TOMORROW X TOGETHER,male,4,5,2019-03-04,"Bighit,HYBE",Act: Tomorrow,world tour,end stage,2025-09-28,Sun,2025-09-28,Sun,1,North America,United States,Washington,Capital One Arena,arena,20356,12357,0.6070,10018,0.8107,1826049.00,182.28,Touring Data,reported,
TOMORROW X TOGETHER,male,4,5,2019-03-04,"Bighit,HYBE",Act: Tomorrow,world tour,end stage,2025-10-01,Wed,2025-10-02,Thu,2,North America,United States,Newark,Prudential Center,arena,17000,22318,0.6564,18656,0.8359,3402343.00,182.37,Touring Data,reported,
TOMORROW X TOGETHER,male,4,5,2019-03-04,"Bighit,HYBE",Act: Tomorrow,world tour,end stage,2025-11-15,Sat,2025-11-16,Sun,2,Asia,Japan,Saitama,Belluna Dome,stadium,31552,66902,1.0602,59061,0.8828,6341844.00,107.38,Touring Data,reported,
TOMORROW X TOGETHER,male,4,5,2019-03-04,"Bighit,HYBE",Act: Tomorrow,world tour,end stage,2025-12-06,Sat,2025-12-07,Sun,2,Asia,Japan,Nagoya,Vantelin Dome,stadium,36418,75754,1.0401,66209,0.8740,6928612.00,104.65,Touring Data,reported,
TOMORROW X TOGETHER,male,4,5,2019-03-04,"Bighit,HYBE",Act: Tomorrow,world tour,end stage,2025-12-27,Sat,2025-12-28,Sun,2,Asia,Japan,Fukuoka,PayPay Dome,stadium,47500,63208,0.6653,49062,0.7762,5318956.00,108.41,Touring Data,reported,
TOMORROW X TOGETHER,male,4,5,2019-03-04,"Bighit,HYBE",Act: Tomorrow,world tour,end stage,2026-01-09,Fri,2026-01-11,Sun,3,Asia,Hong Kong,Hong Kong,AsiaWorld–Expo,arena,14000,,,,,,,Touring Data,reported,
TOMORROW X TOGETHER,male,4,5,2019-03-04,"Bighit,HYBE",Act: Tomorrow,world tour,end stage,2026-01-17,Sat,2026-01-18,Sun,2,Asia,Singapore,Singapore,Singapore Indoor Stadium,arena,9000,,,,,,,Touring Data,reported,
TOMORROW X TOGETHER,male,4,5,2019-03-04,"Bighit,HYBE",Act: Tomorrow,world tour,end stage,2026-01-21,Wed,2026-01-22,Thu,2,Asia,Japan,Tokyo,Tokyo Dome,stadium,55000,,,,,,,Touring Data,reported,
TOMORROW X TOGETHER,male,4,5,2019-03-04,"Bighit,HYBE",Act: Tomorrow,world tour,end stage,2026-01-31,Sat,2026-02-01,Sun,2,Asia,Taiwan,Taipei,Taipei Dome,stadium,59833,,,,,,,Touring Data,reported,
TOMORROW X TOGETHER,male,4,5,2019-03-04,"Bighit,HYBE",Act: Tomorrow,world tour,end stage,2026-02-07,Sat,2026-02-08,Sun,2,Asia,Japan,Osaka,Kyocera Dome,stadium,55000,,,,,,,Touring Data,reported,
TOMORROW X TOGETHER,male,4,5,2019-03-04,"Bighit,HYBE",Act: Tomorrow,world tour,end stage,2026-02-14,Sat,2026-02-14,Sat,1,Asia,Malaysia,Kuala Lumpur,Unifi Arena,arena,11000,,,,,,,Touring Data,reported,